district,province,indicator_id,indicator,value,se,ci_low,ci_high,unit,year,source,table,status
Nyarugenge,Kigali City,calc_establishments_per_1000_adults,"Establishments per 1,000 adults (2023 census / 2024 adults)",86.6452,,,,"per 1,000 adults",2023/24,IMBONIX calculation,ec_establishments / proj_adults_16plus_2024,calculated
Nyarugenge,Kigali City,calc_rssb_members_per_100_adults,RSSB active members per 100 adults (formal-sector pension reach proxy),62.5602,,,,per 100 adults,2024,IMBONIX calculation,rssb_active_members / proj_adults_16plus_2024,calculated
Nyarugenge,Kigali City,cbhi_registrations,Mutuelle de Sante (CBHI) registrations,243052.0,,,,persons,2024/25,NISR Statistical Yearbook 2025 (RSSB data),Table 12.2.9,observed
Nyarugenge,Kigali City,census_electricity,Households with access to electricity (%),92.9,,,,%,2022,NISR RPHC5 Main Indicators (tables),Table 74,observed
Nyarugenge,Kigali City,census_female_headed_hh,Households headed by women (%),25.4,,,,%,2022,NISR RPHC5 Main Indicators (tables),Table 59,observed
Nyarugenge,Kigali City,census_hh_mobile_phone,Households with a member owning a mobile phone (%),92.8,,,,%,2022,NISR RPHC5 Main Indicators (tables),Table 25,observed
Nyarugenge,Kigali City,census_internet_use_16plus,"Used the internet, age 16+ (%)",44.1,,,,%,2022,NISR RPHC5 Main Indicators (tables),Table 21,observed
Nyarugenge,Kigali City,census_medical_insurance,Population with medical insurance (%),95.6,,,,%,2022,NISR RPHC5 Main Indicators (tables),Table 28,observed
Nyarugenge,Kigali City,census_moderately_poor,"Moderately poor, census non-monetary measure (% of people)",7.0,,,,%,2022,NISR RPHC5 Non-Monetary Poverty report,Table 4.2,observed
Nyarugenge,Kigali City,census_mpi,"Multidimensional Poverty Index (M0), census",0.038,,,,index 0-1,2022,NISR RPHC5 Non-Monetary Poverty report,Table 7.2,observed
Nyarugenge,Kigali City,census_mpi_headcount,"Multidimensional poverty headcount, census (% of people)",9.0,,,,%,2022,NISR RPHC5 Non-Monetary Poverty report,Table 7.2,observed
Nyarugenge,Kigali City,census_nonpoor,"Non-poor, census non-monetary measure (% of people)",78.9,,,,%,2022,NISR RPHC5 Non-Monetary Poverty report,Table 4.2,observed
Nyarugenge,Kigali City,census_population,Resident population,374319.0,,,,persons,2022,NISR RPHC5 Main Indicators (tables),Table 1,observed
Nyarugenge,Kigali City,census_severely_poor,"Severely poor, census non-monetary measure (% of people)",2.0,,,,%,2022,NISR RPHC5 Non-Monetary Poverty report,Table 4.2,observed
Nyarugenge,Kigali City,census_vulnerable,"Vulnerable, census non-monetary measure (% of people)",12.0,,,,%,2022,NISR RPHC5 Non-Monetary Poverty report,Table 4.2,observed
Nyarugenge,Kigali City,cfsva_fcs_borderline,Households with borderline food consumption (%),13.0,,,,% of households,2024,WFP/MINAGRI/NISR CFSVA 2024 report,Figure 7.3 (chart labels),observed
Nyarugenge,Kigali City,cfsva_fcs_poor,Households with poor food consumption (%),1.0,,,,% of households,2024,WFP/MINAGRI/NISR CFSVA 2024 report,Figure 7.3 (chart labels),observed
Nyarugenge,Kigali City,cfsva_hazard_any,Households affected by a natural hazard in the 12 months before the survey (%),20.0,,,,% of households,2024,WFP/MINAGRI/NISR CFSVA 2024 report,"Figure 8.4 (bar heights digitized, about +/-1 point)",observed
Nyarugenge,Kigali City,cfsva_hazard_drought,Households affected mainly by drought (%),16.0,,,,% of households,2024,WFP/MINAGRI/NISR CFSVA 2024 report,"Figure 8.4 (bar heights digitized, about +/-1 point)",observed
Nyarugenge,Kigali City,cfsva_hazard_floods,Households affected mainly by floods or heavy rains (%),1.0,,,,% of households,2024,WFP/MINAGRI/NISR CFSVA 2024 report,"Figure 8.4 (bar heights digitized, about +/-1 point)",observed
Nyarugenge,Kigali City,cfsva_hazard_landslides,Households affected mainly by landslides (%),3.0,,,,% of households,2024,WFP/MINAGRI/NISR CFSVA 2024 report,"Figure 8.4 (bar heights digitized, about +/-1 point)",observed
Nyarugenge,Kigali City,cfsva_inadequate_food_consumption,Households with inadequate (poor or borderline) food consumption (%),14.0,,,,% of households,2024,WFP/MINAGRI/NISR CFSVA 2024 report,Figure 7.3 (sum of rounded chart labels),calculated
Nyarugenge,Kigali City,dhs_severe_stunting,Severely stunted children under 5 (below -3 SD) (%),1.9,,,,% of children under 5,2025,NISR Rwanda DHS 2025 final report,Table D.4,observed
Nyarugenge,Kigali City,dhs_stunting,Stunted children under 5 (height-for-age below -2 SD) (%),8.7,,,,% of children under 5,2025,NISR Rwanda DHS 2025 final report,Table D.4,observed
Nyarugenge,Kigali City,dhs_underweight,Underweight children under 5 (weight-for-age below -2 SD) (%),5.0,,,,% of children under 5,2025,NISR Rwanda DHS 2025 final report,Table D.4,observed
Nyarugenge,Kigali City,dhs_wasting,Wasted children under 5 (weight-for-height below -2 SD) (%),0.5,,,,% of children under 5,2025,NISR Rwanda DHS 2025 final report,Table D.4,observed
Nyarugenge,Kigali City,ec_establishments,Establishments (all institutional sectors),22704.0,,,,count,2023,NISR Establishment Census 2023 (tables),Table 2.1.4,observed
Nyarugenge,Kigali City,ec_informal_employment_share,Informal employment in establishments (% of workers),33.4932,,,,%,2023,NISR Establishment Census 2023 (tables),Table 3. 18 (informal / total counts),calculated
Nyarugenge,Kigali City,ec_informal_enterprises_share,Informal enterprises (% of enterprises),80.1762,,,,%,2023,NISR Establishment Census 2023 (tables),Table 3. 10 (informal / total counts),calculated
Nyarugenge,Kigali City,eicv7_electricity_lighting,Households lit mainly by electricity (%),94.7493,0.929023190468763,92.92703930555281,96.57147628083062,%,2023/24,NISR EICV7 Main Indicators Report (tables),Table A5.14,observed
Nyarugenge,Kigali City,eicv7_health_insurance,Has health insurance (% of people),81.7646,1.7985448238992683,78.23689904979302,85.29235614188742,%,2023/24,NISR EICV7 Main Indicators Report (tables),Table A3.7,observed
Nyarugenge,Kigali City,eicv7_hh_mobile_phone,Households owning any mobile phone (%),94.0582,1.167405557875645,91.76843873639086,96.34801869081596,%,2023/24,NISR EICV7 Main Indicators Report (tables),Table A5.18,observed
Nyarugenge,Kigali City,eicv7_hh_sending_transfers,Households sending transfers to other households (%),89.5015,1.580321413308131,86.40180626390365,92.60120133882894,%,2023/24,NISR EICV7 Main Indicators Report (tables),Table A8.22,observed
Nyarugenge,Kigali City,eicv7_hh_smartphone,Households owning a smartphone (%),68.96,2.6047489959700503,63.85092489644794,74.06901595124833,%,2023/24,NISR EICV7 Main Indicators Report (tables),Table A5.19,observed
Nyarugenge,Kigali City,eicv7_improved_sanitation,Households using improved sanitation (%),100.0,4.29897396131021e-15,99.99999999999977,99.9999999999998,%,2023/24,NISR EICV7 Main Indicators Report (tables),Table A5.17,observed
Nyarugenge,Kigali City,eicv7_improved_water,Households using improved drinking water (%),99.4008,0.3838964640940541,98.64780667274931,100.153782500669,%,2023/24,NISR EICV7 Main Indicators Report (tables),Table A5.16,observed
Nyarugenge,Kigali City,eicv7_internet_home,Households with internet access at home (%),65.6529,2.5773238746389033,60.59765551183781,70.70816138765005,%,2023/24,NISR EICV7 Main Indicators Report (tables),Table A5.15,observed
Nyarugenge,Kigali City,eicv7_metal_roof,Households with metal-sheet roof (%),99.5931,0.2346187214995414,99.13288039071459,100.0532590771647,%,2023/24,NISR EICV7 Main Indicators Report (tables),Table A5.13,observed
Nyarugenge,Kigali City,eicv7_poverty_rate,Poverty headcount (% of people),6.7999,1.2026866468360777,4.440938559360773,9.158921630580622,%,2023/24,NISR EICV7 Main Indicators Report (tables),Table A9.23,observed
Nyarugenge,Kigali City,eicv7_umudugudu,Households living in umudugudu (%),17.7886,2.6889411006104065,12.514425422175407,23.062791137851534,%,2023/24,NISR EICV7 Main Indicators Report (tables),Table A5.12,observed
Nyarugenge,Kigali City,eicv7_workforce_ratio,Workforce-to-population ratio (%),73.0787,1.2342214323917828,70.65784529710422,75.49953522480058,%,2023/24,NISR EICV7 Main Indicators Report (tables),Table A6.20,observed
Nyarugenge,Kigali City,finscope2020_banked_incl_otc,"Adults using bank services, incl. over-the-counter users without an own account (%). Not comparable with finscope_banked",78.0,,,,% of adults 16+,2020,NISR/AFR FinScope 2020 report,Figure 17 (banked by district),observed
Nyarugenge,Kigali City,finscope_banked,Banked adults (%),59.0,,,,% of adults 16+,2024,NISR/AFR FinScope 2024 report,Figure 13 (district access strand),observed
Nyarugenge,Kigali City,finscope_formally_included,Formally included adults (banked + other formal) (%),99.0,,,,% of adults 16+,2024,NISR/AFR FinScope 2024 report,Figure 13 (district access strand),calculated
Nyarugenge,Kigali City,finscope_not_formally_included,Adults not formally included: informal only or excluded (%),1.0,,,,% of adults 16+,2024,NISR/AFR FinScope 2024 report,Figure 13 (district access strand); 100 - banked - other formal,calculated
Nyarugenge,Kigali City,finscope_other_formal_only,"Formal non-bank only, e.g. mobile money / SACCO (%)",40.0,,,,% of adults 16+,2024,NISR/AFR FinScope 2024 report,Figure 13 (district access strand),observed
Nyarugenge,Kigali City,lfs_employment_ratio,Employment-to-population ratio (%),65.7079,1.0517691108132565,63.64437834106098,67.77137936120974,%,2025,NISR LFS 2025 annual (standard errors annex),Annex EPR,observed
Nyarugenge,Kigali City,lfs_labour_underutilisation,Labour underutilisation rate (%),37.5575,1.4558066491699548,34.7013527576506,40.41374292436515,%,2025,NISR LFS 2025 annual (standard errors annex),Annex LUUR,observed
Nyarugenge,Kigali City,lfs_median_monthly_earnings,Median monthly earnings at main job,80000.0,,,,RWF,2025,NISR LFS 2025 annual tables,Tables 21-25,observed
Nyarugenge,Kigali City,lfs_neet_youth,"Youth (16-30) not in employment, education or training (%)",19.4153,1.4563708087781106,16.557990753448518,22.272594606850053,%,2025,NISR LFS 2025 annual (standard errors annex),Annex NEET,observed
Nyarugenge,Kigali City,lfs_outside_labour_force,Population outside the labour force (%),24.9809,1.0244619697141644,22.971017270695043,26.9908687292008,%,2025,NISR LFS 2025 annual (standard errors annex),Annex POLR,observed
Nyarugenge,Kigali City,lfs_participation_rate,Labour force participation rate (%),75.0191,1.0244619697141646,73.00913127079922,77.02898272930496,%,2025,NISR LFS 2025 annual (standard errors annex),Annex LFPR,observed
Nyarugenge,Kigali City,lfs_unemployment_rate,Unemployment rate (%),12.4118,0.7619748896130012,10.916806786577078,13.906694124425451,%,2025,NISR LFS 2025 annual (standard errors annex),Annex UR,observed
Nyarugenge,Kigali City,proj_adults_16plus_2024,Projected adults aged 16+ (2024),262034.0,,,,persons,2024,NISR subnational population projections 2023-2032,single-age tables,projection
Nyarugenge,Kigali City,proj_adults_16plus_2026,Projected adults aged 16+ (2026),274111.0,,,,persons,2026,NISR subnational population projections 2023-2032,single-age tables,projection
Nyarugenge,Kigali City,proj_women_16plus_2024,Projected women aged 16+ (2024),121834.0,,,,persons,2024,NISR subnational population projections 2023-2032,single-age tables,projection
Nyarugenge,Kigali City,proj_women_16plus_2026,Projected women aged 16+ (2026),127388.0,,,,persons,2026,NISR subnational population projections 2023-2032,single-age tables,projection
Nyarugenge,Kigali City,proj_youth_16_30_2024,Projected youth aged 16-30 (2024),126951.0,,,,persons,2024,NISR subnational population projections 2023-2032,single-age tables,projection
Nyarugenge,Kigali City,proj_youth_16_30_2026,Projected youth aged 16-30 (2026),128867.0,,,,persons,2026,NISR subnational population projections 2023-2032,single-age tables,projection
Nyarugenge,Kigali City,rssb_active_members,RSSB active (contributing) members,163929.0,,,,persons,2023/24,NISR Statistical Yearbook 2025 (RSSB data),Table 12.2.3,observed
Gasabo,Kigali City,calc_establishments_per_1000_adults,"Establishments per 1,000 adults (2023 census / 2024 adults)",40.6559,,,,"per 1,000 adults",2023/24,IMBONIX calculation,ec_establishments / proj_adults_16plus_2024,calculated
Gasabo,Kigali City,calc_excluded_adults_2024,"Financially excluded adults, approx. (FinScope rate x 2024 projection)",6176.22,,,,persons,2024,IMBONIX calculation,finscope_excluded x proj_adults_16plus_2024,calculated
Gasabo,Kigali City,calc_informal_only_adults_2024,"Adults relying on informal finance only, approx.",12352.44,,,,persons,2024,IMBONIX calculation,finscope_informal_only x proj_adults_16plus_2024,calculated
Gasabo,Kigali City,calc_rssb_members_per_100_adults,RSSB active members per 100 adults (formal-sector pension reach proxy),44.4312,,,,per 100 adults,2024,IMBONIX calculation,rssb_active_members / proj_adults_16plus_2024,calculated
Gasabo,Kigali City,cbhi_registrations,Mutuelle de Sante (CBHI) registrations,489434.0,,,,persons,2024/25,NISR Statistical Yearbook 2025 (RSSB data),Table 12.2.9,observed
Gasabo,Kigali City,census_electricity,Households with access to electricity (%),86.5,,,,%,2022,NISR RPHC5 Main Indicators (tables),Table 74,observed
Gasabo,Kigali City,census_female_headed_hh,Households headed by women (%),23.6,,,,%,2022,NISR RPHC5 Main Indicators (tables),Table 59,observed
Gasabo,Kigali City,census_hh_mobile_phone,Households with a member owning a mobile phone (%),91.3,,,,%,2022,NISR RPHC5 Main Indicators (tables),Table 25,observed
Gasabo,Kigali City,census_internet_use_16plus,"Used the internet, age 16+ (%)",40.8,,,,%,2022,NISR RPHC5 Main Indicators (tables),Table 21,observed
Gasabo,Kigali City,census_medical_insurance,Population with medical insurance (%),96.4,,,,%,2022,NISR RPHC5 Main Indicators (tables),Table 28,observed
Gasabo,Kigali City,census_moderately_poor,"Moderately poor, census non-monetary measure (% of people)",8.6,,,,%,2022,NISR RPHC5 Non-Monetary Poverty report,Table 4.2,observed
Gasabo,Kigali City,census_mpi,"Multidimensional Poverty Index (M0), census",0.047,,,,index 0-1,2022,NISR RPHC5 Non-Monetary Poverty report,Table 7.2,observed
Gasabo,Kigali City,census_mpi_headcount,"Multidimensional poverty headcount, census (% of people)",11.2,,,,%,2022,NISR RPHC5 Non-Monetary Poverty report,Table 7.2,observed
Gasabo,Kigali City,census_nonpoor,"Non-poor, census non-monetary measure (% of people)",76.4,,,,%,2022,NISR RPHC5 Non-Monetary Poverty report,Table 4.2,observed
Gasabo,Kigali City,census_population,Resident population,879505.0,,,,persons,2022,NISR RPHC5 Main Indicators (tables),Table 1,observed
Gasabo,Kigali City,census_severely_poor,"Severely poor, census non-monetary measure (% of people)",2.5,,,,%,2022,NISR RPHC5 Non-Monetary Poverty report,Table 4.2,observed
Gasabo,Kigali City,census_vulnerable,"Vulnerable, census non-monetary measure (% of people)",12.4,,,,%,2022,NISR RPHC5 Non-Monetary Poverty report,Table 4.2,observed
Gasabo,Kigali City,cfsva_fcs_borderline,Households with borderline food consumption (%),7.0,,,,% of households,2024,WFP/MINAGRI/NISR CFSVA 2024 report,Figure 7.3 (chart labels),observed
Gasabo,Kigali City,cfsva_fcs_poor,Households with poor food consumption (%),1.0,,,,% of households,2024,WFP/MINAGRI/NISR CFSVA 2024 report,Figure 7.3 (chart labels),observed
Gasabo,Kigali City,cfsva_hazard_any,Households affected by a natural hazard in the 12 months before the survey (%),16.0,,,,% of households,2024,WFP/MINAGRI/NISR CFSVA 2024 report,"Figure 8.4 (bar heights digitized, about +/-1 point)",observed
Gasabo,Kigali City,cfsva_hazard_drought,Households affected mainly by drought (%),8.0,,,,% of households,2024,WFP/MINAGRI/NISR CFSVA 2024 report,"Figure 8.4 (bar heights digitized, about +/-1 point)",observed
Gasabo,Kigali City,cfsva_hazard_floods,Households affected mainly by floods or heavy rains (%),7.0,,,,% of households,2024,WFP/MINAGRI/NISR CFSVA 2024 report,"Figure 8.4 (bar heights digitized, about +/-1 point)",observed
Gasabo,Kigali City,cfsva_hazard_landslides,Households affected mainly by landslides (%),0.0,,,,% of households,2024,WFP/MINAGRI/NISR CFSVA 2024 report,"Figure 8.4 (bar heights digitized, about +/-1 point)",observed
Gasabo,Kigali City,cfsva_inadequate_food_consumption,Households with inadequate (poor or borderline) food consumption (%),8.0,,,,% of households,2024,WFP/MINAGRI/NISR CFSVA 2024 report,Figure 7.3 (sum of rounded chart labels),calculated
Gasabo,Kigali City,dhs_severe_stunting,Severely stunted children under 5 (below -3 SD) (%),2.6,,,,% of children under 5,2025,NISR Rwanda DHS 2025 final report,Table D.4,observed
Gasabo,Kigali City,dhs_stunting,Stunted children under 5 (height-for-age below -2 SD) (%),16.0,,,,% of children under 5,2025,NISR Rwanda DHS 2025 final report,Table D.4,observed
Gasabo,Kigali City,dhs_underweight,Underweight children under 5 (weight-for-age below -2 SD) (%),6.4,,,,% of children under 5,2025,NISR Rwanda DHS 2025 final report,Table D.4,observed
Gasabo,Kigali City,dhs_wasting,Wasted children under 5 (weight-for-height below -2 SD) (%),0.8,,,,% of children under 5,2025,NISR Rwanda DHS 2025 final report,Table D.4,observed
Gasabo,Kigali City,ec_establishments,Establishments (all institutional sectors),25110.0,,,,count,2023,NISR Establishment Census 2023 (tables),Table 2.1.4,observed
Gasabo,Kigali City,ec_informal_employment_share,Informal employment in establishments (% of workers),27.6205,,,,%,2023,NISR Establishment Census 2023 (tables),Table 3. 18 (informal / total counts),calculated
Gasabo,Kigali City,ec_informal_enterprises_share,Informal enterprises (% of enterprises),81.1125,,,,%,2023,NISR Establishment Census 2023 (tables),Table 3. 10 (informal / total counts),calculated
Gasabo,Kigali City,eicv7_electricity_lighting,Households lit mainly by electricity (%),88.7159,1.5567198175367356,85.66245820613075,91.76926729484246,%,2023/24,NISR EICV7 Main Indicators Report (tables),Table A5.14,observed
Gasabo,Kigali City,eicv7_health_insurance,Has health insurance (% of people),86.2534,1.7964095232332549,82.72981725627572,89.7768978419703,%,2023/24,NISR EICV7 Main Indicators Report (tables),Table A3.7,observed
Gasabo,Kigali City,eicv7_hh_mobile_phone,Households owning any mobile phone (%),96.5086,0.6846114230838964,95.16581601357521,97.85145745889326,%,2023/24,NISR EICV7 Main Indicators Report (tables),Table A5.18,observed
Gasabo,Kigali City,eicv7_hh_sending_transfers,Households sending transfers to other households (%),68.4681,2.0589934434993395,64.42949832127256,72.50666142584187,%,2023/24,NISR EICV7 Main Indicators Report (tables),Table A8.22,observed
Gasabo,Kigali City,eicv7_hh_smartphone,Households owning a smartphone (%),66.9533,2.5748466555151124,61.90293007684624,72.00371814468207,%,2023/24,NISR EICV7 Main Indicators Report (tables),Table A5.19,observed
Gasabo,Kigali City,eicv7_improved_sanitation,Households using improved sanitation (%),98.9197,0.4847301347470812,97.96897155566968,99.87050474044658,%,2023/24,NISR EICV7 Main Indicators Report (tables),Table A5.17,observed
Gasabo,Kigali City,eicv7_improved_water,Households using improved drinking water (%),96.2672,1.3787685267050571,93.5628796933376,98.97160904544108,%,2023/24,NISR EICV7 Main Indicators Report (tables),Table A5.16,observed
Gasabo,Kigali City,eicv7_internet_home,Households with internet access at home (%),63.6729,2.931508133949804,57.92292575096984,69.42285034521335,%,2023/24,NISR EICV7 Main Indicators Report (tables),Table A5.15,observed
Gasabo,Kigali City,eicv7_metal_roof,Households with metal-sheet roof (%),97.9423,0.8935728888321113,96.18959764248088,99.69496770167429,%,2023/24,NISR EICV7 Main Indicators Report (tables),Table A5.13,observed
Gasabo,Kigali City,eicv7_poverty_rate,Poverty headcount (% of people),11.0587,1.8465393123645137,7.436834973971214,14.680568193256823,%,2023/24,NISR EICV7 Main Indicators Report (tables),Table A9.23,observed
Gasabo,Kigali City,eicv7_umudugudu,Households living in umudugudu (%),27.9902,3.2037399314476676,21.706272582059803,34.27412706096738,%,2023/24,NISR EICV7 Main Indicators Report (tables),Table A5.12,observed
Gasabo,Kigali City,eicv7_workforce_ratio,Workforce-to-population ratio (%),74.0293,1.1914309002455505,71.69237180993414,76.36620005328777,%,2023/24,NISR EICV7 Main Indicators Report (tables),Table A6.20,observed
Gasabo,Kigali City,finscope2020_banked_incl_otc,"Adults using bank services, incl. over-the-counter users without an own account (%). Not comparable with finscope_banked",80.0,,,,% of adults 16+,2020,NISR/AFR FinScope 2020 report,Figure 17 (banked by district),observed
Gasabo,Kigali City,finscope_banked,Banked adults (%),51.0,,,,% of adults 16+,2024,NISR/AFR FinScope 2024 report,Figure 13 (district access strand),observed
Gasabo,Kigali City,finscope_excluded,Financially excluded adults (%),1.0,,,,% of adults 16+,2024,NISR/AFR FinScope 2024 report,Figure 13 (district access strand),observed
Gasabo,Kigali City,finscope_formally_included,Formally included adults (banked + other formal) (%),97.0,,,,% of adults 16+,2024,NISR/AFR FinScope 2024 report,Figure 13 (district access strand),calculated
Gasabo,Kigali City,finscope_informal_only,Informal only (%),2.0,,,,% of adults 16+,2024,NISR/AFR FinScope 2024 report,Figure 13 (district access strand),observed
Gasabo,Kigali City,finscope_not_formally_included,Adults not formally included: informal only or excluded (%),3.0,,,,% of adults 16+,2024,NISR/AFR FinScope 2024 report,Figure 13 (district access strand); 100 - banked - other formal,calculated
Gasabo,Kigali City,finscope_other_formal_only,"Formal non-bank only, e.g. mobile money / SACCO (%)",46.0,,,,% of adults 16+,2024,NISR/AFR FinScope 2024 report,Figure 13 (district access strand),observed
Gasabo,Kigali City,lfs_employment_ratio,Employment-to-population ratio (%),63.7593,1.8314764870310998,60.16606037434478,67.35252863305926,%,2025,NISR LFS 2025 annual (standard errors annex),Annex EPR,observed
Gasabo,Kigali City,lfs_labour_underutilisation,Labour underutilisation rate (%),42.1045,2.234564348643919,37.720394741511726,46.488525742536055,%,2025,NISR LFS 2025 annual (standard errors annex),Annex LUUR,observed
Gasabo,Kigali City,lfs_median_monthly_earnings,Median monthly earnings at main job,80000.0,,,,RWF,2025,NISR LFS 2025 annual tables,Tables 21-25,observed
Gasabo,Kigali City,lfs_neet_youth,"Youth (16-30) not in employment, education or training (%)",21.2616,1.643755803509975,18.036637764546924,24.48651522169692,%,2025,NISR LFS 2025 annual (standard errors annex),Annex NEET,observed
Gasabo,Kigali City,lfs_outside_labour_force,Population outside the labour force (%),28.2199,1.9077958969944795,24.476891445389654,31.962826839559824,%,2025,NISR LFS 2025 annual (standard errors annex),Annex POLR,observed
Gasabo,Kigali City,lfs_participation_rate,Labour force participation rate (%),71.7801,1.9077958969944795,68.03717316044018,75.52310855461033,%,2025,NISR LFS 2025 annual (standard errors annex),Annex LFPR,observed
Gasabo,Kigali City,lfs_unemployment_rate,Unemployment rate (%),11.1742,0.8360725470436443,9.533867558264973,12.814504172416434,%,2025,NISR LFS 2025 annual (standard errors annex),Annex UR,observed
Gasabo,Kigali City,proj_adults_16plus_2024,Projected adults aged 16+ (2024),617622.0,,,,persons,2024,NISR subnational population projections 2023-2032,single-age tables,projection
Gasabo,Kigali City,proj_adults_16plus_2026,Projected adults aged 16+ (2026),676813.0,,,,persons,2026,NISR subnational population projections 2023-2032,single-age tables,projection
Gasabo,Kigali City,proj_women_16plus_2024,Projected women aged 16+ (2024),306136.0,,,,persons,2024,NISR subnational population projections 2023-2032,single-age tables,projection
Gasabo,Kigali City,proj_women_16plus_2026,Projected women aged 16+ (2026),337607.0,,,,persons,2026,NISR subnational population projections 2023-2032,single-age tables,projection
Gasabo,Kigali City,proj_youth_16_30_2024,Projected youth aged 16-30 (2024),296762.0,,,,persons,2024,NISR subnational population projections 2023-2032,single-age tables,projection
Gasabo,Kigali City,proj_youth_16_30_2026,Projected youth aged 16-30 (2026),315946.0,,,,persons,2026,NISR subnational population projections 2023-2032,single-age tables,projection
Gasabo,Kigali City,rssb_active_members,RSSB active (contributing) members,274417.0,,,,persons,2023/24,NISR Statistical Yearbook 2025 (RSSB data),Table 12.2.3,observed
Kicukiro,Kigali City,calc_establishments_per_1000_adults,"Establishments per 1,000 adults (2023 census / 2024 adults)",47.3994,,,,"per 1,000 adults",2023/24,IMBONIX calculation,ec_establishments / proj_adults_16plus_2024,calculated
Kicukiro,Kigali City,calc_excluded_adults_2024,"Financially excluded adults, approx. (FinScope rate x 2024 projection)",7202.62,,,,persons,2024,IMBONIX calculation,finscope_excluded x proj_adults_16plus_2024,calculated
Kicukiro,Kigali City,calc_informal_only_adults_2024,"Adults relying on informal finance only, approx.",7202.62,,,,persons,2024,IMBONIX calculation,finscope_informal_only x proj_adults_16plus_2024,calculated
Kicukiro,Kigali City,calc_rssb_members_per_100_adults,RSSB active members per 100 adults (formal-sector pension reach proxy),20.6553,,,,per 100 adults,2024,IMBONIX calculation,rssb_active_members / proj_adults_16plus_2024,calculated
Kicukiro,Kigali City,cbhi_registrations,Mutuelle de Sante (CBHI) registrations,256878.0,,,,persons,2024/25,NISR Statistical Yearbook 2025 (RSSB data),Table 12.2.9,observed
Kicukiro,Kigali City,census_electricity,Households with access to electricity (%),92.9,,,,%,2022,NISR RPHC5 Main Indicators (tables),Table 74,observed
Kicukiro,Kigali City,census_female_headed_hh,Households headed by women (%),23.7,,,,%,2022,NISR RPHC5 Main Indicators (tables),Table 59,observed
Kicukiro,Kigali City,census_hh_mobile_phone,Households with a member owning a mobile phone (%),94.3,,,,%,2022,NISR RPHC5 Main Indicators (tables),Table 25,observed
Kicukiro,Kigali City,census_internet_use_16plus,"Used the internet, age 16+ (%)",52.5,,,,%,2022,NISR RPHC5 Main Indicators (tables),Table 21,observed
Kicukiro,Kigali City,census_medical_insurance,Population with medical insurance (%),95.9,,,,%,2022,NISR RPHC5 Main Indicators (tables),Table 28,observed
Kicukiro,Kigali City,census_moderately_poor,"Moderately poor, census non-monetary measure (% of people)",5.3,,,,%,2022,NISR RPHC5 Non-Monetary Poverty report,Table 4.2,observed
Kicukiro,Kigali City,census_mpi,"Multidimensional Poverty Index (M0), census",0.028,,,,index 0-1,2022,NISR RPHC5 Non-Monetary Poverty report,Table 7.2,observed
Kicukiro,Kigali City,census_mpi_headcount,"Multidimensional poverty headcount, census (% of people)",6.7,,,,%,2022,NISR RPHC5 Non-Monetary Poverty report,Table 7.2,observed
Kicukiro,Kigali City,census_nonpoor,"Non-poor, census non-monetary measure (% of people)",83.4,,,,%,2022,NISR RPHC5 Non-Monetary Poverty report,Table 4.2,observed
Kicukiro,Kigali City,census_population,Resident population,491731.0,,,,persons,2022,NISR RPHC5 Main Indicators (tables),Table 1,observed
Kicukiro,Kigali City,census_severely_poor,"Severely poor, census non-monetary measure (% of people)",1.4,,,,%,2022,NISR RPHC5 Non-Monetary Poverty report,Table 4.2,observed
Kicukiro,Kigali City,census_vulnerable,"Vulnerable, census non-monetary measure (% of people)",9.9,,,,%,2022,NISR RPHC5 Non-Monetary Poverty report,Table 4.2,observed
Kicukiro,Kigali City,cfsva_fcs_borderline,Households with borderline food consumption (%),3.0,,,,% of households,2024,WFP/MINAGRI/NISR CFSVA 2024 report,Figure 7.3 (chart labels),observed
Kicukiro,Kigali City,cfsva_fcs_poor,Households with poor food consumption (%),0.0,,,,% of households,2024,WFP/MINAGRI/NISR CFSVA 2024 report,Figure 7.3 (chart labels),observed
Kicukiro,Kigali City,cfsva_hazard_any,Households affected by a natural hazard in the 12 months before the survey (%),17.0,,,,% of households,2024,WFP/MINAGRI/NISR CFSVA 2024 report,"Figure 8.4 (bar heights digitized, about +/-1 point)",observed
Kicukiro,Kigali City,cfsva_hazard_drought,Households affected mainly by drought (%),8.0,,,,% of households,2024,WFP/MINAGRI/NISR CFSVA 2024 report,"Figure 8.4 (bar heights digitized, about +/-1 point)",observed
Kicukiro,Kigali City,cfsva_hazard_floods,Households affected mainly by floods or heavy rains (%),7.0,,,,% of households,2024,WFP/MINAGRI/NISR CFSVA 2024 report,"Figure 8.4 (bar heights digitized, about +/-1 point)",observed
Kicukiro,Kigali City,cfsva_hazard_landslides,Households affected mainly by landslides (%),0.0,,,,% of households,2024,WFP/MINAGRI/NISR CFSVA 2024 report,"Figure 8.4 (bar heights digitized, about +/-1 point)",observed
Kicukiro,Kigali City,cfsva_inadequate_food_consumption,Households with inadequate (poor or borderline) food consumption (%),3.0,,,,% of households,2024,WFP/MINAGRI/NISR CFSVA 2024 report,Figure 7.3 (sum of rounded chart labels),calculated
Kicukiro,Kigali City,dhs_severe_stunting,Severely stunted children under 5 (below -3 SD) (%),0.7,,,,% of children under 5,2025,NISR Rwanda DHS 2025 final report,Table D.4,observed
Kicukiro,Kigali City,dhs_stunting,Stunted children under 5 (height-for-age below -2 SD) (%),14.3,,,,% of children under 5,2025,NISR Rwanda DHS 2025 final report,Table D.4,observed
Kicukiro,Kigali City,dhs_underweight,Underweight children under 5 (weight-for-age below -2 SD) (%),3.2,,,,% of children under 5,2025,NISR Rwanda DHS 2025 final report,Table D.4,observed
Kicukiro,Kigali City,dhs_wasting,Wasted children under 5 (weight-for-height below -2 SD) (%),1.2,,,,% of children under 5,2025,NISR Rwanda DHS 2025 final report,Table D.4,observed
Kicukiro,Kigali City,ec_establishments,Establishments (all institutional sectors),17070.0,,,,count,2023,NISR Establishment Census 2023 (tables),Table 2.1.4,observed
Kicukiro,Kigali City,ec_informal_employment_share,Informal employment in establishments (% of workers),30.75,,,,%,2023,NISR Establishment Census 2023 (tables),Table 3. 18 (informal / total counts),calculated
Kicukiro,Kigali City,ec_informal_enterprises_share,Informal enterprises (% of enterprises),81.8943,,,,%,2023,NISR Establishment Census 2023 (tables),Table 3. 10 (informal / total counts),calculated
Kicukiro,Kigali City,eicv7_electricity_lighting,Households lit mainly by electricity (%),94.7404,0.9373889816025519,92.90175794492697,96.57901282921742,%,2023/24,NISR EICV7 Main Indicators Report (tables),Table A5.14,observed
Kicukiro,Kigali City,eicv7_health_insurance,Has health insurance (% of people),82.0751,1.9890455485069236,78.17372837596517,85.97649499886583,%,2023/24,NISR EICV7 Main Indicators Report (tables),Table A3.7,observed
Kicukiro,Kigali City,eicv7_hh_mobile_phone,Households owning any mobile phone (%),97.6315,0.7441208836343252,96.1719412115786,99.09103051980671,%,2023/24,NISR EICV7 Main Indicators Report (tables),Table A5.18,observed
Kicukiro,Kigali City,eicv7_hh_sending_transfers,Households sending transfers to other households (%),74.6928,2.2226151304111244,70.3332997237453,79.05232939510908,%,2023/24,NISR EICV7 Main Indicators Report (tables),Table A8.22,observed
Kicukiro,Kigali City,eicv7_hh_smartphone,Households owning a smartphone (%),73.6584,2.578750212732138,68.60037976328707,78.71648097766519,%,2023/24,NISR EICV7 Main Indicators Report (tables),Table A5.19,observed
Kicukiro,Kigali City,eicv7_improved_sanitation,Households using improved sanitation (%),100.0,4.95399253485124e-15,100.00000000000024,100.00000000000027,%,2023/24,NISR EICV7 Main Indicators Report (tables),Table A5.17,observed
Kicukiro,Kigali City,eicv7_improved_water,Households using improved drinking water (%),99.6613,0.21211991634986588,99.24526370837955,100.07738251259178,%,2023/24,NISR EICV7 Main Indicators Report (tables),Table A5.16,observed
Kicukiro,Kigali City,eicv7_internet_home,Households with internet access at home (%),70.3222,2.605762045274749,65.21118048402973,75.43324559930751,%,2023/24,NISR EICV7 Main Indicators Report (tables),Table A5.15,observed
Kicukiro,Kigali City,eicv7_metal_roof,Households with metal-sheet roof (%),99.0273,0.6333616742686998,97.785005031649,100.26960038740543,%,2023/24,NISR EICV7 Main Indicators Report (tables),Table A5.13,observed
Kicukiro,Kigali City,eicv7_poverty_rate,Poverty headcount (% of people),6.9251,1.3370090751048411,4.302595159950926,9.547507622400262,%,2023/24,NISR EICV7 Main Indicators Report (tables),Table A9.23,observed
Kicukiro,Kigali City,eicv7_umudugudu,Households living in umudugudu (%),35.557,4.085109216687371,27.544288267496743,43.56963965816709,%,2023/24,NISR EICV7 Main Indicators Report (tables),Table A5.12,observed
Kicukiro,Kigali City,eicv7_workforce_ratio,Workforce-to-population ratio (%),70.9934,1.2947227281991913,68.45387280363016,73.53290143476781,%,2023/24,NISR EICV7 Main Indicators Report (tables),Table A6.20,observed
Kicukiro,Kigali City,finscope2020_banked_incl_otc,"Adults using bank services, incl. over-the-counter users without an own account (%). Not comparable with finscope_banked",78.0,,,,% of adults 16+,2020,NISR/AFR FinScope 2020 report,Figure 17 (banked by district),observed
Kicukiro,Kigali City,finscope_banked,Banked adults (%),62.0,,,,% of adults 16+,2024,NISR/AFR FinScope 2024 report,Figure 13 (district access strand),observed
Kicukiro,Kigali City,finscope_excluded,Financially excluded adults (%),2.0,,,,% of adults 16+,2024,NISR/AFR FinScope 2024 report,Figure 13 (district access strand),observed
Kicukiro,Kigali City,finscope_formally_included,Formally included adults (banked + other formal) (%),97.0,,,,% of adults 16+,2024,NISR/AFR FinScope 2024 report,Figure 13 (district access strand),calculated
Kicukiro,Kigali City,finscope_informal_only,Informal only (%),2.0,,,,% of adults 16+,2024,NISR/AFR FinScope 2024 report,Figure 13 (district access strand),observed
Kicukiro,Kigali City,finscope_not_formally_included,Adults not formally included: informal only or excluded (%),3.0,,,,% of adults 16+,2024,NISR/AFR FinScope 2024 report,Figure 13 (district access strand); 100 - banked - other formal,calculated
Kicukiro,Kigali City,finscope_other_formal_only,"Formal non-bank only, e.g. mobile money / SACCO (%)",35.0,,,,% of adults 16+,2024,NISR/AFR FinScope 2024 report,Figure 13 (district access strand),observed
Kicukiro,Kigali City,lfs_employment_ratio,Employment-to-population ratio (%),66.3693,1.3067858938121406,63.80551208077153,68.93316477700694,%,2025,NISR LFS 2025 annual (standard errors annex),Annex EPR,observed
Kicukiro,Kigali City,lfs_labour_underutilisation,Labour underutilisation rate (%),41.3597,1.8655195102143074,37.69964656530109,45.019695084133126,%,2025,NISR LFS 2025 annual (standard errors annex),Annex LUUR,observed
Kicukiro,Kigali City,lfs_median_monthly_earnings,Median monthly earnings at main job,100000.0,,,,RWF,2025,NISR LFS 2025 annual tables,Tables 21-25,observed
Kicukiro,Kigali City,lfs_neet_youth,"Youth (16-30) not in employment, education or training (%)",19.0726,1.3269595960845828,16.469241342873584,21.67605294290507,%,2025,NISR LFS 2025 annual (standard errors annex),Annex NEET,observed
Kicukiro,Kigali City,lfs_outside_labour_force,Population outside the labour force (%),23.5394,1.2325223981230675,21.121261998951653,25.957514691785526,%,2025,NISR LFS 2025 annual (standard errors annex),Annex POLR,observed
Kicukiro,Kigali City,lfs_participation_rate,Labour force participation rate (%),76.4606,1.2325223981230677,74.04248530821447,78.87873800104835,%,2025,NISR LFS 2025 annual (standard errors annex),Annex LFPR,observed
Kicukiro,Kigali City,lfs_unemployment_rate,Unemployment rate (%),13.198,0.9923670099361704,11.251044653752919,15.144959791840405,%,2025,NISR LFS 2025 annual (standard errors annex),Annex UR,observed
Kicukiro,Kigali City,proj_adults_16plus_2024,Projected adults aged 16+ (2024),360131.0,,,,persons,2024,NISR subnational population projections 2023-2032,single-age tables,projection
Kicukiro,Kigali City,proj_adults_16plus_2026,Projected adults aged 16+ (2026),389428.0,,,,persons,2026,NISR subnational population projections 2023-2032,single-age tables,projection
Kicukiro,Kigali City,proj_women_16plus_2024,Projected women aged 16+ (2024),177140.0,,,,persons,2024,NISR subnational population projections 2023-2032,single-age tables,projection
Kicukiro,Kigali City,proj_women_16plus_2026,Projected women aged 16+ (2026),192233.0,,,,persons,2026,NISR subnational population projections 2023-2032,single-age tables,projection
Kicukiro,Kigali City,proj_youth_16_30_2024,Projected youth aged 16-30 (2024),182364.0,,,,persons,2024,NISR subnational population projections 2023-2032,single-age tables,projection
Kicukiro,Kigali City,proj_youth_16_30_2026,Projected youth aged 16-30 (2026),191678.0,,,,persons,2026,NISR subnational population projections 2023-2032,single-age tables,projection
Kicukiro,Kigali City,rssb_active_members,RSSB active (contributing) members,74386.0,,,,persons,2023/24,NISR Statistical Yearbook 2025 (RSSB data),Table 12.2.3,observed
Nyanza,South,calc_establishments_per_1000_adults,"Establishments per 1,000 adults (2023 census / 2024 adults)",23.7887,,,,"per 1,000 adults",2023/24,IMBONIX calculation,ec_establishments / proj_adults_16plus_2024,calculated
Nyanza,South,calc_excluded_adults_2024,"Financially excluded adults, approx. (FinScope rate x 2024 projection)",9019.4,,,,persons,2024,IMBONIX calculation,finscope_excluded x proj_adults_16plus_2024,calculated
Nyanza,South,calc_informal_only_adults_2024,"Adults relying on informal finance only, approx.",9019.4,,,,persons,2024,IMBONIX calculation,finscope_informal_only x proj_adults_16plus_2024,calculated
Nyanza,South,calc_rssb_members_per_100_adults,RSSB active members per 100 adults (formal-sector pension reach proxy),3.1466,,,,per 100 adults,2024,IMBONIX calculation,rssb_active_members / proj_adults_16plus_2024,calculated
Nyanza,South,cbhi_registrations,Mutuelle de Sante (CBHI) registrations,321006.0,,,,persons,2024/25,NISR Statistical Yearbook 2025 (RSSB data),Table 12.2.9,observed
Nyanza,South,census_electricity,Households with access to electricity (%),51.7,,,,%,2022,NISR RPHC5 Main Indicators (tables),Table 74,observed
Nyanza,South,census_female_headed_hh,Households headed by women (%),34.1,,,,%,2022,NISR RPHC5 Main Indicators (tables),Table 59,observed
Nyanza,South,census_hh_mobile_phone,Households with a member owning a mobile phone (%),69.3,,,,%,2022,NISR RPHC5 Main Indicators (tables),Table 25,observed
Nyanza,South,census_internet_use_16plus,"Used the internet, age 16+ (%)",9.8,,,,%,2022,NISR RPHC5 Main Indicators (tables),Table 21,observed
Nyanza,South,census_medical_insurance,Population with medical insurance (%),93.4,,,,%,2022,NISR RPHC5 Main Indicators (tables),Table 28,observed
Nyanza,South,census_moderately_poor,"Moderately poor, census non-monetary measure (% of people)",28.8,,,,%,2022,NISR RPHC5 Non-Monetary Poverty report,Table 4.2,observed
Nyanza,South,census_mpi,"Multidimensional Poverty Index (M0), census",0.177,,,,index 0-1,2022,NISR RPHC5 Non-Monetary Poverty report,Table 7.2,observed
Nyanza,South,census_mpi_headcount,"Multidimensional poverty headcount, census (% of people)",40.0,,,,%,2022,NISR RPHC5 Non-Monetary Poverty report,Table 7.2,observed
Nyanza,South,census_nonpoor,"Non-poor, census non-monetary measure (% of people)",36.5,,,,%,2022,NISR RPHC5 Non-Monetary Poverty report,Table 4.2,observed
Nyanza,South,census_population,Resident population,365718.0,,,,persons,2022,NISR RPHC5 Main Indicators (tables),Table 1,observed
Nyanza,South,census_severely_poor,"Severely poor, census non-monetary measure (% of people)",11.3,,,,%,2022,NISR RPHC5 Non-Monetary Poverty report,Table 4.2,observed
Nyanza,South,census_vulnerable,"Vulnerable, census non-monetary measure (% of people)",23.4,,,,%,2022,NISR RPHC5 Non-Monetary Poverty report,Table 4.2,observed
Nyanza,South,cfsva_fcs_borderline,Households with borderline food consumption (%),14.0,,,,% of households,2024,WFP/MINAGRI/NISR CFSVA 2024 report,Figure 7.3 (chart labels),observed
Nyanza,South,cfsva_fcs_poor,Households with poor food consumption (%),1.0,,,,% of households,2024,WFP/MINAGRI/NISR CFSVA 2024 report,Figure 7.3 (chart labels),observed
Nyanza,South,cfsva_hazard_any,Households affected by a natural hazard in the 12 months before the survey (%),71.0,,,,% of households,2024,WFP/MINAGRI/NISR CFSVA 2024 report,"Figure 8.4 (bar heights digitized, about +/-1 point)",observed
Nyanza,South,cfsva_hazard_drought,Households affected mainly by drought (%),51.0,,,,% of households,2024,WFP/MINAGRI/NISR CFSVA 2024 report,"Figure 8.4 (bar heights digitized, about +/-1 point)",observed
Nyanza,South,cfsva_hazard_floods,Households affected mainly by floods or heavy rains (%),19.0,,,,% of households,2024,WFP/MINAGRI/NISR CFSVA 2024 report,"Figure 8.4 (bar heights digitized, about +/-1 point)",observed
Nyanza,South,cfsva_hazard_landslides,Households affected mainly by landslides (%),1.0,,,,% of households,2024,WFP/MINAGRI/NISR CFSVA 2024 report,"Figure 8.4 (bar heights digitized, about +/-1 point)",observed
Nyanza,South,cfsva_inadequate_food_consumption,Households with inadequate (poor or borderline) food consumption (%),15.0,,,,% of households,2024,WFP/MINAGRI/NISR CFSVA 2024 report,Figure 7.3 (sum of rounded chart labels),calculated
Nyanza,South,dhs_severe_stunting,Severely stunted children under 5 (below -3 SD) (%),5.9,,,,% of children under 5,2025,NISR Rwanda DHS 2025 final report,Table D.4,observed
Nyanza,South,dhs_stunting,Stunted children under 5 (height-for-age below -2 SD) (%),23.6,,,,% of children under 5,2025,NISR Rwanda DHS 2025 final report,Table D.4,observed
Nyanza,South,dhs_underweight,Underweight children under 5 (weight-for-age below -2 SD) (%),7.3,,,,% of children under 5,2025,NISR Rwanda DHS 2025 final report,Table D.4,observed
Nyanza,South,dhs_wasting,Wasted children under 5 (weight-for-height below -2 SD) (%),1.3,,,,% of children under 5,2025,NISR Rwanda DHS 2025 final report,Table D.4,observed
Nyanza,South,ec_establishments,Establishments (all institutional sectors),5364.0,,,,count,2023,NISR Establishment Census 2023 (tables),Table 2.1.4,observed
Nyanza,South,ec_informal_employment_share,Informal employment in establishments (% of workers),47.217,,,,%,2023,NISR Establishment Census 2023 (tables),Table 3. 18 (informal / total counts),calculated
Nyanza,South,ec_informal_enterprises_share,Informal enterprises (% of enterprises),90.8949,,,,%,2023,NISR Establishment Census 2023 (tables),Table 3. 10 (informal / total counts),calculated
Nyanza,South,eicv7_electricity_lighting,Households lit mainly by electricity (%),62.6468,3.4159632762665098,55.946606552841835,69.34698557237435,%,2023/24,NISR EICV7 Main Indicators Report (tables),Table A5.14,observed
Nyanza,South,eicv7_health_insurance,Has health insurance (% of people),82.3204,1.9411441196173846,78.51294385821276,86.12779941451714,%,2023/24,NISR EICV7 Main Indicators Report (tables),Table A3.7,observed
Nyanza,South,eicv7_hh_mobile_phone,Households owning any mobile phone (%),77.415,2.243351199523819,73.01478357348562,81.81515814320237,%,2023/24,NISR EICV7 Main Indicators Report (tables),Table A5.18,observed
Nyanza,South,eicv7_hh_sending_transfers,Households sending transfers to other households (%),66.2185,2.829925197125237,60.66776706855634,71.7691950323401,%,2023/24,NISR EICV7 Main Indicators Report (tables),Table A8.22,observed
Nyanza,South,eicv7_hh_smartphone,Households owning a smartphone (%),20.9747,2.4599345584699166,16.149675223972118,25.79967810186354,%,2023/24,NISR EICV7 Main Indicators Report (tables),Table A5.19,observed
Nyanza,South,eicv7_improved_sanitation,Households using improved sanitation (%),84.2849,2.232825608217669,79.90536072691506,88.66444477284688,%,2023/24,NISR EICV7 Main Indicators Report (tables),Table A5.17,observed
Nyanza,South,eicv7_improved_water,Households using improved drinking water (%),89.1429,2.0942998742711874,85.03510865437828,93.25077428836785,%,2023/24,NISR EICV7 Main Indicators Report (tables),Table A5.16,observed
Nyanza,South,eicv7_internet_home,Households with internet access at home (%),14.951,2.0794638606302693,10.872314651471491,19.02978053626922,%,2023/24,NISR EICV7 Main Indicators Report (tables),Table A5.15,observed
Nyanza,South,eicv7_metal_roof,Households with metal-sheet roof (%),53.5435,4.258422008369432,45.190880546781756,61.896115446039246,%,2023/24,NISR EICV7 Main Indicators Report (tables),Table A5.13,observed
Nyanza,South,eicv7_poverty_rate,Poverty headcount (% of people),43.272,2.824219359930666,37.73246487982486,48.81150958745296,%,2023/24,NISR EICV7 Main Indicators Report (tables),Table A9.23,observed
Nyanza,South,eicv7_umudugudu,Households living in umudugudu (%),70.9378,3.5511130649107834,63.972491360259205,77.90304539801451,%,2023/24,NISR EICV7 Main Indicators Report (tables),Table A5.12,observed
Nyanza,South,eicv7_workforce_ratio,Workforce-to-population ratio (%),77.3135,1.437376631824998,74.49417484327356,80.13281615833063,%,2023/24,NISR EICV7 Main Indicators Report (tables),Table A6.20,observed
Nyanza,South,finscope2020_banked_incl_otc,"Adults using bank services, incl. over-the-counter users without an own account (%). Not comparable with finscope_banked",36.0,,,,% of adults 16+,2020,NISR/AFR FinScope 2020 report,Figure 17 (banked by district),observed
Nyanza,South,finscope_banked,Banked adults (%),17.0,,,,% of adults 16+,2024,NISR/AFR FinScope 2024 report,Figure 13 (district access strand),observed
Nyanza,South,finscope_excluded,Financially excluded adults (%),4.0,,,,% of adults 16+,2024,NISR/AFR FinScope 2024 report,Figure 13 (district access strand),observed
Nyanza,South,finscope_formally_included,Formally included adults (banked + other formal) (%),91.0,,,,% of adults 16+,2024,NISR/AFR FinScope 2024 report,Figure 13 (district access strand),calculated
Nyanza,South,finscope_informal_only,Informal only (%),4.0,,,,% of adults 16+,2024,NISR/AFR FinScope 2024 report,Figure 13 (district access strand),observed
Nyanza,South,finscope_not_formally_included,Adults not formally included: informal only or excluded (%),9.0,,,,% of adults 16+,2024,NISR/AFR FinScope 2024 report,Figure 13 (district access strand); 100 - banked - other formal,calculated
Nyanza,South,finscope_other_formal_only,"Formal non-bank only, e.g. mobile money / SACCO (%)",74.0,,,,% of adults 16+,2024,NISR/AFR FinScope 2024 report,Figure 13 (district access strand),observed
Nyanza,South,lfs_employment_ratio,Employment-to-population ratio (%),54.5212,1.9865963955697081,50.62365613615528,58.41879412494885,%,2025,NISR LFS 2025 annual (standard errors annex),Annex EPR,observed
Nyanza,South,lfs_labour_underutilisation,Labour underutilisation rate (%),48.7895,1.9754267121596296,44.9138754186518,52.665185066838845,%,2025,NISR LFS 2025 annual (standard errors annex),Annex LUUR,observed
Nyanza,South,lfs_median_monthly_earnings,Median monthly earnings at main job,26000.0,,,,RWF,2025,NISR LFS 2025 annual tables,Tables 21-25,observed
Nyanza,South,lfs_neet_youth,"Youth (16-30) not in employment, education or training (%)",26.4351,1.9359922166907457,22.636814166945012,30.233388140395146,%,2025,NISR LFS 2025 annual (standard errors annex),Annex NEET,observed
Nyanza,South,lfs_outside_labour_force,Population outside the labour force (%),36.9727,1.8779754563055064,33.28823622680367,40.657160208602626,%,2025,NISR LFS 2025 annual (standard errors annex),Annex POLR,observed
Nyanza,South,lfs_participation_rate,Labour force participation rate (%),63.0273,1.8779754563055069,59.342839791397374,66.71176377319632,%,2025,NISR LFS 2025 annual (standard errors annex),Annex LFPR,observed
Nyanza,South,lfs_unemployment_rate,Unemployment rate (%),13.4959,1.18427704011689,11.172388195834916,15.819332570272767,%,2025,NISR LFS 2025 annual (standard errors annex),Annex UR,observed
Nyanza,South,proj_adults_16plus_2024,Projected adults aged 16+ (2024),225485.0,,,,persons,2024,NISR subnational population projections 2023-2032,single-age tables,projection
Nyanza,South,proj_adults_16plus_2026,Projected adults aged 16+ (2026),232460.0,,,,persons,2026,NISR subnational population projections 2023-2032,single-age tables,projection
Nyanza,South,proj_women_16plus_2024,Projected women aged 16+ (2024),117208.0,,,,persons,2024,NISR subnational population projections 2023-2032,single-age tables,projection
Nyanza,South,proj_women_16plus_2026,Projected women aged 16+ (2026),120456.0,,,,persons,2026,NISR subnational population projections 2023-2032,single-age tables,projection
Nyanza,South,proj_youth_16_30_2024,Projected youth aged 16-30 (2024),90048.0,,,,persons,2024,NISR subnational population projections 2023-2032,single-age tables,projection
Nyanza,South,proj_youth_16_30_2026,Projected youth aged 16-30 (2026),93151.0,,,,persons,2026,NISR subnational population projections 2023-2032,single-age tables,projection
Nyanza,South,rssb_active_members,RSSB active (contributing) members,7095.0,,,,persons,2023/24,NISR Statistical Yearbook 2025 (RSSB data),Table 12.2.3,observed
Gisagara,South,calc_establishments_per_1000_adults,"Establishments per 1,000 adults (2023 census / 2024 adults)",18.8245,,,,"per 1,000 adults",2023/24,IMBONIX calculation,ec_establishments / proj_adults_16plus_2024,calculated
Gisagara,South,calc_excluded_adults_2024,"Financially excluded adults, approx. (FinScope rate x 2024 projection)",9602.36,,,,persons,2024,IMBONIX calculation,finscope_excluded x proj_adults_16plus_2024,calculated
Gisagara,South,calc_informal_only_adults_2024,"Adults relying on informal finance only, approx.",21605.31,,,,persons,2024,IMBONIX calculation,finscope_informal_only x proj_adults_16plus_2024,calculated
Gisagara,South,calc_rssb_members_per_100_adults,RSSB active members per 100 adults (formal-sector pension reach proxy),2.4715,,,,per 100 adults,2024,IMBONIX calculation,rssb_active_members / proj_adults_16plus_2024,calculated
Gisagara,South,cbhi_registrations,Mutuelle de Sante (CBHI) registrations,372835.0,,,,persons,2024/25,NISR Statistical Yearbook 2025 (RSSB data),Table 12.2.9,observed
Gisagara,South,census_electricity,Households with access to electricity (%),52.6,,,,%,2022,NISR RPHC5 Main Indicators (tables),Table 74,observed
Gisagara,South,census_female_headed_hh,Households headed by women (%),35.2,,,,%,2022,NISR RPHC5 Main Indicators (tables),Table 59,observed
Gisagara,South,census_hh_mobile_phone,Households with a member owning a mobile phone (%),66.5,,,,%,2022,NISR RPHC5 Main Indicators (tables),Table 25,observed
Gisagara,South,census_internet_use_16plus,"Used the internet, age 16+ (%)",7.2,,,,%,2022,NISR RPHC5 Main Indicators (tables),Table 21,observed
Gisagara,South,census_medical_insurance,Population with medical insurance (%),97.2,,,,%,2022,NISR RPHC5 Main Indicators (tables),Table 28,observed
Gisagara,South,census_moderately_poor,"Moderately poor, census non-monetary measure (% of people)",33.4,,,,%,2022,NISR RPHC5 Non-Monetary Poverty report,Table 4.2,observed
Gisagara,South,census_mpi,"Multidimensional Poverty Index (M0), census",0.196,,,,index 0-1,2022,NISR RPHC5 Non-Monetary Poverty report,Table 7.2,observed
Gisagara,South,census_mpi_headcount,"Multidimensional poverty headcount, census (% of people)",45.2,,,,%,2022,NISR RPHC5 Non-Monetary Poverty report,Table 7.2,observed
Gisagara,South,census_nonpoor,"Non-poor, census non-monetary measure (% of people)",32.7,,,,%,2022,NISR RPHC5 Non-Monetary Poverty report,Table 4.2,observed
Gisagara,South,census_population,Resident population,397051.0,,,,persons,2022,NISR RPHC5 Main Indicators (tables),Table 1,observed
Gisagara,South,census_severely_poor,"Severely poor, census non-monetary measure (% of people)",11.8,,,,%,2022,NISR RPHC5 Non-Monetary Poverty report,Table 4.2,observed
Gisagara,South,census_vulnerable,"Vulnerable, census non-monetary measure (% of people)",22.1,,,,%,2022,NISR RPHC5 Non-Monetary Poverty report,Table 4.2,observed
Gisagara,South,cfsva_fcs_borderline,Households with borderline food consumption (%),20.0,,,,% of households,2024,WFP/MINAGRI/NISR CFSVA 2024 report,Figure 7.3 (chart labels),observed
Gisagara,South,cfsva_fcs_poor,Households with poor food consumption (%),1.0,,,,% of households,2024,WFP/MINAGRI/NISR CFSVA 2024 report,Figure 7.3 (chart labels),observed
Gisagara,South,cfsva_hazard_any,Households affected by a natural hazard in the 12 months before the survey (%),81.0,,,,% of households,2024,WFP/MINAGRI/NISR CFSVA 2024 report,"Figure 8.4 (bar heights digitized, about +/-1 point)",observed
Gisagara,South,cfsva_hazard_drought,Households affected mainly by drought (%),38.0,,,,% of households,2024,WFP/MINAGRI/NISR CFSVA 2024 report,"Figure 8.4 (bar heights digitized, about +/-1 point)",observed
Gisagara,South,cfsva_hazard_floods,Households affected mainly by floods or heavy rains (%),40.0,,,,% of households,2024,WFP/MINAGRI/NISR CFSVA 2024 report,"Figure 8.4 (bar heights digitized, about +/-1 point)",observed
Gisagara,South,cfsva_hazard_landslides,Households affected mainly by landslides (%),0.0,,,,% of households,2024,WFP/MINAGRI/NISR CFSVA 2024 report,"Figure 8.4 (bar heights digitized, about +/-1 point)",observed
Gisagara,South,cfsva_inadequate_food_consumption,Households with inadequate (poor or borderline) food consumption (%),21.0,,,,% of households,2024,WFP/MINAGRI/NISR CFSVA 2024 report,Figure 7.3 (sum of rounded chart labels),calculated
Gisagara,South,dhs_severe_stunting,Severely stunted children under 5 (below -3 SD) (%),7.7,,,,% of children under 5,2025,NISR Rwanda DHS 2025 final report,Table D.4,observed
Gisagara,South,dhs_stunting,Stunted children under 5 (height-for-age below -2 SD) (%),33.2,,,,% of children under 5,2025,NISR Rwanda DHS 2025 final report,Table D.4,observed
Gisagara,South,dhs_underweight,Underweight children under 5 (weight-for-age below -2 SD) (%),9.2,,,,% of children under 5,2025,NISR Rwanda DHS 2025 final report,Table D.4,observed
Gisagara,South,dhs_wasting,Wasted children under 5 (weight-for-height below -2 SD) (%),0.0,,,,% of children under 5,2025,NISR Rwanda DHS 2025 final report,Table D.4,observed
Gisagara,South,ec_establishments,Establishments (all institutional sectors),4519.0,,,,count,2023,NISR Establishment Census 2023 (tables),Table 2.1.4,observed
Gisagara,South,ec_informal_employment_share,Informal employment in establishments (% of workers),39.4171,,,,%,2023,NISR Establishment Census 2023 (tables),Table 3. 18 (informal / total counts),calculated
Gisagara,South,ec_informal_enterprises_share,Informal enterprises (% of enterprises),79.9163,,,,%,2023,NISR Establishment Census 2023 (tables),Table 3. 10 (informal / total counts),calculated
Gisagara,South,eicv7_electricity_lighting,Households lit mainly by electricity (%),50.2609,2.925044324340431,44.52358804036923,55.998155951396186,%,2023/24,NISR EICV7 Main Indicators Report (tables),Table A5.14,observed
Gisagara,South,eicv7_health_insurance,Has health insurance (% of people),85.0449,1.7999131009882656,81.51449526693429,88.57531993183713,%,2023/24,NISR EICV7 Main Indicators Report (tables),Table A3.7,observed
Gisagara,South,eicv7_hh_mobile_phone,Households owning any mobile phone (%),67.7994,2.2910486039404163,63.30565815549391,72.29314343037282,%,2023/24,NISR EICV7 Main Indicators Report (tables),Table A5.18,observed
Gisagara,South,eicv7_hh_sending_transfers,Households sending transfers to other households (%),89.1752,1.2672066289295447,86.68962517897228,91.6607117365185,%,2023/24,NISR EICV7 Main Indicators Report (tables),Table A8.22,observed
Gisagara,South,eicv7_hh_smartphone,Households owning a smartphone (%),15.095,1.8799305786091742,11.407649687377175,18.782372495084125,%,2023/24,NISR EICV7 Main Indicators Report (tables),Table A5.19,observed
Gisagara,South,eicv7_improved_sanitation,Households using improved sanitation (%),82.6169,1.921160460220755,78.8486807031622,86.3851429664319,%,2023/24,NISR EICV7 Main Indicators Report (tables),Table A5.17,observed
Gisagara,South,eicv7_improved_water,Households using improved drinking water (%),98.528,0.6082795559330324,97.33492227106082,99.72112374341516,%,2023/24,NISR EICV7 Main Indicators Report (tables),Table A5.16,observed
Gisagara,South,eicv7_internet_home,Households with internet access at home (%),28.4913,2.4598655488115733,23.666415095563533,33.31614725755347,%,2023/24,NISR EICV7 Main Indicators Report (tables),Table A5.15,observed
Gisagara,South,eicv7_metal_roof,Households with metal-sheet roof (%),41.8465,2.952470032715342,36.05544491870793,47.63760031161923,%,2023/24,NISR EICV7 Main Indicators Report (tables),Table A5.13,observed
Gisagara,South,eicv7_poverty_rate,Poverty headcount (% of people),45.5912,2.685971343647828,40.32286187945502,50.859577625363926,%,2023/24,NISR EICV7 Main Indicators Report (tables),Table A9.23,observed
Gisagara,South,eicv7_umudugudu,Households living in umudugudu (%),81.3931,1.929534344782063,77.60841383273451,85.17772575447886,%,2023/24,NISR EICV7 Main Indicators Report (tables),Table A5.12,observed
Gisagara,South,eicv7_workforce_ratio,Workforce-to-population ratio (%),87.3953,1.2439723483555545,84.95534862714669,89.83529012815768,%,2023/24,NISR EICV7 Main Indicators Report (tables),Table A6.20,observed
Gisagara,South,finscope2020_banked_incl_otc,"Adults using bank services, incl. over-the-counter users without an own account (%). Not comparable with finscope_banked",15.0,,,,% of adults 16+,2020,NISR/AFR FinScope 2020 report,Figure 17 (banked by district),observed
Gisagara,South,finscope_banked,Banked adults (%),10.0,,,,% of adults 16+,2024,NISR/AFR FinScope 2024 report,Figure 13 (district access strand),observed
Gisagara,South,finscope_excluded,Financially excluded adults (%),4.0,,,,% of adults 16+,2024,NISR/AFR FinScope 2024 report,Figure 13 (district access strand),observed
Gisagara,South,finscope_formally_included,Formally included adults (banked + other formal) (%),87.0,,,,% of adults 16+,2024,NISR/AFR FinScope 2024 report,Figure 13 (district access strand),calculated
Gisagara,South,finscope_informal_only,Informal only (%),9.0,,,,% of adults 16+,2024,NISR/AFR FinScope 2024 report,Figure 13 (district access strand),observed
Gisagara,South,finscope_not_formally_included,Adults not formally included: informal only or excluded (%),13.0,,,,% of adults 16+,2024,NISR/AFR FinScope 2024 report,Figure 13 (district access strand); 100 - banked - other formal,calculated
Gisagara,South,finscope_other_formal_only,"Formal non-bank only, e.g. mobile money / SACCO (%)",77.0,,,,% of adults 16+,2024,NISR/AFR FinScope 2024 report,Figure 13 (district access strand),observed
Gisagara,South,lfs_employment_ratio,Employment-to-population ratio (%),51.5145,1.9402735780824687,47.7078521258226,55.32122558753457,%,2025,NISR LFS 2025 annual (standard errors annex),Annex EPR,observed
Gisagara,South,lfs_labour_underutilisation,Labour underutilisation rate (%),64.924,2.269748688321012,60.47094425223978,69.37713388633078,%,2025,NISR LFS 2025 annual (standard errors annex),Annex LUUR,observed
Gisagara,South,lfs_median_monthly_earnings,Median monthly earnings at main job,26000.0,,,,RWF,2025,NISR LFS 2025 annual tables,Tables 21-25,observed
Gisagara,South,lfs_neet_youth,"Youth (16-30) not in employment, education or training (%)",35.4914,3.535263647743941,28.55545066591395,42.4273513813216,%,2025,NISR LFS 2025 annual (standard errors annex),Annex NEET,observed
Gisagara,South,lfs_outside_labour_force,Population outside the labour force (%),41.2479,2.117020913133044,37.09442022859931,45.40132654325681,%,2025,NISR LFS 2025 annual (standard errors annex),Annex POLR,observed
Gisagara,South,lfs_participation_rate,Labour force participation rate (%),58.7521,2.1170209131330444,54.59867345674319,62.90557977140069,%,2025,NISR LFS 2025 annual (standard errors annex),Annex LFPR,observed
Gisagara,South,lfs_unemployment_rate,Unemployment rate (%),12.3189,1.3514798515368587,9.66733949853769,14.970365294465843,%,2025,NISR LFS 2025 annual (standard errors annex),Annex UR,observed
Gisagara,South,proj_adults_16plus_2024,Projected adults aged 16+ (2024),240059.0,,,,persons,2024,NISR subnational population projections 2023-2032,single-age tables,projection
Gisagara,South,proj_adults_16plus_2026,Projected adults aged 16+ (2026),251989.0,,,,persons,2026,NISR subnational population projections 2023-2032,single-age tables,projection
Gisagara,South,proj_women_16plus_2024,Projected women aged 16+ (2024),129897.0,,,,persons,2024,NISR subnational population projections 2023-2032,single-age tables,projection
Gisagara,South,proj_women_16plus_2026,Projected women aged 16+ (2026),135493.0,,,,persons,2026,NISR subnational population projections 2023-2032,single-age tables,projection
Gisagara,South,proj_youth_16_30_2024,Projected youth aged 16-30 (2024),101690.0,,,,persons,2024,NISR subnational population projections 2023-2032,single-age tables,projection
Gisagara,South,proj_youth_16_30_2026,Projected youth aged 16-30 (2026),107213.0,,,,persons,2026,NISR subnational population projections 2023-2032,single-age tables,projection
Gisagara,South,rssb_active_members,RSSB active (contributing) members,5933.0,,,,persons,2023/24,NISR Statistical Yearbook 2025 (RSSB data),Table 12.2.3,observed
Nyaruguru,South,calc_establishments_per_1000_adults,"Establishments per 1,000 adults (2023 census / 2024 adults)",23.7456,,,,"per 1,000 adults",2023/24,IMBONIX calculation,ec_establishments / proj_adults_16plus_2024,calculated
Nyaruguru,South,calc_excluded_adults_2024,"Financially excluded adults, approx. (FinScope rate x 2024 projection)",18841.4,,,,persons,2024,IMBONIX calculation,finscope_excluded x proj_adults_16plus_2024,calculated
Nyaruguru,South,calc_informal_only_adults_2024,"Adults relying on informal finance only, approx.",9420.7,,,,persons,2024,IMBONIX calculation,finscope_informal_only x proj_adults_16plus_2024,calculated
Nyaruguru,South,calc_rssb_members_per_100_adults,RSSB active members per 100 adults (formal-sector pension reach proxy),8.9967,,,,per 100 adults,2024,IMBONIX calculation,rssb_active_members / proj_adults_16plus_2024,calculated
Nyaruguru,South,cbhi_registrations,Mutuelle de Sante (CBHI) registrations,312463.0,,,,persons,2024/25,NISR Statistical Yearbook 2025 (RSSB data),Table 12.2.9,observed
Nyaruguru,South,census_electricity,Households with access to electricity (%),65.8,,,,%,2022,NISR RPHC5 Main Indicators (tables),Table 74,observed
Nyaruguru,South,census_female_headed_hh,Households headed by women (%),30.7,,,,%,2022,NISR RPHC5 Main Indicators (tables),Table 59,observed
Nyaruguru,South,census_hh_mobile_phone,Households with a member owning a mobile phone (%),67.6,,,,%,2022,NISR RPHC5 Main Indicators (tables),Table 25,observed
Nyaruguru,South,census_internet_use_16plus,"Used the internet, age 16+ (%)",7.2,,,,%,2022,NISR RPHC5 Main Indicators (tables),Table 21,observed
Nyaruguru,South,census_medical_insurance,Population with medical insurance (%),98.4,,,,%,2022,NISR RPHC5 Main Indicators (tables),Table 28,observed
Nyaruguru,South,census_moderately_poor,"Moderately poor, census non-monetary measure (% of people)",30.3,,,,%,2022,NISR RPHC5 Non-Monetary Poverty report,Table 4.2,observed
Nyaruguru,South,census_mpi,"Multidimensional Poverty Index (M0), census",0.156,,,,index 0-1,2022,NISR RPHC5 Non-Monetary Poverty report,Table 7.2,observed
Nyaruguru,South,census_mpi_headcount,"Multidimensional poverty headcount, census (% of people)",37.8,,,,%,2022,NISR RPHC5 Non-Monetary Poverty report,Table 7.2,observed
Nyaruguru,South,census_nonpoor,"Non-poor, census non-monetary measure (% of people)",37.7,,,,%,2022,NISR RPHC5 Non-Monetary Poverty report,Table 4.2,observed
Nyaruguru,South,census_population,Resident population,318126.0,,,,persons,2022,NISR RPHC5 Main Indicators (tables),Table 1,observed
Nyaruguru,South,census_severely_poor,"Severely poor, census non-monetary measure (% of people)",7.5,,,,%,2022,NISR RPHC5 Non-Monetary Poverty report,Table 4.2,observed
Nyaruguru,South,census_vulnerable,"Vulnerable, census non-monetary measure (% of people)",24.6,,,,%,2022,NISR RPHC5 Non-Monetary Poverty report,Table 4.2,observed
Nyaruguru,South,cfsva_fcs_borderline,Households with borderline food consumption (%),15.0,,,,% of households,2024,WFP/MINAGRI/NISR CFSVA 2024 report,Figure 7.3 (chart labels),observed
Nyaruguru,South,cfsva_fcs_poor,Households with poor food consumption (%),2.0,,,,% of households,2024,WFP/MINAGRI/NISR CFSVA 2024 report,Figure 7.3 (chart labels),observed
Nyaruguru,South,cfsva_hazard_any,Households affected by a natural hazard in the 12 months before the survey (%),70.0,,,,% of households,2024,WFP/MINAGRI/NISR CFSVA 2024 report,"Figure 8.4 (bar heights digitized, about +/-1 point)",observed
Nyaruguru,South,cfsva_hazard_drought,Households affected mainly by drought (%),37.0,,,,% of households,2024,WFP/MINAGRI/NISR CFSVA 2024 report,"Figure 8.4 (bar heights digitized, about +/-1 point)",observed
Nyaruguru,South,cfsva_hazard_floods,Households affected mainly by floods or heavy rains (%),20.0,,,,% of households,2024,WFP/MINAGRI/NISR CFSVA 2024 report,"Figure 8.4 (bar heights digitized, about +/-1 point)",observed
Nyaruguru,South,cfsva_hazard_landslides,Households affected mainly by landslides (%),8.0,,,,% of households,2024,WFP/MINAGRI/NISR CFSVA 2024 report,"Figure 8.4 (bar heights digitized, about +/-1 point)",observed
Nyaruguru,South,cfsva_inadequate_food_consumption,Households with inadequate (poor or borderline) food consumption (%),17.0,,,,% of households,2024,WFP/MINAGRI/NISR CFSVA 2024 report,Figure 7.3 (sum of rounded chart labels),calculated
Nyaruguru,South,dhs_severe_stunting,Severely stunted children under 5 (below -3 SD) (%),6.5,,,,% of children under 5,2025,NISR Rwanda DHS 2025 final report,Table D.4,observed
Nyaruguru,South,dhs_stunting,Stunted children under 5 (height-for-age below -2 SD) (%),23.9,,,,% of children under 5,2025,NISR Rwanda DHS 2025 final report,Table D.4,observed
Nyaruguru,South,dhs_underweight,Underweight children under 5 (weight-for-age below -2 SD) (%),7.6,,,,% of children under 5,2025,NISR Rwanda DHS 2025 final report,Table D.4,observed
Nyaruguru,South,dhs_wasting,Wasted children under 5 (weight-for-height below -2 SD) (%),0.1,,,,% of children under 5,2025,NISR Rwanda DHS 2025 final report,Table D.4,observed
Nyaruguru,South,ec_establishments,Establishments (all institutional sectors),4474.0,,,,count,2023,NISR Establishment Census 2023 (tables),Table 2.1.4,observed
Nyaruguru,South,ec_informal_employment_share,Informal employment in establishments (% of workers),29.4734,,,,%,2023,NISR Establishment Census 2023 (tables),Table 3. 18 (informal / total counts),calculated
Nyaruguru,South,ec_informal_enterprises_share,Informal enterprises (% of enterprises),84.14,,,,%,2023,NISR Establishment Census 2023 (tables),Table 3. 10 (informal / total counts),calculated
Nyaruguru,South,eicv7_electricity_lighting,Households lit mainly by electricity (%),70.7196,2.7206062230325956,65.38326175604259,76.05584562274667,%,2023/24,NISR EICV7 Main Indicators Report (tables),Table A5.14,observed
Nyaruguru,South,eicv7_health_insurance,Has health insurance (% of people),90.096,1.4784660208732325,87.1960838518107,92.99591348840298,%,2023/24,NISR EICV7 Main Indicators Report (tables),Table A3.7,observed
Nyaruguru,South,eicv7_hh_mobile_phone,Households owning any mobile phone (%),75.247,1.9559079227937106,71.41064849613547,79.08342052938416,%,2023/24,NISR EICV7 Main Indicators Report (tables),Table A5.18,observed
Nyaruguru,South,eicv7_hh_sending_transfers,Households sending transfers to other households (%),95.5419,0.9174149727162543,93.74241430597203,97.34131375492288,%,2023/24,NISR EICV7 Main Indicators Report (tables),Table A8.22,observed
Nyaruguru,South,eicv7_hh_smartphone,Households owning a smartphone (%),18.4162,1.9556310230685443,14.580337029593599,22.252022821285358,%,2023/24,NISR EICV7 Main Indicators Report (tables),Table A5.19,observed
Nyaruguru,South,eicv7_improved_sanitation,Households using improved sanitation (%),98.2124,0.687379068134808,96.86411643985748,99.56061499623742,%,2023/24,NISR EICV7 Main Indicators Report (tables),Table A5.17,observed
Nyaruguru,South,eicv7_improved_water,Households using improved drinking water (%),85.9668,2.7507832971642268,80.57135132916943,91.36231592726895,%,2023/24,NISR EICV7 Main Indicators Report (tables),Table A5.16,observed
Nyaruguru,South,eicv7_internet_home,Households with internet access at home (%),16.8428,1.8793847504574688,13.156538050201092,20.52911964516047,%,2023/24,NISR EICV7 Main Indicators Report (tables),Table A5.15,observed
Nyaruguru,South,eicv7_metal_roof,Households with metal-sheet roof (%),30.0772,2.481217341378922,25.210415133029045,34.943907596289435,%,2023/24,NISR EICV7 Main Indicators Report (tables),Table A5.13,observed
Nyaruguru,South,eicv7_poverty_rate,Poverty headcount (% of people),39.6985,2.5368787609271077,34.722626675690435,44.674471638198455,%,2023/24,NISR EICV7 Main Indicators Report (tables),Table A9.23,observed
Nyaruguru,South,eicv7_umudugudu,Households living in umudugudu (%),84.9874,3.0560308281163686,78.99321326644781,90.98162417140747,%,2023/24,NISR EICV7 Main Indicators Report (tables),Table A5.12,observed
Nyaruguru,South,eicv7_workforce_ratio,Workforce-to-population ratio (%),89.3356,1.1572527785092759,87.06571449245564,91.60546641577858,%,2023/24,NISR EICV7 Main Indicators Report (tables),Table A6.20,observed
Nyaruguru,South,finscope2020_banked_incl_otc,"Adults using bank services, incl. over-the-counter users without an own account (%). Not comparable with finscope_banked",19.0,,,,% of adults 16+,2020,NISR/AFR FinScope 2020 report,Figure 17 (banked by district),observed
Nyaruguru,South,finscope_banked,Banked adults (%),6.0,,,,% of adults 16+,2024,NISR/AFR FinScope 2024 report,Figure 13 (district access strand),observed
Nyaruguru,South,finscope_excluded,Financially excluded adults (%),10.0,,,,% of adults 16+,2024,NISR/AFR FinScope 2024 report,Figure 13 (district access strand),observed
Nyaruguru,South,finscope_formally_included,Formally included adults (banked + other formal) (%),84.0,,,,% of adults 16+,2024,NISR/AFR FinScope 2024 report,Figure 13 (district access strand),calculated
Nyaruguru,South,finscope_informal_only,Informal only (%),5.0,,,,% of adults 16+,2024,NISR/AFR FinScope 2024 report,Figure 13 (district access strand),observed
Nyaruguru,South,finscope_not_formally_included,Adults not formally included: informal only or excluded (%),16.0,,,,% of adults 16+,2024,NISR/AFR FinScope 2024 report,Figure 13 (district access strand); 100 - banked - other formal,calculated
Nyaruguru,South,finscope_other_formal_only,"Formal non-bank only, e.g. mobile money / SACCO (%)",78.0,,,,% of adults 16+,2024,NISR/AFR FinScope 2024 report,Figure 13 (district access strand),observed
Nyaruguru,South,lfs_employment_ratio,Employment-to-population ratio (%),42.2402,2.382137704198454,37.56664437446542,46.913833443138664,%,2025,NISR LFS 2025 annual (standard errors annex),Annex EPR,observed
Nyaruguru,South,lfs_labour_underutilisation,Labour underutilisation rate (%),73.827,2.8554763773598366,68.22473462026767,79.4292411999129,%,2025,NISR LFS 2025 annual (standard errors annex),Annex LUUR,observed
Nyaruguru,South,lfs_median_monthly_earnings,Median monthly earnings at main job,31200.0,,,,RWF,2025,NISR LFS 2025 annual tables,Tables 21-25,observed
Nyaruguru,South,lfs_neet_youth,"Youth (16-30) not in employment, education or training (%)",32.92,3.2565896340624976,26.530746699114886,39.30916793606268,%,2025,NISR LFS 2025 annual (standard errors annex),Annex NEET,observed
Nyaruguru,South,lfs_outside_labour_force,Population outside the labour force (%),48.8758,2.1323614832037694,44.692280765360394,53.05938142084864,%,2025,NISR LFS 2025 annual (standard errors annex),Annex POLR,observed
Nyaruguru,South,lfs_participation_rate,Labour force participation rate (%),51.1242,2.1323614832037694,46.94061857915136,55.307719234639606,%,2025,NISR LFS 2025 annual (standard errors annex),Annex LFPR,observed
Nyaruguru,South,lfs_unemployment_rate,Unemployment rate (%),17.3772,2.268381373077101,12.926750440592372,21.827574912930217,%,2025,NISR LFS 2025 annual (standard errors annex),Annex UR,observed
Nyaruguru,South,proj_adults_16plus_2024,Projected adults aged 16+ (2024),188414.0,,,,persons,2024,NISR subnational population projections 2023-2032,single-age tables,projection
Nyaruguru,South,proj_adults_16plus_2026,Projected adults aged 16+ (2026),192697.0,,,,persons,2026,NISR subnational population projections 2023-2032,single-age tables,projection
Nyaruguru,South,proj_women_16plus_2024,Projected women aged 16+ (2024),100711.0,,,,persons,2024,NISR subnational population projections 2023-2032,single-age tables,projection
Nyaruguru,South,proj_women_16plus_2026,Projected women aged 16+ (2026),102562.0,,,,persons,2026,NISR subnational population projections 2023-2032,single-age tables,projection
Nyaruguru,South,proj_youth_16_30_2024,Projected youth aged 16-30 (2024),82593.0,,,,persons,2024,NISR subnational population projections 2023-2032,single-age tables,projection
Nyaruguru,South,proj_youth_16_30_2026,Projected youth aged 16-30 (2026),84731.0,,,,persons,2026,NISR subnational population projections 2023-2032,single-age tables,projection
Nyaruguru,South,rssb_active_members,RSSB active (contributing) members,16951.0,,,,persons,2023/24,NISR Statistical Yearbook 2025 (RSSB data),Table 12.2.3,observed
Huye,South,calc_establishments_per_1000_adults,"Establishments per 1,000 adults (2023 census / 2024 adults)",27.5079,,,,"per 1,000 adults",2023/24,IMBONIX calculation,ec_establishments / proj_adults_16plus_2024,calculated
Huye,South,calc_excluded_adults_2024,"Financially excluded adults, approx. (FinScope rate x 2024 projection)",14672.88,,,,persons,2024,IMBONIX calculation,finscope_excluded x proj_adults_16plus_2024,calculated
Huye,South,calc_informal_only_adults_2024,"Adults relying on informal finance only, approx.",14672.88,,,,persons,2024,IMBONIX calculation,finscope_informal_only x proj_adults_16plus_2024,calculated
Huye,South,calc_rssb_members_per_100_adults,RSSB active members per 100 adults (formal-sector pension reach proxy),4.7488,,,,per 100 adults,2024,IMBONIX calculation,rssb_active_members / proj_adults_16plus_2024,calculated
Huye,South,cbhi_registrations,Mutuelle de Sante (CBHI) registrations,325879.0,,,,persons,2024/25,NISR Statistical Yearbook 2025 (RSSB data),Table 12.2.9,observed
Huye,South,census_electricity,Households with access to electricity (%),56.4,,,,%,2022,NISR RPHC5 Main Indicators (tables),Table 74,observed
Huye,South,census_female_headed_hh,Households headed by women (%),34.9,,,,%,2022,NISR RPHC5 Main Indicators (tables),Table 59,observed
Huye,South,census_hh_mobile_phone,Households with a member owning a mobile phone (%),70.1,,,,%,2022,NISR RPHC5 Main Indicators (tables),Table 25,observed
Huye,South,census_internet_use_16plus,"Used the internet, age 16+ (%)",14.1,,,,%,2022,NISR RPHC5 Main Indicators (tables),Table 21,observed
Huye,South,census_medical_insurance,Population with medical insurance (%),96.2,,,,%,2022,NISR RPHC5 Main Indicators (tables),Table 28,observed
Huye,South,census_moderately_poor,"Moderately poor, census non-monetary measure (% of people)",24.7,,,,%,2022,NISR RPHC5 Non-Monetary Poverty report,Table 4.2,observed
Huye,South,census_mpi,"Multidimensional Poverty Index (M0), census",0.133,,,,index 0-1,2022,NISR RPHC5 Non-Monetary Poverty report,Table 7.2,observed
Huye,South,census_mpi_headcount,"Multidimensional poverty headcount, census (% of people)",31.5,,,,%,2022,NISR RPHC5 Non-Monetary Poverty report,Table 7.2,observed
Huye,South,census_nonpoor,"Non-poor, census non-monetary measure (% of people)",45.8,,,,%,2022,NISR RPHC5 Non-Monetary Poverty report,Table 4.2,observed
Huye,South,census_population,Resident population,381900.0,,,,persons,2022,NISR RPHC5 Main Indicators (tables),Table 1,observed
Huye,South,census_severely_poor,"Severely poor, census non-monetary measure (% of people)",6.8,,,,%,2022,NISR RPHC5 Non-Monetary Poverty report,Table 4.2,observed
Huye,South,census_vulnerable,"Vulnerable, census non-monetary measure (% of people)",22.7,,,,%,2022,NISR RPHC5 Non-Monetary Poverty report,Table 4.2,observed
Huye,South,cfsva_fcs_borderline,Households with borderline food consumption (%),17.0,,,,% of households,2024,WFP/MINAGRI/NISR CFSVA 2024 report,Figure 7.3 (chart labels),observed
Huye,South,cfsva_fcs_poor,Households with poor food consumption (%),3.0,,,,% of households,2024,WFP/MINAGRI/NISR CFSVA 2024 report,Figure 7.3 (chart labels),observed
Huye,South,cfsva_hazard_any,Households affected by a natural hazard in the 12 months before the survey (%),64.0,,,,% of households,2024,WFP/MINAGRI/NISR CFSVA 2024 report,"Figure 8.4 (bar heights digitized, about +/-1 point)",observed
Huye,South,cfsva_hazard_drought,Households affected mainly by drought (%),31.0,,,,% of households,2024,WFP/MINAGRI/NISR CFSVA 2024 report,"Figure 8.4 (bar heights digitized, about +/-1 point)",observed
Huye,South,cfsva_hazard_floods,Households affected mainly by floods or heavy rains (%),29.0,,,,% of households,2024,WFP/MINAGRI/NISR CFSVA 2024 report,"Figure 8.4 (bar heights digitized, about +/-1 point)",observed
Huye,South,cfsva_hazard_landslides,Households affected mainly by landslides (%),2.0,,,,% of households,2024,WFP/MINAGRI/NISR CFSVA 2024 report,"Figure 8.4 (bar heights digitized, about +/-1 point)",observed
Huye,South,cfsva_inadequate_food_consumption,Households with inadequate (poor or borderline) food consumption (%),20.0,,,,% of households,2024,WFP/MINAGRI/NISR CFSVA 2024 report,Figure 7.3 (sum of rounded chart labels),calculated
Huye,South,dhs_severe_stunting,Severely stunted children under 5 (below -3 SD) (%),5.4,,,,% of children under 5,2025,NISR Rwanda DHS 2025 final report,Table D.4,observed
Huye,South,dhs_stunting,Stunted children under 5 (height-for-age below -2 SD) (%),27.1,,,,% of children under 5,2025,NISR Rwanda DHS 2025 final report,Table D.4,observed
Huye,South,dhs_underweight,Underweight children under 5 (weight-for-age below -2 SD) (%),4.4,,,,% of children under 5,2025,NISR Rwanda DHS 2025 final report,Table D.4,observed
Huye,South,dhs_wasting,Wasted children under 5 (weight-for-height below -2 SD) (%),1.1,,,,% of children under 5,2025,NISR Rwanda DHS 2025 final report,Table D.4,observed
Huye,South,ec_establishments,Establishments (all institutional sectors),6727.0,,,,count,2023,NISR Establishment Census 2023 (tables),Table 2.1.4,observed
Huye,South,ec_informal_employment_share,Informal employment in establishments (% of workers),38.5687,,,,%,2023,NISR Establishment Census 2023 (tables),Table 3. 18 (informal / total counts),calculated
Huye,South,ec_informal_enterprises_share,Informal enterprises (% of enterprises),79.9113,,,,%,2023,NISR Establishment Census 2023 (tables),Table 3. 10 (informal / total counts),calculated
Huye,South,eicv7_electricity_lighting,Households lit mainly by electricity (%),70.6312,2.8028014994539108,65.13367711558169,76.12870234613578,%,2023/24,NISR EICV7 Main Indicators Report (tables),Table A5.14,observed
Huye,South,eicv7_health_insurance,Has health insurance (% of people),82.8771,1.798573506523241,79.34931280965837,86.40488241995082,%,2023/24,NISR EICV7 Main Indicators Report (tables),Table A3.7,observed
Huye,South,eicv7_hh_mobile_phone,Households owning any mobile phone (%),79.2286,1.8680109524046735,75.56462069489517,82.89258436147749,%,2023/24,NISR EICV7 Main Indicators Report (tables),Table A5.18,observed
Huye,South,eicv7_hh_sending_transfers,Households sending transfers to other households (%),83.9962,1.9620933106923981,80.14765787103238,87.84469437538974,%,2023/24,NISR EICV7 Main Indicators Report (tables),Table A8.22,observed
Huye,South,eicv7_hh_smartphone,Households owning a smartphone (%),30.19,2.4998374747323067,25.286744171285015,35.093280992505335,%,2023/24,NISR EICV7 Main Indicators Report (tables),Table A5.19,observed
Huye,South,eicv7_improved_sanitation,Households using improved sanitation (%),99.1716,0.40665998005752213,98.37396590401195,99.96924004021469,%,2023/24,NISR EICV7 Main Indicators Report (tables),Table A5.17,observed
Huye,South,eicv7_improved_water,Households using improved drinking water (%),97.9307,1.1663275921054532,95.64302021539268,100.21837145050134,%,2023/24,NISR EICV7 Main Indicators Report (tables),Table A5.16,observed
Huye,South,eicv7_internet_home,Households with internet access at home (%),28.0568,2.7331783507060687,22.695835512999448,33.41773819910566,%,2023/24,NISR EICV7 Main Indicators Report (tables),Table A5.15,observed
Huye,South,eicv7_metal_roof,Households with metal-sheet roof (%),55.1653,3.0775320070877266,49.12896982291311,61.20172705254928,%,2023/24,NISR EICV7 Main Indicators Report (tables),Table A5.13,observed
Huye,South,eicv7_poverty_rate,Poverty headcount (% of people),24.1907,2.701125167213431,18.89262022804917,29.488782450091197,%,2023/24,NISR EICV7 Main Indicators Report (tables),Table A9.23,observed
Huye,South,eicv7_umudugudu,Households living in umudugudu (%),80.2453,3.585139921876266,73.21331583660869,87.27735280240039,%,2023/24,NISR EICV7 Main Indicators Report (tables),Table A5.12,observed
Huye,South,eicv7_workforce_ratio,Workforce-to-population ratio (%),82.3383,1.115836959258114,80.14968882440894,84.52697188302659,%,2023/24,NISR EICV7 Main Indicators Report (tables),Table A6.20,observed
Huye,South,finscope2020_banked_incl_otc,"Adults using bank services, incl. over-the-counter users without an own account (%). Not comparable with finscope_banked",28.0,,,,% of adults 16+,2020,NISR/AFR FinScope 2020 report,Figure 17 (banked by district),observed
Huye,South,finscope_banked,Banked adults (%),15.0,,,,% of adults 16+,2024,NISR/AFR FinScope 2024 report,Figure 13 (district access strand),observed
Huye,South,finscope_excluded,Financially excluded adults (%),6.0,,,,% of adults 16+,2024,NISR/AFR FinScope 2024 report,Figure 13 (district access strand),observed
Huye,South,finscope_formally_included,Formally included adults (banked + other formal) (%),88.0,,,,% of adults 16+,2024,NISR/AFR FinScope 2024 report,Figure 13 (district access strand),calculated
Huye,South,finscope_informal_only,Informal only (%),6.0,,,,% of adults 16+,2024,NISR/AFR FinScope 2024 report,Figure 13 (district access strand),observed
Huye,South,finscope_not_formally_included,Adults not formally included: informal only or excluded (%),12.0,,,,% of adults 16+,2024,NISR/AFR FinScope 2024 report,Figure 13 (district access strand); 100 - banked - other formal,calculated
Huye,South,finscope_other_formal_only,"Formal non-bank only, e.g. mobile money / SACCO (%)",73.0,,,,% of adults 16+,2024,NISR/AFR FinScope 2024 report,Figure 13 (district access strand),observed
Huye,South,lfs_employment_ratio,Employment-to-population ratio (%),53.3343,1.8515148565146085,49.701791565859814,56.96688770064551,%,2025,NISR LFS 2025 annual (standard errors annex),Annex EPR,observed
Huye,South,lfs_labour_underutilisation,Labour underutilisation rate (%),58.0247,3.000161272994521,52.13861457249007,63.910845290204676,%,2025,NISR LFS 2025 annual (standard errors annex),Annex LUUR,observed
Huye,South,lfs_median_monthly_earnings,Median monthly earnings at main job,31200.0,,,,RWF,2025,NISR LFS 2025 annual tables,Tables 21-25,observed
Huye,South,lfs_neet_youth,"Youth (16-30) not in employment, education or training (%)",25.6299,2.4716804254599505,20.78066520075975,30.479207906076077,%,2025,NISR LFS 2025 annual (standard errors annex),Annex NEET,observed
Huye,South,lfs_outside_labour_force,Population outside the labour force (%),39.1179,1.7438042683471242,35.69667672800936,42.53913095148781,%,2025,NISR LFS 2025 annual (standard errors annex),Annex POLR,observed
Huye,South,lfs_participation_rate,Labour force participation rate (%),60.8821,1.7438042683471244,57.46086904851219,64.30332327199065,%,2025,NISR LFS 2025 annual (standard errors annex),Annex LFPR,observed
Huye,South,lfs_unemployment_rate,Unemployment rate (%),12.3973,1.4466478427925202,9.55910742075342,15.235559658815752,%,2025,NISR LFS 2025 annual (standard errors annex),Annex UR,observed
Huye,South,proj_adults_16plus_2024,Projected adults aged 16+ (2024),244548.0,,,,persons,2024,NISR subnational population projections 2023-2032,single-age tables,projection
Huye,South,proj_adults_16plus_2026,Projected adults aged 16+ (2026),253471.0,,,,persons,2026,NISR subnational population projections 2023-2032,single-age tables,projection
Huye,South,proj_women_16plus_2024,Projected women aged 16+ (2024),123707.0,,,,persons,2024,NISR subnational population projections 2023-2032,single-age tables,projection
Huye,South,proj_women_16plus_2026,Projected women aged 16+ (2026),127253.0,,,,persons,2026,NISR subnational population projections 2023-2032,single-age tables,projection
Huye,South,proj_youth_16_30_2024,Projected youth aged 16-30 (2024),97622.0,,,,persons,2024,NISR subnational population projections 2023-2032,single-age tables,projection
Huye,South,proj_youth_16_30_2026,Projected youth aged 16-30 (2026),101723.0,,,,persons,2026,NISR subnational population projections 2023-2032,single-age tables,projection
Huye,South,rssb_active_members,RSSB active (contributing) members,11613.0,,,,persons,2023/24,NISR Statistical Yearbook 2025 (RSSB data),Table 12.2.3,observed
Nyamagabe,South,calc_establishments_per_1000_adults,"Establishments per 1,000 adults (2023 census / 2024 adults)",29.1321,,,,"per 1,000 adults",2023/24,IMBONIX calculation,ec_establishments / proj_adults_16plus_2024,calculated
Nyamagabe,South,calc_excluded_adults_2024,"Financially excluded adults, approx. (FinScope rate x 2024 projection)",2339.0,,,,persons,2024,IMBONIX calculation,finscope_excluded x proj_adults_16plus_2024,calculated
Nyamagabe,South,calc_informal_only_adults_2024,"Adults relying on informal finance only, approx.",9356.0,,,,persons,2024,IMBONIX calculation,finscope_informal_only x proj_adults_16plus_2024,calculated
Nyamagabe,South,calc_rssb_members_per_100_adults,RSSB active members per 100 adults (formal-sector pension reach proxy),6.2954,,,,per 100 adults,2024,IMBONIX calculation,rssb_active_members / proj_adults_16plus_2024,calculated
Nyamagabe,South,cbhi_registrations,Mutuelle de Sante (CBHI) registrations,341195.0,,,,persons,2024/25,NISR Statistical Yearbook 2025 (RSSB data),Table 12.2.9,observed
Nyamagabe,South,census_electricity,Households with access to electricity (%),46.7,,,,%,2022,NISR RPHC5 Main Indicators (tables),Table 74,observed
Nyamagabe,South,census_female_headed_hh,Households headed by women (%),30.7,,,,%,2022,NISR RPHC5 Main Indicators (tables),Table 59,observed
Nyamagabe,South,census_hh_mobile_phone,Households with a member owning a mobile phone (%),70.5,,,,%,2022,NISR RPHC5 Main Indicators (tables),Table 25,observed
Nyamagabe,South,census_internet_use_16plus,"Used the internet, age 16+ (%)",7.4,,,,%,2022,NISR RPHC5 Main Indicators (tables),Table 21,observed
Nyamagabe,South,census_medical_insurance,Population with medical insurance (%),98.3,,,,%,2022,NISR RPHC5 Main Indicators (tables),Table 28,observed
Nyamagabe,South,census_moderately_poor,"Moderately poor, census non-monetary measure (% of people)",30.7,,,,%,2022,NISR RPHC5 Non-Monetary Poverty report,Table 4.2,observed
Nyamagabe,South,census_mpi,"Multidimensional Poverty Index (M0), census",0.167,,,,index 0-1,2022,NISR RPHC5 Non-Monetary Poverty report,Table 7.2,observed
Nyamagabe,South,census_mpi_headcount,"Multidimensional poverty headcount, census (% of people)",38.8,,,,%,2022,NISR RPHC5 Non-Monetary Poverty report,Table 7.2,observed
Nyamagabe,South,census_nonpoor,"Non-poor, census non-monetary measure (% of people)",32.8,,,,%,2022,NISR RPHC5 Non-Monetary Poverty report,Table 4.2,observed
Nyamagabe,South,census_population,Resident population,371501.0,,,,persons,2022,NISR RPHC5 Main Indicators (tables),Table 1,observed
Nyamagabe,South,census_severely_poor,"Severely poor, census non-monetary measure (% of people)",8.1,,,,%,2022,NISR RPHC5 Non-Monetary Poverty report,Table 4.2,observed
Nyamagabe,South,census_vulnerable,"Vulnerable, census non-monetary measure (% of people)",28.3,,,,%,2022,NISR RPHC5 Non-Monetary Poverty report,Table 4.2,observed
Nyamagabe,South,cfsva_fcs_borderline,Households with borderline food consumption (%),23.0,,,,% of households,2024,WFP/MINAGRI/NISR CFSVA 2024 report,Figure 7.3 (chart labels),observed
Nyamagabe,South,cfsva_fcs_poor,Households with poor food consumption (%),4.0,,,,% of households,2024,WFP/MINAGRI/NISR CFSVA 2024 report,Figure 7.3 (chart labels),observed
Nyamagabe,South,cfsva_hazard_any,Households affected by a natural hazard in the 12 months before the survey (%),80.0,,,,% of households,2024,WFP/MINAGRI/NISR CFSVA 2024 report,"Figure 8.4 (bar heights digitized, about +/-1 point)",observed
Nyamagabe,South,cfsva_hazard_drought,Households affected mainly by drought (%),33.0,,,,% of households,2024,WFP/MINAGRI/NISR CFSVA 2024 report,"Figure 8.4 (bar heights digitized, about +/-1 point)",observed
Nyamagabe,South,cfsva_hazard_floods,Households affected mainly by floods or heavy rains (%),21.0,,,,% of households,2024,WFP/MINAGRI/NISR CFSVA 2024 report,"Figure 8.4 (bar heights digitized, about +/-1 point)",observed
Nyamagabe,South,cfsva_hazard_landslides,Households affected mainly by landslides (%),22.0,,,,% of households,2024,WFP/MINAGRI/NISR CFSVA 2024 report,"Figure 8.4 (bar heights digitized, about +/-1 point)",observed
Nyamagabe,South,cfsva_inadequate_food_consumption,Households with inadequate (poor or borderline) food consumption (%),27.0,,,,% of households,2024,WFP/MINAGRI/NISR CFSVA 2024 report,Figure 7.3 (sum of rounded chart labels),calculated
Nyamagabe,South,dhs_severe_stunting,Severely stunted children under 5 (below -3 SD) (%),6.3,,,,% of children under 5,2025,NISR Rwanda DHS 2025 final report,Table D.4,observed
Nyamagabe,South,dhs_stunting,Stunted children under 5 (height-for-age below -2 SD) (%),29.4,,,,% of children under 5,2025,NISR Rwanda DHS 2025 final report,Table D.4,observed
Nyamagabe,South,dhs_underweight,Underweight children under 5 (weight-for-age below -2 SD) (%),7.2,,,,% of children under 5,2025,NISR Rwanda DHS 2025 final report,Table D.4,observed
Nyamagabe,South,dhs_wasting,Wasted children under 5 (weight-for-height below -2 SD) (%),0.7,,,,% of children under 5,2025,NISR Rwanda DHS 2025 final report,Table D.4,observed
Nyamagabe,South,ec_establishments,Establishments (all institutional sectors),6814.0,,,,count,2023,NISR Establishment Census 2023 (tables),Table 2.1.4,observed
Nyamagabe,South,ec_informal_employment_share,Informal employment in establishments (% of workers),40.9288,,,,%,2023,NISR Establishment Census 2023 (tables),Table 3. 18 (informal / total counts),calculated
Nyamagabe,South,ec_informal_enterprises_share,Informal enterprises (% of enterprises),90.869,,,,%,2023,NISR Establishment Census 2023 (tables),Table 3. 10 (informal / total counts),calculated
Nyamagabe,South,eicv7_electricity_lighting,Households lit mainly by electricity (%),58.1843,3.081790600317723,52.139550524720015,64.22901366093558,%,2023/24,NISR EICV7 Main Indicators Report (tables),Table A5.14,observed
Nyamagabe,South,eicv7_health_insurance,Has health insurance (% of people),86.002,1.8262828697062536,82.41987520637646,89.58414503942076,%,2023/24,NISR EICV7 Main Indicators Report (tables),Table A3.7,observed
Nyamagabe,South,eicv7_hh_mobile_phone,Households owning any mobile phone (%),71.8498,2.51070551681338,66.92524745138758,76.77441818618024,%,2023/24,NISR EICV7 Main Indicators Report (tables),Table A5.18,observed
Nyamagabe,South,eicv7_hh_sending_transfers,Households sending transfers to other households (%),65.3892,1.6517309163916152,62.14945516310125,68.62898041786882,%,2023/24,NISR EICV7 Main Indicators Report (tables),Table A8.22,observed
Nyamagabe,South,eicv7_hh_smartphone,Households owning a smartphone (%),15.0596,2.135046465166395,10.871819343437615,19.247328546455947,%,2023/24,NISR EICV7 Main Indicators Report (tables),Table A5.19,observed
Nyamagabe,South,eicv7_improved_sanitation,Households using improved sanitation (%),92.5273,1.1658289022086608,90.24060407061909,94.81399901021466,%,2023/24,NISR EICV7 Main Indicators Report (tables),Table A5.17,observed
Nyamagabe,South,eicv7_improved_water,Households using improved drinking water (%),81.564,3.439097984739602,74.81839380602281,88.30952727370754,%,2023/24,NISR EICV7 Main Indicators Report (tables),Table A5.16,observed
Nyamagabe,South,eicv7_internet_home,Households with internet access at home (%),9.2381,1.5495650940219474,6.198757573473906,12.277499613706421,%,2023/24,NISR EICV7 Main Indicators Report (tables),Table A5.15,observed
Nyamagabe,South,eicv7_metal_roof,Households with metal-sheet roof (%),22.9565,2.794769485029501,17.474762355969574,28.438279040069055,%,2023/24,NISR EICV7 Main Indicators Report (tables),Table A5.13,observed
Nyamagabe,South,eicv7_poverty_rate,Poverty headcount (% of people),51.3941,3.2140169282663194,45.09000328422896,57.698173083125276,%,2023/24,NISR EICV7 Main Indicators Report (tables),Table A9.23,observed
Nyamagabe,South,eicv7_umudugudu,Households living in umudugudu (%),64.7556,3.3462711155760156,58.19209315766453,71.31907890788663,%,2023/24,NISR EICV7 Main Indicators Report (tables),Table A5.12,observed
Nyamagabe,South,eicv7_workforce_ratio,Workforce-to-population ratio (%),82.8067,1.3481606997982658,80.16241801690403,85.45107685057864,%,2023/24,NISR EICV7 Main Indicators Report (tables),Table A6.20,observed
Nyamagabe,South,finscope2020_banked_incl_otc,"Adults using bank services, incl. over-the-counter users without an own account (%). Not comparable with finscope_banked",22.0,,,,% of adults 16+,2020,NISR/AFR FinScope 2020 report,Figure 17 (banked by district),observed
Nyamagabe,South,finscope_banked,Banked adults (%),11.0,,,,% of adults 16+,2024,NISR/AFR FinScope 2024 report,Figure 13 (district access strand),observed
Nyamagabe,South,finscope_excluded,Financially excluded adults (%),1.0,,,,% of adults 16+,2024,NISR/AFR FinScope 2024 report,Figure 13 (district access strand),observed
Nyamagabe,South,finscope_formally_included,Formally included adults (banked + other formal) (%),95.0,,,,% of adults 16+,2024,NISR/AFR FinScope 2024 report,Figure 13 (district access strand),calculated
Nyamagabe,South,finscope_informal_only,Informal only (%),4.0,,,,% of adults 16+,2024,NISR/AFR FinScope 2024 report,Figure 13 (district access strand),observed
Nyamagabe,South,finscope_not_formally_included,Adults not formally included: informal only or excluded (%),5.0,,,,% of adults 16+,2024,NISR/AFR FinScope 2024 report,Figure 13 (district access strand); 100 - banked - other formal,calculated
Nyamagabe,South,finscope_other_formal_only,"Formal non-bank only, e.g. mobile money / SACCO (%)",84.0,,,,% of adults 16+,2024,NISR/AFR FinScope 2024 report,Figure 13 (district access strand),observed
Nyamagabe,South,lfs_employment_ratio,Employment-to-population ratio (%),52.5567,1.9088299274538427,48.81173036821187,56.301723159311436,%,2025,NISR LFS 2025 annual (standard errors annex),Annex EPR,observed
Nyamagabe,South,lfs_labour_underutilisation,Labour underutilisation rate (%),47.2251,2.7776748345823634,41.77546415842511,52.67468791210533,%,2025,NISR LFS 2025 annual (standard errors annex),Annex LUUR,observed
Nyamagabe,South,lfs_median_monthly_earnings,Median monthly earnings at main job,31200.0,,,,RWF,2025,NISR LFS 2025 annual tables,Tables 21-25,observed
Nyamagabe,South,lfs_neet_youth,"Youth (16-30) not in employment, education or training (%)",25.4974,1.5002784052354248,22.553950385910564,28.440841762789095,%,2025,NISR LFS 2025 annual (standard errors annex),Annex NEET,observed
Nyamagabe,South,lfs_outside_labour_force,Population outside the labour force (%),39.2161,1.9014707531111237,35.48558616127591,42.94670253861927,%,2025,NISR LFS 2025 annual (standard errors annex),Annex POLR,observed
Nyamagabe,South,lfs_participation_rate,Labour force participation rate (%),60.7839,1.9014707531111237,57.05329746138073,64.51441383872408,%,2025,NISR LFS 2025 annual (standard errors annex),Annex LFPR,observed
Nyamagabe,South,lfs_unemployment_rate,Unemployment rate (%),13.5351,1.513584148008178,10.565505311420011,16.50460663954395,%,2025,NISR LFS 2025 annual (standard errors annex),Annex UR,observed
Nyamagabe,South,proj_adults_16plus_2024,Projected adults aged 16+ (2024),233900.0,,,,persons,2024,NISR subnational population projections 2023-2032,single-age tables,projection
Nyamagabe,South,proj_adults_16plus_2026,Projected adults aged 16+ (2026),239176.0,,,,persons,2026,NISR subnational population projections 2023-2032,single-age tables,projection
Nyamagabe,South,proj_women_16plus_2024,Projected women aged 16+ (2024),125437.0,,,,persons,2024,NISR subnational population projections 2023-2032,single-age tables,projection
Nyamagabe,South,proj_women_16plus_2026,Projected women aged 16+ (2026),127728.0,,,,persons,2026,NISR subnational population projections 2023-2032,single-age tables,projection
Nyamagabe,South,proj_youth_16_30_2024,Projected youth aged 16-30 (2024),102204.0,,,,persons,2024,NISR subnational population projections 2023-2032,single-age tables,projection
Nyamagabe,South,proj_youth_16_30_2026,Projected youth aged 16-30 (2026),105072.0,,,,persons,2026,NISR subnational population projections 2023-2032,single-age tables,projection
Nyamagabe,South,rssb_active_members,RSSB active (contributing) members,14725.0,,,,persons,2023/24,NISR Statistical Yearbook 2025 (RSSB data),Table 12.2.3,observed
Ruhango,South,calc_establishments_per_1000_adults,"Establishments per 1,000 adults (2023 census / 2024 adults)",25.5752,,,,"per 1,000 adults",2023/24,IMBONIX calculation,ec_establishments / proj_adults_16plus_2024,calculated
Ruhango,South,calc_excluded_adults_2024,"Financially excluded adults, approx. (FinScope rate x 2024 projection)",6721.35,,,,persons,2024,IMBONIX calculation,finscope_excluded x proj_adults_16plus_2024,calculated
Ruhango,South,calc_informal_only_adults_2024,"Adults relying on informal finance only, approx.",11202.25,,,,persons,2024,IMBONIX calculation,finscope_informal_only x proj_adults_16plus_2024,calculated
Ruhango,South,calc_rssb_members_per_100_adults,RSSB active members per 100 adults (formal-sector pension reach proxy),3.19,,,,per 100 adults,2024,IMBONIX calculation,rssb_active_members / proj_adults_16plus_2024,calculated
Ruhango,South,cbhi_registrations,Mutuelle de Sante (CBHI) registrations,343213.0,,,,persons,2024/25,NISR Statistical Yearbook 2025 (RSSB data),Table 12.2.9,observed
Ruhango,South,census_electricity,Households with access to electricity (%),58.6,,,,%,2022,NISR RPHC5 Main Indicators (tables),Table 74,observed
Ruhango,South,census_female_headed_hh,Households headed by women (%),32.7,,,,%,2022,NISR RPHC5 Main Indicators (tables),Table 59,observed
Ruhango,South,census_hh_mobile_phone,Households with a member owning a mobile phone (%),71.2,,,,%,2022,NISR RPHC5 Main Indicators (tables),Table 25,observed
Ruhango,South,census_internet_use_16plus,"Used the internet, age 16+ (%)",8.7,,,,%,2022,NISR RPHC5 Main Indicators (tables),Table 21,observed
Ruhango,South,census_medical_insurance,Population with medical insurance (%),96.4,,,,%,2022,NISR RPHC5 Main Indicators (tables),Table 28,observed
Ruhango,South,census_moderately_poor,"Moderately poor, census non-monetary measure (% of people)",27.3,,,,%,2022,NISR RPHC5 Non-Monetary Poverty report,Table 4.2,observed
Ruhango,South,census_mpi,"Multidimensional Poverty Index (M0), census",0.156,,,,index 0-1,2022,NISR RPHC5 Non-Monetary Poverty report,Table 7.2,observed
Ruhango,South,census_mpi_headcount,"Multidimensional poverty headcount, census (% of people)",36.0,,,,%,2022,NISR RPHC5 Non-Monetary Poverty report,Table 7.2,observed
Ruhango,South,census_nonpoor,"Non-poor, census non-monetary measure (% of people)",38.8,,,,%,2022,NISR RPHC5 Non-Monetary Poverty report,Table 4.2,observed
Ruhango,South,census_population,Resident population,359121.0,,,,persons,2022,NISR RPHC5 Main Indicators (tables),Table 1,observed
Ruhango,South,census_severely_poor,"Severely poor, census non-monetary measure (% of people)",8.7,,,,%,2022,NISR RPHC5 Non-Monetary Poverty report,Table 4.2,observed
Ruhango,South,census_vulnerable,"Vulnerable, census non-monetary measure (% of people)",25.2,,,,%,2022,NISR RPHC5 Non-Monetary Poverty report,Table 4.2,observed
Ruhango,South,cfsva_fcs_borderline,Households with borderline food consumption (%),18.0,,,,% of households,2024,WFP/MINAGRI/NISR CFSVA 2024 report,Figure 7.3 (chart labels),observed
Ruhango,South,cfsva_fcs_poor,Households with poor food consumption (%),3.0,,,,% of households,2024,WFP/MINAGRI/NISR CFSVA 2024 report,Figure 7.3 (chart labels),observed
Ruhango,South,cfsva_hazard_any,Households affected by a natural hazard in the 12 months before the survey (%),61.0,,,,% of households,2024,WFP/MINAGRI/NISR CFSVA 2024 report,"Figure 8.4 (bar heights digitized, about +/-1 point)",observed
Ruhango,South,cfsva_hazard_drought,Households affected mainly by drought (%),38.0,,,,% of households,2024,WFP/MINAGRI/NISR CFSVA 2024 report,"Figure 8.4 (bar heights digitized, about +/-1 point)",observed
Ruhango,South,cfsva_hazard_floods,Households affected mainly by floods or heavy rains (%),22.0,,,,% of households,2024,WFP/MINAGRI/NISR CFSVA 2024 report,"Figure 8.4 (bar heights digitized, about +/-1 point)",observed
Ruhango,South,cfsva_hazard_landslides,Households affected mainly by landslides (%),0.0,,,,% of households,2024,WFP/MINAGRI/NISR CFSVA 2024 report,"Figure 8.4 (bar heights digitized, about +/-1 point)",observed
Ruhango,South,cfsva_inadequate_food_consumption,Households with inadequate (poor or borderline) food consumption (%),21.0,,,,% of households,2024,WFP/MINAGRI/NISR CFSVA 2024 report,Figure 7.3 (sum of rounded chart labels),calculated
Ruhango,South,dhs_severe_stunting,Severely stunted children under 5 (below -3 SD) (%),4.8,,,,% of children under 5,2025,NISR Rwanda DHS 2025 final report,Table D.4,observed
Ruhango,South,dhs_stunting,Stunted children under 5 (height-for-age below -2 SD) (%),22.0,,,,% of children under 5,2025,NISR Rwanda DHS 2025 final report,Table D.4,observed
Ruhango,South,dhs_underweight,Underweight children under 5 (weight-for-age below -2 SD) (%),5.4,,,,% of children under 5,2025,NISR Rwanda DHS 2025 final report,Table D.4,observed
Ruhango,South,dhs_wasting,Wasted children under 5 (weight-for-height below -2 SD) (%),0.6,,,,% of children under 5,2025,NISR Rwanda DHS 2025 final report,Table D.4,observed
Ruhango,South,ec_establishments,Establishments (all institutional sectors),5730.0,,,,count,2023,NISR Establishment Census 2023 (tables),Table 2.1.4,observed
Ruhango,South,ec_informal_employment_share,Informal employment in establishments (% of workers),43.0971,,,,%,2023,NISR Establishment Census 2023 (tables),Table 3. 18 (informal / total counts),calculated
Ruhango,South,ec_informal_enterprises_share,Informal enterprises (% of enterprises),90.2133,,,,%,2023,NISR Establishment Census 2023 (tables),Table 3. 10 (informal / total counts),calculated
Ruhango,South,eicv7_electricity_lighting,Households lit mainly by electricity (%),69.1725,3.080262562301087,63.13079210084854,75.21426094294466,%,2023/24,NISR EICV7 Main Indicators Report (tables),Table A5.14,observed
Ruhango,South,eicv7_health_insurance,Has health insurance (% of people),83.8207,1.9299474435480093,80.03526555645476,87.60619801085372,%,2023/24,NISR EICV7 Main Indicators Report (tables),Table A3.7,observed
Ruhango,South,eicv7_hh_mobile_phone,Households owning any mobile phone (%),75.71,2.2549302529405466,71.28708910818129,80.13288679633423,%,2023/24,NISR EICV7 Main Indicators Report (tables),Table A5.18,observed
Ruhango,South,eicv7_hh_sending_transfers,Households sending transfers to other households (%),97.0333,0.8096420759075043,95.44520849368877,98.6213289053753,%,2023/24,NISR EICV7 Main Indicators Report (tables),Table A8.22,observed
Ruhango,South,eicv7_hh_smartphone,Households owning a smartphone (%),21.8363,2.4893785533104897,16.953589256335547,26.719097091043743,%,2023/24,NISR EICV7 Main Indicators Report (tables),Table A5.19,observed
Ruhango,South,eicv7_improved_sanitation,Households using improved sanitation (%),90.5734,1.5854050607404668,87.46376372537267,93.68310128705369,%,2023/24,NISR EICV7 Main Indicators Report (tables),Table A5.17,observed
Ruhango,South,eicv7_improved_water,Households using improved drinking water (%),90.4723,1.7255006390407943,87.08780667872544,93.85672094728393,%,2023/24,NISR EICV7 Main Indicators Report (tables),Table A5.16,observed
Ruhango,South,eicv7_internet_home,Households with internet access at home (%),18.6493,2.1900870743046355,14.353564125926383,22.944990469811785,%,2023/24,NISR EICV7 Main Indicators Report (tables),Table A5.15,observed
Ruhango,South,eicv7_metal_roof,Households with metal-sheet roof (%),28.0725,2.863700054412495,22.455552845871438,33.68947517577571,%,2023/24,NISR EICV7 Main Indicators Report (tables),Table A5.13,observed
Ruhango,South,eicv7_poverty_rate,Poverty headcount (% of people),14.9933,2.4379187592341816,10.211480432412767,19.77511819735742,%,2023/24,NISR EICV7 Main Indicators Report (tables),Table A9.23,observed
Ruhango,South,eicv7_umudugudu,Households living in umudugudu (%),62.7411,4.832825423681832,53.261826996462844,72.22037168062903,%,2023/24,NISR EICV7 Main Indicators Report (tables),Table A5.12,observed
Ruhango,South,eicv7_workforce_ratio,Workforce-to-population ratio (%),84.9832,1.3030100912552247,82.42747444786787,87.539013324884,%,2023/24,NISR EICV7 Main Indicators Report (tables),Table A6.20,observed
Ruhango,South,finscope2020_banked_incl_otc,"Adults using bank services, incl. over-the-counter users without an own account (%). Not comparable with finscope_banked",40.0,,,,% of adults 16+,2020,NISR/AFR FinScope 2020 report,Figure 17 (banked by district),observed
Ruhango,South,finscope_banked,Banked adults (%),22.0,,,,% of adults 16+,2024,NISR/AFR FinScope 2024 report,Figure 13 (district access strand),observed
Ruhango,South,finscope_excluded,Financially excluded adults (%),3.0,,,,% of adults 16+,2024,NISR/AFR FinScope 2024 report,Figure 13 (district access strand),observed
Ruhango,South,finscope_formally_included,Formally included adults (banked + other formal) (%),92.0,,,,% of adults 16+,2024,NISR/AFR FinScope 2024 report,Figure 13 (district access strand),calculated
Ruhango,South,finscope_informal_only,Informal only (%),5.0,,,,% of adults 16+,2024,NISR/AFR FinScope 2024 report,Figure 13 (district access strand),observed
Ruhango,South,finscope_not_formally_included,Adults not formally included: informal only or excluded (%),8.0,,,,% of adults 16+,2024,NISR/AFR FinScope 2024 report,Figure 13 (district access strand); 100 - banked - other formal,calculated
Ruhango,South,finscope_other_formal_only,"Formal non-bank only, e.g. mobile money / SACCO (%)",70.0,,,,% of adults 16+,2024,NISR/AFR FinScope 2024 report,Figure 13 (district access strand),observed
Ruhango,South,lfs_employment_ratio,Employment-to-population ratio (%),48.1024,2.1362952767226244,43.911126313512106,52.29366264751426,%,2025,NISR LFS 2025 annual (standard errors annex),Annex EPR,observed
Ruhango,South,lfs_labour_underutilisation,Labour underutilisation rate (%),57.4386,2.3478261933521782,52.83236904460148,62.04492434355322,%,2025,NISR LFS 2025 annual (standard errors annex),Annex LUUR,observed
Ruhango,South,lfs_median_monthly_earnings,Median monthly earnings at main job,31200.0,,,,RWF,2025,NISR LFS 2025 annual tables,Tables 21-25,observed
Ruhango,South,lfs_neet_youth,"Youth (16-30) not in employment, education or training (%)",28.2984,2.311932965150071,23.76250147492135,32.83421655724799,%,2025,NISR LFS 2025 annual (standard errors annex),Annex NEET,observed
Ruhango,South,lfs_outside_labour_force,Population outside the labour force (%),46.8997,2.077860256710587,42.82307483409568,50.97631998173125,%,2025,NISR LFS 2025 annual (standard errors annex),Annex POLR,observed
Ruhango,South,lfs_participation_rate,Labour force participation rate (%),53.1003,2.077860256710587,49.02368001826875,57.17692516590432,%,2025,NISR LFS 2025 annual (standard errors annex),Annex LFPR,observed
Ruhango,South,lfs_unemployment_rate,Unemployment rate (%),9.4122,1.0834049845916138,7.286634720583419,11.537770669220077,%,2025,NISR LFS 2025 annual (standard errors annex),Annex UR,observed
Ruhango,South,proj_adults_16plus_2024,Projected adults aged 16+ (2024),224045.0,,,,persons,2024,NISR subnational population projections 2023-2032,single-age tables,projection
Ruhango,South,proj_adults_16plus_2026,Projected adults aged 16+ (2026),230569.0,,,,persons,2026,NISR subnational population projections 2023-2032,single-age tables,projection
Ruhango,South,proj_women_16plus_2024,Projected women aged 16+ (2024),120025.0,,,,persons,2024,NISR subnational population projections 2023-2032,single-age tables,projection
Ruhango,South,proj_women_16plus_2026,Projected women aged 16+ (2026),123022.0,,,,persons,2026,NISR subnational population projections 2023-2032,single-age tables,projection
Ruhango,South,proj_youth_16_30_2024,Projected youth aged 16-30 (2024),88275.0,,,,persons,2024,NISR subnational population projections 2023-2032,single-age tables,projection
Ruhango,South,proj_youth_16_30_2026,Projected youth aged 16-30 (2026),91169.0,,,,persons,2026,NISR subnational population projections 2023-2032,single-age tables,projection
Ruhango,South,rssb_active_members,RSSB active (contributing) members,7147.0,,,,persons,2023/24,NISR Statistical Yearbook 2025 (RSSB data),Table 12.2.3,observed
Muhanga,South,calc_establishments_per_1000_adults,"Establishments per 1,000 adults (2023 census / 2024 adults)",35.2373,,,,"per 1,000 adults",2023/24,IMBONIX calculation,ec_establishments / proj_adults_16plus_2024,calculated
Muhanga,South,calc_excluded_adults_2024,"Financially excluded adults, approx. (FinScope rate x 2024 projection)",4675.16,,,,persons,2024,IMBONIX calculation,finscope_excluded x proj_adults_16plus_2024,calculated
Muhanga,South,calc_informal_only_adults_2024,"Adults relying on informal finance only, approx.",11687.9,,,,persons,2024,IMBONIX calculation,finscope_informal_only x proj_adults_16plus_2024,calculated
Muhanga,South,calc_rssb_members_per_100_adults,RSSB active members per 100 adults (formal-sector pension reach proxy),4.9748,,,,per 100 adults,2024,IMBONIX calculation,rssb_active_members / proj_adults_16plus_2024,calculated
Muhanga,South,cbhi_registrations,Mutuelle de Sante (CBHI) registrations,324772.0,,,,persons,2024/25,NISR Statistical Yearbook 2025 (RSSB data),Table 12.2.9,observed
Muhanga,South,census_electricity,Households with access to electricity (%),57.2,,,,%,2022,NISR RPHC5 Main Indicators (tables),Table 74,observed
Muhanga,South,census_female_headed_hh,Households headed by women (%),29.1,,,,%,2022,NISR RPHC5 Main Indicators (tables),Table 59,observed
Muhanga,South,census_hh_mobile_phone,Households with a member owning a mobile phone (%),77.9,,,,%,2022,NISR RPHC5 Main Indicators (tables),Table 25,observed
Muhanga,South,census_internet_use_16plus,"Used the internet, age 16+ (%)",14.9,,,,%,2022,NISR RPHC5 Main Indicators (tables),Table 21,observed
Muhanga,South,census_medical_insurance,Population with medical insurance (%),98.0,,,,%,2022,NISR RPHC5 Main Indicators (tables),Table 28,observed
Muhanga,South,census_moderately_poor,"Moderately poor, census non-monetary measure (% of people)",22.6,,,,%,2022,NISR RPHC5 Non-Monetary Poverty report,Table 4.2,observed
Muhanga,South,census_mpi,"Multidimensional Poverty Index (M0), census",0.107,,,,index 0-1,2022,NISR RPHC5 Non-Monetary Poverty report,Table 7.2,observed
Muhanga,South,census_mpi_headcount,"Multidimensional poverty headcount, census (% of people)",26.2,,,,%,2022,NISR RPHC5 Non-Monetary Poverty report,Table 7.2,observed
Muhanga,South,census_nonpoor,"Non-poor, census non-monetary measure (% of people)",50.4,,,,%,2022,NISR RPHC5 Non-Monetary Poverty report,Table 4.2,observed
Muhanga,South,census_population,Resident population,358433.0,,,,persons,2022,NISR RPHC5 Main Indicators (tables),Table 1,observed
Muhanga,South,census_severely_poor,"Severely poor, census non-monetary measure (% of people)",3.6,,,,%,2022,NISR RPHC5 Non-Monetary Poverty report,Table 4.2,observed
Muhanga,South,census_vulnerable,"Vulnerable, census non-monetary measure (% of people)",23.4,,,,%,2022,NISR RPHC5 Non-Monetary Poverty report,Table 4.2,observed
Muhanga,South,cfsva_fcs_borderline,Households with borderline food consumption (%),17.0,,,,% of households,2024,WFP/MINAGRI/NISR CFSVA 2024 report,Figure 7.3 (chart labels),observed
Muhanga,South,cfsva_fcs_poor,Households with poor food consumption (%),1.0,,,,% of households,2024,WFP/MINAGRI/NISR CFSVA 2024 report,Figure 7.3 (chart labels),observed
Muhanga,South,cfsva_hazard_any,Households affected by a natural hazard in the 12 months before the survey (%),74.0,,,,% of households,2024,WFP/MINAGRI/NISR CFSVA 2024 report,"Figure 8.4 (bar heights digitized, about +/-1 point)",observed
Muhanga,South,cfsva_hazard_drought,Households affected mainly by drought (%),27.0,,,,% of households,2024,WFP/MINAGRI/NISR CFSVA 2024 report,"Figure 8.4 (bar heights digitized, about +/-1 point)",observed
Muhanga,South,cfsva_hazard_floods,Households affected mainly by floods or heavy rains (%),25.0,,,,% of households,2024,WFP/MINAGRI/NISR CFSVA 2024 report,"Figure 8.4 (bar heights digitized, about +/-1 point)",observed
Muhanga,South,cfsva_hazard_landslides,Households affected mainly by landslides (%),22.0,,,,% of households,2024,WFP/MINAGRI/NISR CFSVA 2024 report,"Figure 8.4 (bar heights digitized, about +/-1 point)",observed
Muhanga,South,cfsva_inadequate_food_consumption,Households with inadequate (poor or borderline) food consumption (%),18.0,,,,% of households,2024,WFP/MINAGRI/NISR CFSVA 2024 report,Figure 7.3 (sum of rounded chart labels),calculated
Muhanga,South,dhs_severe_stunting,Severely stunted children under 5 (below -3 SD) (%),4.1,,,,% of children under 5,2025,NISR Rwanda DHS 2025 final report,Table D.4,observed
Muhanga,South,dhs_stunting,Stunted children under 5 (height-for-age below -2 SD) (%),26.6,,,,% of children under 5,2025,NISR Rwanda DHS 2025 final report,Table D.4,observed
Muhanga,South,dhs_underweight,Underweight children under 5 (weight-for-age below -2 SD) (%),5.7,,,,% of children under 5,2025,NISR Rwanda DHS 2025 final report,Table D.4,observed
Muhanga,South,dhs_wasting,Wasted children under 5 (weight-for-height below -2 SD) (%),0.0,,,,% of children under 5,2025,NISR Rwanda DHS 2025 final report,Table D.4,observed
Muhanga,South,ec_establishments,Establishments (all institutional sectors),8237.0,,,,count,2023,NISR Establishment Census 2023 (tables),Table 2.1.4,observed
Muhanga,South,ec_informal_employment_share,Informal employment in establishments (% of workers),48.4537,,,,%,2023,NISR Establishment Census 2023 (tables),Table 3. 18 (informal / total counts),calculated
Muhanga,South,ec_informal_enterprises_share,Informal enterprises (% of enterprises),91.2051,,,,%,2023,NISR Establishment Census 2023 (tables),Table 3. 10 (informal / total counts),calculated
Muhanga,South,eicv7_electricity_lighting,Households lit mainly by electricity (%),67.4805,2.994465087835253,61.607030543239134,73.35392706772608,%,2023/24,NISR EICV7 Main Indicators Report (tables),Table A5.14,observed
Muhanga,South,eicv7_health_insurance,Has health insurance (% of people),89.8348,1.586627784388012,86.72270723007324,92.94684137736951,%,2023/24,NISR EICV7 Main Indicators Report (tables),Table A3.7,observed
Muhanga,South,eicv7_hh_mobile_phone,Households owning any mobile phone (%),82.7658,1.8312540732064448,79.17392663027248,86.35769784717199,%,2023/24,NISR EICV7 Main Indicators Report (tables),Table A5.18,observed
Muhanga,South,eicv7_hh_sending_transfers,Households sending transfers to other households (%),76.5514,2.028117928050301,72.57339817798756,80.52944065684197,%,2023/24,NISR EICV7 Main Indicators Report (tables),Table A8.22,observed
Muhanga,South,eicv7_hh_smartphone,Households owning a smartphone (%),28.9848,2.376795007791061,24.322878980813144,33.64673622992956,%,2023/24,NISR EICV7 Main Indicators Report (tables),Table A5.19,observed
Muhanga,South,eicv7_improved_sanitation,Households using improved sanitation (%),95.7856,1.0471256522348822,93.7317422933071,97.83947984379938,%,2023/24,NISR EICV7 Main Indicators Report (tables),Table A5.17,observed
Muhanga,South,eicv7_improved_water,Households using improved drinking water (%),92.4225,1.7487694793210027,88.99235533898597,95.85255023730598,%,2023/24,NISR EICV7 Main Indicators Report (tables),Table A5.16,observed
Muhanga,South,eicv7_internet_home,Households with internet access at home (%),25.6891,2.2759575856896976,21.22492988484392,30.153215060659907,%,2023/24,NISR EICV7 Main Indicators Report (tables),Table A5.15,observed
Muhanga,South,eicv7_metal_roof,Households with metal-sheet roof (%),26.4202,2.462589210057182,21.589950363763034,31.250367094075333,%,2023/24,NISR EICV7 Main Indicators Report (tables),Table A5.13,observed
Muhanga,South,eicv7_poverty_rate,Poverty headcount (% of people),14.9517,2.1870259498815816,10.661958513908766,19.241376465379687,%,2023/24,NISR EICV7 Main Indicators Report (tables),Table A9.23,observed
Muhanga,South,eicv7_umudugudu,Households living in umudugudu (%),70.5712,3.2861329489791027,64.12563410762033,77.01670566299805,%,2023/24,NISR EICV7 Main Indicators Report (tables),Table A5.12,observed
Muhanga,South,eicv7_workforce_ratio,Workforce-to-population ratio (%),80.3955,1.4042342832693597,77.64123329072311,83.1498614890325,%,2023/24,NISR EICV7 Main Indicators Report (tables),Table A6.20,observed
Muhanga,South,finscope2020_banked_incl_otc,"Adults using bank services, incl. over-the-counter users without an own account (%). Not comparable with finscope_banked",23.0,,,,% of adults 16+,2020,NISR/AFR FinScope 2020 report,Figure 17 (banked by district),observed
Muhanga,South,finscope_banked,Banked adults (%),17.0,,,,% of adults 16+,2024,NISR/AFR FinScope 2024 report,Figure 13 (district access strand),observed
Muhanga,South,finscope_excluded,Financially excluded adults (%),2.0,,,,% of adults 16+,2024,NISR/AFR FinScope 2024 report,Figure 13 (district access strand),observed
Muhanga,South,finscope_formally_included,Formally included adults (banked + other formal) (%),93.0,,,,% of adults 16+,2024,NISR/AFR FinScope 2024 report,Figure 13 (district access strand),calculated
Muhanga,South,finscope_informal_only,Informal only (%),5.0,,,,% of adults 16+,2024,NISR/AFR FinScope 2024 report,Figure 13 (district access strand),observed
Muhanga,South,finscope_not_formally_included,Adults not formally included: informal only or excluded (%),7.0,,,,% of adults 16+,2024,NISR/AFR FinScope 2024 report,Figure 13 (district access strand); 100 - banked - other formal,calculated
Muhanga,South,finscope_other_formal_only,"Formal non-bank only, e.g. mobile money / SACCO (%)",76.0,,,,% of adults 16+,2024,NISR/AFR FinScope 2024 report,Figure 13 (district access strand),observed
Muhanga,South,lfs_employment_ratio,Employment-to-population ratio (%),50.0182,2.0007798798161742,46.09283672166822,53.94362880160463,%,2025,NISR LFS 2025 annual (standard errors annex),Annex EPR,observed
Muhanga,South,lfs_labour_underutilisation,Labour underutilisation rate (%),65.2723,2.3298183885649717,60.70140029452531,69.84329538111355,%,2025,NISR LFS 2025 annual (standard errors annex),Annex LUUR,observed
Muhanga,South,lfs_median_monthly_earnings,Median monthly earnings at main job,39000.0,,,,RWF,2025,NISR LFS 2025 annual tables,Tables 21-25,observed
Muhanga,South,lfs_neet_youth,"Youth (16-30) not in employment, education or training (%)",32.3051,2.200943408023498,27.98703938449284,36.62324632080344,%,2025,NISR LFS 2025 annual (standard errors annex),Annex NEET,observed
Muhanga,South,lfs_outside_labour_force,Population outside the labour force (%),42.7844,1.8997926353079553,39.057163943970004,46.51169561197515,%,2025,NISR LFS 2025 annual (standard errors annex),Annex POLR,observed
Muhanga,South,lfs_participation_rate,Labour force participation rate (%),57.2156,1.8997926353079546,53.48830438802485,60.942836056029996,%,2025,NISR LFS 2025 annual (standard errors annex),Annex LFPR,observed
Muhanga,South,lfs_unemployment_rate,Unemployment rate (%),12.5793,1.1836974716761695,10.256998506481743,14.901668732038907,%,2025,NISR LFS 2025 annual (standard errors annex),Annex UR,observed
Muhanga,South,proj_adults_16plus_2024,Projected adults aged 16+ (2024),233758.0,,,,persons,2024,NISR subnational population projections 2023-2032,single-age tables,projection
Muhanga,South,proj_adults_16plus_2026,Projected adults aged 16+ (2026),240405.0,,,,persons,2026,NISR subnational population projections 2023-2032,single-age tables,projection
Muhanga,South,proj_women_16plus_2024,Projected women aged 16+ (2024),122206.0,,,,persons,2024,NISR subnational population projections 2023-2032,single-age tables,projection
Muhanga,South,proj_women_16plus_2026,Projected women aged 16+ (2026),125073.0,,,,persons,2026,NISR subnational population projections 2023-2032,single-age tables,projection
Muhanga,South,proj_youth_16_30_2024,Projected youth aged 16-30 (2024),93941.0,,,,persons,2024,NISR subnational population projections 2023-2032,single-age tables,projection
Muhanga,South,proj_youth_16_30_2026,Projected youth aged 16-30 (2026),97159.0,,,,persons,2026,NISR subnational population projections 2023-2032,single-age tables,projection
Muhanga,South,rssb_active_members,RSSB active (contributing) members,11629.0,,,,persons,2023/24,NISR Statistical Yearbook 2025 (RSSB data),Table 12.2.3,observed
Kamonyi,South,calc_establishments_per_1000_adults,"Establishments per 1,000 adults (2023 census / 2024 adults)",30.6137,,,,"per 1,000 adults",2023/24,IMBONIX calculation,ec_establishments / proj_adults_16plus_2024,calculated
Kamonyi,South,calc_excluded_adults_2024,"Financially excluded adults, approx. (FinScope rate x 2024 projection)",8775.48,,,,persons,2024,IMBONIX calculation,finscope_excluded x proj_adults_16plus_2024,calculated
Kamonyi,South,calc_informal_only_adults_2024,"Adults relying on informal finance only, approx.",11700.64,,,,persons,2024,IMBONIX calculation,finscope_informal_only x proj_adults_16plus_2024,calculated
Kamonyi,South,calc_rssb_members_per_100_adults,RSSB active members per 100 adults (formal-sector pension reach proxy),2.5185,,,,per 100 adults,2024,IMBONIX calculation,rssb_active_members / proj_adults_16plus_2024,calculated
Kamonyi,South,cbhi_registrations,Mutuelle de Sante (CBHI) registrations,412417.0,,,,persons,2024/25,NISR Statistical Yearbook 2025 (RSSB data),Table 12.2.9,observed
Kamonyi,South,census_electricity,Households with access to electricity (%),54.0,,,,%,2022,NISR RPHC5 Main Indicators (tables),Table 74,observed
Kamonyi,South,census_female_headed_hh,Households headed by women (%),28.1,,,,%,2022,NISR RPHC5 Main Indicators (tables),Table 59,observed
Kamonyi,South,census_hh_mobile_phone,Households with a member owning a mobile phone (%),79.6,,,,%,2022,NISR RPHC5 Main Indicators (tables),Table 25,observed
Kamonyi,South,census_internet_use_16plus,"Used the internet, age 16+ (%)",14.4,,,,%,2022,NISR RPHC5 Main Indicators (tables),Table 21,observed
Kamonyi,South,census_medical_insurance,Population with medical insurance (%),97.7,,,,%,2022,NISR RPHC5 Main Indicators (tables),Table 28,observed
Kamonyi,South,census_moderately_poor,"Moderately poor, census non-monetary measure (% of people)",21.8,,,,%,2022,NISR RPHC5 Non-Monetary Poverty report,Table 4.2,observed
Kamonyi,South,census_mpi,"Multidimensional Poverty Index (M0), census",0.111,,,,index 0-1,2022,NISR RPHC5 Non-Monetary Poverty report,Table 7.2,observed
Kamonyi,South,census_mpi_headcount,"Multidimensional poverty headcount, census (% of people)",26.6,,,,%,2022,NISR RPHC5 Non-Monetary Poverty report,Table 7.2,observed
Kamonyi,South,census_nonpoor,"Non-poor, census non-monetary measure (% of people)",49.2,,,,%,2022,NISR RPHC5 Non-Monetary Poverty report,Table 4.2,observed
Kamonyi,South,census_population,Resident population,450849.0,,,,persons,2022,NISR RPHC5 Main Indicators (tables),Table 1,observed
Kamonyi,South,census_severely_poor,"Severely poor, census non-monetary measure (% of people)",4.8,,,,%,2022,NISR RPHC5 Non-Monetary Poverty report,Table 4.2,observed
Kamonyi,South,census_vulnerable,"Vulnerable, census non-monetary measure (% of people)",24.2,,,,%,2022,NISR RPHC5 Non-Monetary Poverty report,Table 4.2,observed
Kamonyi,South,cfsva_fcs_borderline,Households with borderline food consumption (%),9.0,,,,% of households,2024,WFP/MINAGRI/NISR CFSVA 2024 report,Figure 7.3 (chart labels),observed
Kamonyi,South,cfsva_fcs_poor,Households with poor food consumption (%),0.0,,,,% of households,2024,WFP/MINAGRI/NISR CFSVA 2024 report,Figure 7.3 (chart labels),observed
Kamonyi,South,cfsva_hazard_any,Households affected by a natural hazard in the 12 months before the survey (%),52.0,,,,% of households,2024,WFP/MINAGRI/NISR CFSVA 2024 report,"Figure 8.4 (bar heights digitized, about +/-1 point)",observed
Kamonyi,South,cfsva_hazard_drought,Households affected mainly by drought (%),19.0,,,,% of households,2024,WFP/MINAGRI/NISR CFSVA 2024 report,"Figure 8.4 (bar heights digitized, about +/-1 point)",observed
Kamonyi,South,cfsva_hazard_floods,Households affected mainly by floods or heavy rains (%),27.0,,,,% of households,2024,WFP/MINAGRI/NISR CFSVA 2024 report,"Figure 8.4 (bar heights digitized, about +/-1 point)",observed
Kamonyi,South,cfsva_hazard_landslides,Households affected mainly by landslides (%),6.0,,,,% of households,2024,WFP/MINAGRI/NISR CFSVA 2024 report,"Figure 8.4 (bar heights digitized, about +/-1 point)",observed
Kamonyi,South,cfsva_inadequate_food_consumption,Households with inadequate (poor or borderline) food consumption (%),9.0,,,,% of households,2024,WFP/MINAGRI/NISR CFSVA 2024 report,Figure 7.3 (sum of rounded chart labels),calculated
Kamonyi,South,dhs_severe_stunting,Severely stunted children under 5 (below -3 SD) (%),3.7,,,,% of children under 5,2025,NISR Rwanda DHS 2025 final report,Table D.4,observed
Kamonyi,South,dhs_stunting,Stunted children under 5 (height-for-age below -2 SD) (%),21.1,,,,% of children under 5,2025,NISR Rwanda DHS 2025 final report,Table D.4,observed
Kamonyi,South,dhs_underweight,Underweight children under 5 (weight-for-age below -2 SD) (%),6.7,,,,% of children under 5,2025,NISR Rwanda DHS 2025 final report,Table D.4,observed
Kamonyi,South,dhs_wasting,Wasted children under 5 (weight-for-height below -2 SD) (%),1.6,,,,% of children under 5,2025,NISR Rwanda DHS 2025 final report,Table D.4,observed
Kamonyi,South,ec_establishments,Establishments (all institutional sectors),8955.0,,,,count,2023,NISR Establishment Census 2023 (tables),Table 2.1.4,observed
Kamonyi,South,ec_informal_employment_share,Informal employment in establishments (% of workers),51.7338,,,,%,2023,NISR Establishment Census 2023 (tables),Table 3. 18 (informal / total counts),calculated
Kamonyi,South,ec_informal_enterprises_share,Informal enterprises (% of enterprises),89.5351,,,,%,2023,NISR Establishment Census 2023 (tables),Table 3. 10 (informal / total counts),calculated
Kamonyi,South,eicv7_electricity_lighting,Households lit mainly by electricity (%),62.5056,2.997905996050373,56.6253981304714,68.38579288972404,%,2023/24,NISR EICV7 Main Indicators Report (tables),Table A5.14,observed
Kamonyi,South,eicv7_health_insurance,Has health insurance (% of people),80.5951,2.5619698500102985,75.56992530253643,85.62019933952064,%,2023/24,NISR EICV7 Main Indicators Report (tables),Table A3.7,observed
Kamonyi,South,eicv7_hh_mobile_phone,Households owning any mobile phone (%),84.2769,1.9538062765758668,80.44464564012262,88.10917318898831,%,2023/24,NISR EICV7 Main Indicators Report (tables),Table A5.18,observed
Kamonyi,South,eicv7_hh_sending_transfers,Households sending transfers to other households (%),52.4275,2.760423926917436,47.01313736567134,57.84192089864571,%,2023/24,NISR EICV7 Main Indicators Report (tables),Table A8.22,observed
Kamonyi,South,eicv7_hh_smartphone,Households owning a smartphone (%),29.1179,2.5482560899588846,24.119699273252902,34.11617601570862,%,2023/24,NISR EICV7 Main Indicators Report (tables),Table A5.19,observed
Kamonyi,South,eicv7_improved_sanitation,Households using improved sanitation (%),86.1707,1.5175468493299447,83.19415819210336,89.14729682863596,%,2023/24,NISR EICV7 Main Indicators Report (tables),Table A5.17,observed
Kamonyi,South,eicv7_improved_water,Households using improved drinking water (%),89.2491,2.4414751643451025,84.46027613126941,94.03786521025904,%,2023/24,NISR EICV7 Main Indicators Report (tables),Table A5.16,observed
Kamonyi,South,eicv7_internet_home,Households with internet access at home (%),24.1568,2.787394662452795,18.689515957088418,29.624102172755677,%,2023/24,NISR EICV7 Main Indicators Report (tables),Table A5.15,observed
Kamonyi,South,eicv7_metal_roof,Households with metal-sheet roof (%),65.1267,3.7369407295461965,57.79688749217386,72.45641925510856,%,2023/24,NISR EICV7 Main Indicators Report (tables),Table A5.13,observed
Kamonyi,South,eicv7_poverty_rate,Poverty headcount (% of people),39.6457,3.333571462261705,33.10715244752541,46.184319111866,%,2023/24,NISR EICV7 Main Indicators Report (tables),Table A9.23,observed
Kamonyi,South,eicv7_umudugudu,Households living in umudugudu (%),62.4597,4.2883837592447245,54.048275970949476,70.87104691651263,%,2023/24,NISR EICV7 Main Indicators Report (tables),Table A5.12,observed
Kamonyi,South,eicv7_workforce_ratio,Workforce-to-population ratio (%),74.727,1.4370394626965977,71.90836001155863,77.54567865603967,%,2023/24,NISR EICV7 Main Indicators Report (tables),Table A6.20,observed
Kamonyi,South,finscope2020_banked_incl_otc,"Adults using bank services, incl. over-the-counter users without an own account (%). Not comparable with finscope_banked",30.0,,,,% of adults 16+,2020,NISR/AFR FinScope 2020 report,Figure 17 (banked by district),observed
Kamonyi,South,finscope_banked,Banked adults (%),16.0,,,,% of adults 16+,2024,NISR/AFR FinScope 2024 report,Figure 13 (district access strand),observed
Kamonyi,South,finscope_excluded,Financially excluded adults (%),3.0,,,,% of adults 16+,2024,NISR/AFR FinScope 2024 report,Figure 13 (district access strand),observed
Kamonyi,South,finscope_formally_included,Formally included adults (banked + other formal) (%),92.0,,,,% of adults 16+,2024,NISR/AFR FinScope 2024 report,Figure 13 (district access strand),calculated
Kamonyi,South,finscope_informal_only,Informal only (%),4.0,,,,% of adults 16+,2024,NISR/AFR FinScope 2024 report,Figure 13 (district access strand),observed
Kamonyi,South,finscope_not_formally_included,Adults not formally included: informal only or excluded (%),8.0,,,,% of adults 16+,2024,NISR/AFR FinScope 2024 report,Figure 13 (district access strand); 100 - banked - other formal,calculated
Kamonyi,South,finscope_other_formal_only,"Formal non-bank only, e.g. mobile money / SACCO (%)",76.0,,,,% of adults 16+,2024,NISR/AFR FinScope 2024 report,Figure 13 (district access strand),observed
Kamonyi,South,lfs_employment_ratio,Employment-to-population ratio (%),46.6026,1.49816627863176,43.663286321282484,49.54188999646071,%,2025,NISR LFS 2025 annual (standard errors annex),Annex EPR,observed
Kamonyi,South,lfs_labour_underutilisation,Labour underutilisation rate (%),63.6259,1.8748699861181586,59.94757324647018,67.30431177948626,%,2025,NISR LFS 2025 annual (standard errors annex),Annex LUUR,observed
Kamonyi,South,lfs_median_monthly_earnings,Median monthly earnings at main job,46800.0,,,,RWF,2025,NISR LFS 2025 annual tables,Tables 21-25,observed
Kamonyi,South,lfs_neet_youth,"Youth (16-30) not in employment, education or training (%)",28.7575,1.7070143220595508,25.408466610006567,32.10656201528145,%,2025,NISR LFS 2025 annual (standard errors annex),Annex NEET,observed
Kamonyi,South,lfs_outside_labour_force,Population outside the labour force (%),43.5732,1.534750183169408,40.56211660372295,46.58427061689424,%,2025,NISR LFS 2025 annual (standard errors annex),Annex POLR,observed
Kamonyi,South,lfs_participation_rate,Labour force participation rate (%),56.4268,1.534750183169408,53.41572938310576,59.43788339627705,%,2025,NISR LFS 2025 annual (standard errors annex),Annex LFPR,observed
Kamonyi,South,lfs_unemployment_rate,Unemployment rate (%),17.4106,1.1535305374944465,15.147401969348532,19.673701188510133,%,2025,NISR LFS 2025 annual (standard errors annex),Annex UR,observed
Kamonyi,South,proj_adults_16plus_2024,Projected adults aged 16+ (2024),292516.0,,,,persons,2024,NISR subnational population projections 2023-2032,single-age tables,projection
Kamonyi,South,proj_adults_16plus_2026,Projected adults aged 16+ (2026),310989.0,,,,persons,2026,NISR subnational population projections 2023-2032,single-age tables,projection
Kamonyi,South,proj_women_16plus_2024,Projected women aged 16+ (2024),154084.0,,,,persons,2024,NISR subnational population projections 2023-2032,single-age tables,projection
Kamonyi,South,proj_women_16plus_2026,Projected women aged 16+ (2026),162996.0,,,,persons,2026,NISR subnational population projections 2023-2032,single-age tables,projection
Kamonyi,South,proj_youth_16_30_2024,Projected youth aged 16-30 (2024),119041.0,,,,persons,2024,NISR subnational population projections 2023-2032,single-age tables,projection
Kamonyi,South,proj_youth_16_30_2026,Projected youth aged 16-30 (2026),127186.0,,,,persons,2026,NISR subnational population projections 2023-2032,single-age tables,projection
Kamonyi,South,rssb_active_members,RSSB active (contributing) members,7367.0,,,,persons,2023/24,NISR Statistical Yearbook 2025 (RSSB data),Table 12.2.3,observed
Karongi,West,calc_establishments_per_1000_adults,"Establishments per 1,000 adults (2023 census / 2024 adults)",26.4333,,,,"per 1,000 adults",2023/24,IMBONIX calculation,ec_establishments / proj_adults_16plus_2024,calculated
Karongi,West,calc_excluded_adults_2024,"Financially excluded adults, approx. (FinScope rate x 2024 projection)",6896.97,,,,persons,2024,IMBONIX calculation,finscope_excluded x proj_adults_16plus_2024,calculated
Karongi,West,calc_informal_only_adults_2024,"Adults relying on informal finance only, approx.",13793.94,,,,persons,2024,IMBONIX calculation,finscope_informal_only x proj_adults_16plus_2024,calculated
Karongi,West,calc_rssb_members_per_100_adults,RSSB active members per 100 adults (formal-sector pension reach proxy),5.0653,,,,per 100 adults,2024,IMBONIX calculation,rssb_active_members / proj_adults_16plus_2024,calculated
Karongi,West,cbhi_registrations,Mutuelle de Sante (CBHI) registrations,326229.0,,,,persons,2024/25,NISR Statistical Yearbook 2025 (RSSB data),Table 12.2.9,observed
Karongi,West,census_electricity,Households with access to electricity (%),50.3,,,,%,2022,NISR RPHC5 Main Indicators (tables),Table 74,observed
Karongi,West,census_female_headed_hh,Households headed by women (%),31.8,,,,%,2022,NISR RPHC5 Main Indicators (tables),Table 59,observed
Karongi,West,census_hh_mobile_phone,Households with a member owning a mobile phone (%),74.1,,,,%,2022,NISR RPHC5 Main Indicators (tables),Table 25,observed
Karongi,West,census_internet_use_16plus,"Used the internet, age 16+ (%)",9.5,,,,%,2022,NISR RPHC5 Main Indicators (tables),Table 21,observed
Karongi,West,census_medical_insurance,Population with medical insurance (%),97.8,,,,%,2022,NISR RPHC5 Main Indicators (tables),Table 28,observed
Karongi,West,census_moderately_poor,"Moderately poor, census non-monetary measure (% of people)",28.0,,,,%,2022,NISR RPHC5 Non-Monetary Poverty report,Table 4.2,observed
Karongi,West,census_mpi,"Multidimensional Poverty Index (M0), census",0.145,,,,index 0-1,2022,NISR RPHC5 Non-Monetary Poverty report,Table 7.2,observed
Karongi,West,census_mpi_headcount,"Multidimensional poverty headcount, census (% of people)",34.3,,,,%,2022,NISR RPHC5 Non-Monetary Poverty report,Table 7.2,observed
Karongi,West,census_nonpoor,"Non-poor, census non-monetary measure (% of people)",36.8,,,,%,2022,NISR RPHC5 Non-Monetary Poverty report,Table 4.2,observed
Karongi,West,census_population,Resident population,373869.0,,,,persons,2022,NISR RPHC5 Main Indicators (tables),Table 1,observed
Karongi,West,census_severely_poor,"Severely poor, census non-monetary measure (% of people)",6.3,,,,%,2022,NISR RPHC5 Non-Monetary Poverty report,Table 4.2,observed
Karongi,West,census_vulnerable,"Vulnerable, census non-monetary measure (% of people)",28.9,,,,%,2022,NISR RPHC5 Non-Monetary Poverty report,Table 4.2,observed
Karongi,West,cfsva_fcs_borderline,Households with borderline food consumption (%),19.0,,,,% of households,2024,WFP/MINAGRI/NISR CFSVA 2024 report,Figure 7.3 (chart labels),observed
Karongi,West,cfsva_fcs_poor,Households with poor food consumption (%),2.0,,,,% of households,2024,WFP/MINAGRI/NISR CFSVA 2024 report,Figure 7.3 (chart labels),observed
Karongi,West,cfsva_hazard_any,Households affected by a natural hazard in the 12 months before the survey (%),62.0,,,,% of households,2024,WFP/MINAGRI/NISR CFSVA 2024 report,"Figure 8.4 (bar heights digitized, about +/-1 point)",observed
Karongi,West,cfsva_hazard_drought,Households affected mainly by drought (%),9.0,,,,% of households,2024,WFP/MINAGRI/NISR CFSVA 2024 report,"Figure 8.4 (bar heights digitized, about +/-1 point)",observed
Karongi,West,cfsva_hazard_floods,Households affected mainly by floods or heavy rains (%),33.0,,,,% of households,2024,WFP/MINAGRI/NISR CFSVA 2024 report,"Figure 8.4 (bar heights digitized, about +/-1 point)",observed
Karongi,West,cfsva_hazard_landslides,Households affected mainly by landslides (%),16.0,,,,% of households,2024,WFP/MINAGRI/NISR CFSVA 2024 report,"Figure 8.4 (bar heights digitized, about +/-1 point)",observed
Karongi,West,cfsva_inadequate_food_consumption,Households with inadequate (poor or borderline) food consumption (%),21.0,,,,% of households,2024,WFP/MINAGRI/NISR CFSVA 2024 report,Figure 7.3 (sum of rounded chart labels),calculated
Karongi,West,dhs_severe_stunting,Severely stunted children under 5 (below -3 SD) (%),10.9,,,,% of children under 5,2025,NISR Rwanda DHS 2025 final report,Table D.4,observed
Karongi,West,dhs_stunting,Stunted children under 5 (height-for-age below -2 SD) (%),33.5,,,,% of children under 5,2025,NISR Rwanda DHS 2025 final report,Table D.4,observed
Karongi,West,dhs_underweight,Underweight children under 5 (weight-for-age below -2 SD) (%),4.8,,,,% of children under 5,2025,NISR Rwanda DHS 2025 final report,Table D.4,observed
Karongi,West,dhs_wasting,Wasted children under 5 (weight-for-height below -2 SD) (%),0.7,,,,% of children under 5,2025,NISR Rwanda DHS 2025 final report,Table D.4,observed
Karongi,West,ec_establishments,Establishments (all institutional sectors),6077.0,,,,count,2023,NISR Establishment Census 2023 (tables),Table 2.1.4,observed
Karongi,West,ec_informal_employment_share,Informal employment in establishments (% of workers),30.6357,,,,%,2023,NISR Establishment Census 2023 (tables),Table 3. 18 (informal / total counts),calculated
Karongi,West,ec_informal_enterprises_share,Informal enterprises (% of enterprises),91.8731,,,,%,2023,NISR Establishment Census 2023 (tables),Table 3. 10 (informal / total counts),calculated
Karongi,West,eicv7_electricity_lighting,Households lit mainly by electricity (%),67.7587,2.8872660737570244,62.095543507967534,73.42191226239646,%,2023/24,NISR EICV7 Main Indicators Report (tables),Table A5.14,observed
Karongi,West,eicv7_health_insurance,Has health insurance (% of people),85.0689,1.847049101579319,81.44602149256714,88.69175454854478,%,2023/24,NISR EICV7 Main Indicators Report (tables),Table A3.7,observed
Karongi,West,eicv7_hh_mobile_phone,Households owning any mobile phone (%),84.2583,2.0494456722440137,80.23846885298806,88.27817729447534,%,2023/24,NISR EICV7 Main Indicators Report (tables),Table A5.18,observed
Karongi,West,eicv7_hh_sending_transfers,Households sending transfers to other households (%),96.9719,0.7969180517369141,95.40875874283995,98.53496446494998,%,2023/24,NISR EICV7 Main Indicators Report (tables),Table A8.22,observed
Karongi,West,eicv7_hh_smartphone,Households owning a smartphone (%),25.8882,2.8247444941448197,20.34763313364851,31.42873787440246,%,2023/24,NISR EICV7 Main Indicators Report (tables),Table A5.19,observed
Karongi,West,eicv7_improved_sanitation,Households using improved sanitation (%),98.14,0.5792535961832278,97.00384078824094,99.27617720099248,%,2023/24,NISR EICV7 Main Indicators Report (tables),Table A5.17,observed
Karongi,West,eicv7_improved_water,Households using improved drinking water (%),78.521,3.0361581502079136,72.56579952943311,84.47625250728136,%,2023/24,NISR EICV7 Main Indicators Report (tables),Table A5.16,observed
Karongi,West,eicv7_internet_home,Households with internet access at home (%),24.0483,2.655787599460348,18.839191156241736,29.25750000499485,%,2023/24,NISR EICV7 Main Indicators Report (tables),Table A5.15,observed
Karongi,West,eicv7_metal_roof,Households with metal-sheet roof (%),45.6825,5.122317176266363,35.635442935393854,55.72962606000057,%,2023/24,NISR EICV7 Main Indicators Report (tables),Table A5.13,observed
Karongi,West,eicv7_poverty_rate,Poverty headcount (% of people),38.1894,3.3583435665523726,31.60222126876338,44.776565671785384,%,2023/24,NISR EICV7 Main Indicators Report (tables),Table A9.23,observed
Karongi,West,eicv7_umudugudu,Households living in umudugudu (%),56.0551,2.85856793089972,50.448176950443404,61.661966628242176,%,2023/24,NISR EICV7 Main Indicators Report (tables),Table A5.12,observed
Karongi,West,eicv7_workforce_ratio,Workforce-to-population ratio (%),85.2765,1.3134316246219777,82.70025058827252,87.85267178333038,%,2023/24,NISR EICV7 Main Indicators Report (tables),Table A6.20,observed
Karongi,West,finscope2020_banked_incl_otc,"Adults using bank services, incl. over-the-counter users without an own account (%). Not comparable with finscope_banked",14.0,,,,% of adults 16+,2020,NISR/AFR FinScope 2020 report,Figure 17 (banked by district),observed
Karongi,West,finscope_banked,Banked adults (%),8.0,,,,% of adults 16+,2024,NISR/AFR FinScope 2024 report,Figure 13 (district access strand),observed
Karongi,West,finscope_excluded,Financially excluded adults (%),3.0,,,,% of adults 16+,2024,NISR/AFR FinScope 2024 report,Figure 13 (district access strand),observed
Karongi,West,finscope_formally_included,Formally included adults (banked + other formal) (%),91.0,,,,% of adults 16+,2024,NISR/AFR FinScope 2024 report,Figure 13 (district access strand),calculated
Karongi,West,finscope_informal_only,Informal only (%),6.0,,,,% of adults 16+,2024,NISR/AFR FinScope 2024 report,Figure 13 (district access strand),observed
Karongi,West,finscope_not_formally_included,Adults not formally included: informal only or excluded (%),9.0,,,,% of adults 16+,2024,NISR/AFR FinScope 2024 report,Figure 13 (district access strand); 100 - banked - other formal,calculated
Karongi,West,finscope_other_formal_only,"Formal non-bank only, e.g. mobile money / SACCO (%)",83.0,,,,% of adults 16+,2024,NISR/AFR FinScope 2024 report,Figure 13 (district access strand),observed
Karongi,West,lfs_employment_ratio,Employment-to-population ratio (%),55.4705,2.5462337720065267,50.47499025104756,60.46607029568099,%,2025,NISR LFS 2025 annual (standard errors annex),Annex EPR,observed
Karongi,West,lfs_labour_underutilisation,Labour underutilisation rate (%),66.8917,2.4418429341041716,62.10100654052078,71.68247092893468,%,2025,NISR LFS 2025 annual (standard errors annex),Annex LUUR,observed
Karongi,West,lfs_median_monthly_earnings,Median monthly earnings at main job,31200.0,,,,RWF,2025,NISR LFS 2025 annual tables,Tables 21-25,observed
Karongi,West,lfs_neet_youth,"Youth (16-30) not in employment, education or training (%)",22.2061,2.4314763407140365,17.43568253136864,26.976469796774552,%,2025,NISR LFS 2025 annual (standard errors annex),Annex NEET,observed
Karongi,West,lfs_outside_labour_force,Population outside the labour force (%),36.9213,2.624592449184443,31.77199316847213,42.07054215978409,%,2025,NISR LFS 2025 annual (standard errors annex),Annex POLR,observed
Karongi,West,lfs_participation_rate,Labour force participation rate (%),63.0787,2.6245924491844423,57.92945784021591,68.22800683152786,%,2025,NISR LFS 2025 annual (standard errors annex),Annex LFPR,observed
Karongi,West,lfs_unemployment_rate,Unemployment rate (%),12.0614,1.190075529175015,9.726589360748328,14.396286229067371,%,2025,NISR LFS 2025 annual (standard errors annex),Annex UR,observed
Karongi,West,proj_adults_16plus_2024,Projected adults aged 16+ (2024),229899.0,,,,persons,2024,NISR subnational population projections 2023-2032,single-age tables,projection
Karongi,West,proj_adults_16plus_2026,Projected adults aged 16+ (2026),237314.0,,,,persons,2026,NISR subnational population projections 2023-2032,single-age tables,projection
Karongi,West,proj_women_16plus_2024,Projected women aged 16+ (2024),123538.0,,,,persons,2024,NISR subnational population projections 2023-2032,single-age tables,projection
Karongi,West,proj_women_16plus_2026,Projected women aged 16+ (2026),126795.0,,,,persons,2026,NISR subnational population projections 2023-2032,single-age tables,projection
Karongi,West,proj_youth_16_30_2024,Projected youth aged 16-30 (2024),97569.0,,,,persons,2024,NISR subnational population projections 2023-2032,single-age tables,projection
Karongi,West,proj_youth_16_30_2026,Projected youth aged 16-30 (2026),100926.0,,,,persons,2026,NISR subnational population projections 2023-2032,single-age tables,projection
Karongi,West,rssb_active_members,RSSB active (contributing) members,11645.0,,,,persons,2023/24,NISR Statistical Yearbook 2025 (RSSB data),Table 12.2.3,observed
Rutsiro,West,calc_establishments_per_1000_adults,"Establishments per 1,000 adults (2023 census / 2024 adults)",28.5326,,,,"per 1,000 adults",2023/24,IMBONIX calculation,ec_establishments / proj_adults_16plus_2024,calculated
Rutsiro,West,calc_excluded_adults_2024,"Financially excluded adults, approx. (FinScope rate x 2024 projection)",13525.56,,,,persons,2024,IMBONIX calculation,finscope_excluded x proj_adults_16plus_2024,calculated
Rutsiro,West,calc_informal_only_adults_2024,"Adults relying on informal finance only, approx.",13525.56,,,,persons,2024,IMBONIX calculation,finscope_informal_only x proj_adults_16plus_2024,calculated
Rutsiro,West,calc_rssb_members_per_100_adults,RSSB active members per 100 adults (formal-sector pension reach proxy),2.9597,,,,per 100 adults,2024,IMBONIX calculation,rssb_active_members / proj_adults_16plus_2024,calculated
Rutsiro,West,cbhi_registrations,Mutuelle de Sante (CBHI) registrations,340844.0,,,,persons,2024/25,NISR Statistical Yearbook 2025 (RSSB data),Table 12.2.9,observed
Rutsiro,West,census_electricity,Households with access to electricity (%),50.2,,,,%,2022,NISR RPHC5 Main Indicators (tables),Table 74,observed
Rutsiro,West,census_female_headed_hh,Households headed by women (%),28.7,,,,%,2022,NISR RPHC5 Main Indicators (tables),Table 59,observed
Rutsiro,West,census_hh_mobile_phone,Households with a member owning a mobile phone (%),73.0,,,,%,2022,NISR RPHC5 Main Indicators (tables),Table 25,observed
Rutsiro,West,census_internet_use_16plus,"Used the internet, age 16+ (%)",6.4,,,,%,2022,NISR RPHC5 Main Indicators (tables),Table 21,observed
Rutsiro,West,census_medical_insurance,Population with medical insurance (%),97.7,,,,%,2022,NISR RPHC5 Main Indicators (tables),Table 28,observed
Rutsiro,West,census_moderately_poor,"Moderately poor, census non-monetary measure (% of people)",30.2,,,,%,2022,NISR RPHC5 Non-Monetary Poverty report,Table 4.2,observed
Rutsiro,West,census_mpi,"Multidimensional Poverty Index (M0), census",0.172,,,,index 0-1,2022,NISR RPHC5 Non-Monetary Poverty report,Table 7.2,observed
Rutsiro,West,census_mpi_headcount,"Multidimensional poverty headcount, census (% of people)",39.6,,,,%,2022,NISR RPHC5 Non-Monetary Poverty report,Table 7.2,observed
Rutsiro,West,census_nonpoor,"Non-poor, census non-monetary measure (% of people)",31.5,,,,%,2022,NISR RPHC5 Non-Monetary Poverty report,Table 4.2,observed
Rutsiro,West,census_population,Resident population,369180.0,,,,persons,2022,NISR RPHC5 Main Indicators (tables),Table 1,observed
Rutsiro,West,census_severely_poor,"Severely poor, census non-monetary measure (% of people)",9.4,,,,%,2022,NISR RPHC5 Non-Monetary Poverty report,Table 4.2,observed
Rutsiro,West,census_vulnerable,"Vulnerable, census non-monetary measure (% of people)",28.9,,,,%,2022,NISR RPHC5 Non-Monetary Poverty report,Table 4.2,observed
Rutsiro,West,cfsva_fcs_borderline,Households with borderline food consumption (%),25.0,,,,% of households,2024,WFP/MINAGRI/NISR CFSVA 2024 report,Figure 7.3 (chart labels),observed
Rutsiro,West,cfsva_fcs_poor,Households with poor food consumption (%),3.0,,,,% of households,2024,WFP/MINAGRI/NISR CFSVA 2024 report,Figure 7.3 (chart labels),observed
Rutsiro,West,cfsva_hazard_any,Households affected by a natural hazard in the 12 months before the survey (%),70.0,,,,% of households,2024,WFP/MINAGRI/NISR CFSVA 2024 report,"Figure 8.4 (bar heights digitized, about +/-1 point)",observed
Rutsiro,West,cfsva_hazard_drought,Households affected mainly by drought (%),35.0,,,,% of households,2024,WFP/MINAGRI/NISR CFSVA 2024 report,"Figure 8.4 (bar heights digitized, about +/-1 point)",observed
Rutsiro,West,cfsva_hazard_floods,Households affected mainly by floods or heavy rains (%),9.0,,,,% of households,2024,WFP/MINAGRI/NISR CFSVA 2024 report,"Figure 8.4 (bar heights digitized, about +/-1 point)",observed
Rutsiro,West,cfsva_hazard_landslides,Households affected mainly by landslides (%),25.0,,,,% of households,2024,WFP/MINAGRI/NISR CFSVA 2024 report,"Figure 8.4 (bar heights digitized, about +/-1 point)",observed
Rutsiro,West,cfsva_inadequate_food_consumption,Households with inadequate (poor or borderline) food consumption (%),28.0,,,,% of households,2024,WFP/MINAGRI/NISR CFSVA 2024 report,Figure 7.3 (sum of rounded chart labels),calculated
Rutsiro,West,dhs_severe_stunting,Severely stunted children under 5 (below -3 SD) (%),9.5,,,,% of children under 5,2025,NISR Rwanda DHS 2025 final report,Table D.4,observed
Rutsiro,West,dhs_stunting,Stunted children under 5 (height-for-age below -2 SD) (%),33.8,,,,% of children under 5,2025,NISR Rwanda DHS 2025 final report,Table D.4,observed
Rutsiro,West,dhs_underweight,Underweight children under 5 (weight-for-age below -2 SD) (%),8.9,,,,% of children under 5,2025,NISR Rwanda DHS 2025 final report,Table D.4,observed
Rutsiro,West,dhs_wasting,Wasted children under 5 (weight-for-height below -2 SD) (%),2.2,,,,% of children under 5,2025,NISR Rwanda DHS 2025 final report,Table D.4,observed
Rutsiro,West,ec_establishments,Establishments (all institutional sectors),6432.0,,,,count,2023,NISR Establishment Census 2023 (tables),Table 2.1.4,observed
Rutsiro,West,ec_informal_employment_share,Informal employment in establishments (% of workers),46.7123,,,,%,2023,NISR Establishment Census 2023 (tables),Table 3. 18 (informal / total counts),calculated
Rutsiro,West,ec_informal_enterprises_share,Informal enterprises (% of enterprises),95.0411,,,,%,2023,NISR Establishment Census 2023 (tables),Table 3. 10 (informal / total counts),calculated
Rutsiro,West,eicv7_electricity_lighting,Households lit mainly by electricity (%),71.062,2.819986706920039,65.53078214441437,76.59322270556508,%,2023/24,NISR EICV7 Main Indicators Report (tables),Table A5.14,observed
Rutsiro,West,eicv7_health_insurance,Has health insurance (% of people),82.2604,2.3172178441407407,77.71528821861003,86.80543201437351,%,2023/24,NISR EICV7 Main Indicators Report (tables),Table A3.7,observed
Rutsiro,West,eicv7_hh_mobile_phone,Households owning any mobile phone (%),82.2606,2.089384142672346,78.1624534572088,86.35883531638719,%,2023/24,NISR EICV7 Main Indicators Report (tables),Table A5.18,observed
Rutsiro,West,eicv7_hh_sending_transfers,Households sending transfers to other households (%),94.4315,1.2846095989738073,91.91180619660275,96.95116233897707,%,2023/24,NISR EICV7 Main Indicators Report (tables),Table A8.22,observed
Rutsiro,West,eicv7_hh_smartphone,Households owning a smartphone (%),20.5296,2.256682203463764,16.103296425805514,24.955966787677664,%,2023/24,NISR EICV7 Main Indicators Report (tables),Table A5.19,observed
Rutsiro,West,eicv7_improved_sanitation,Households using improved sanitation (%),95.3351,1.0681144181326654,93.24008402523252,97.43015777065308,%,2023/24,NISR EICV7 Main Indicators Report (tables),Table A5.17,observed
Rutsiro,West,eicv7_improved_water,Households using improved drinking water (%),63.8242,3.8245104028117534,56.32267193995561,71.32572812557018,%,2023/24,NISR EICV7 Main Indicators Report (tables),Table A5.16,observed
Rutsiro,West,eicv7_internet_home,Households with internet access at home (%),16.1785,2.0208112841807337,12.214776703873275,20.1421561704836,%,2023/24,NISR EICV7 Main Indicators Report (tables),Table A5.15,observed
Rutsiro,West,eicv7_metal_roof,Households with metal-sheet roof (%),12.3026,2.2955218794028247,7.800078642180007,16.805111994074718,%,2023/24,NISR EICV7 Main Indicators Report (tables),Table A5.13,observed
Rutsiro,West,eicv7_poverty_rate,Poverty headcount (% of people),40.7777,2.9913275270138673,34.91039856878349,46.644986850820786,%,2023/24,NISR EICV7 Main Indicators Report (tables),Table A9.23,observed
Rutsiro,West,eicv7_umudugudu,Households living in umudugudu (%),82.2174,2.6285212129675237,77.06174700729456,87.37309337315581,%,2023/24,NISR EICV7 Main Indicators Report (tables),Table A5.12,observed
Rutsiro,West,eicv7_workforce_ratio,Workforce-to-population ratio (%),89.2729,1.0358549947975548,87.2410922023376,91.30461643165373,%,2023/24,NISR EICV7 Main Indicators Report (tables),Table A6.20,observed
Rutsiro,West,finscope2020_banked_incl_otc,"Adults using bank services, incl. over-the-counter users without an own account (%). Not comparable with finscope_banked",16.0,,,,% of adults 16+,2020,NISR/AFR FinScope 2020 report,Figure 17 (banked by district),observed
Rutsiro,West,finscope_banked,Banked adults (%),9.0,,,,% of adults 16+,2024,NISR/AFR FinScope 2024 report,Figure 13 (district access strand),observed
Rutsiro,West,finscope_excluded,Financially excluded adults (%),6.0,,,,% of adults 16+,2024,NISR/AFR FinScope 2024 report,Figure 13 (district access strand),observed
Rutsiro,West,finscope_formally_included,Formally included adults (banked + other formal) (%),87.0,,,,% of adults 16+,2024,NISR/AFR FinScope 2024 report,Figure 13 (district access strand),calculated
Rutsiro,West,finscope_informal_only,Informal only (%),6.0,,,,% of adults 16+,2024,NISR/AFR FinScope 2024 report,Figure 13 (district access strand),observed
Rutsiro,West,finscope_not_formally_included,Adults not formally included: informal only or excluded (%),13.0,,,,% of adults 16+,2024,NISR/AFR FinScope 2024 report,Figure 13 (district access strand); 100 - banked - other formal,calculated
Rutsiro,West,finscope_other_formal_only,"Formal non-bank only, e.g. mobile money / SACCO (%)",78.0,,,,% of adults 16+,2024,NISR/AFR FinScope 2024 report,Figure 13 (district access strand),observed
Rutsiro,West,lfs_employment_ratio,Employment-to-population ratio (%),56.5443,2.2985912941828976,52.034647312630426,61.05401146629228,%,2025,NISR LFS 2025 annual (standard errors annex),Annex EPR,observed
Rutsiro,West,lfs_labour_underutilisation,Labour underutilisation rate (%),63.5608,2.6112692444131422,58.437680633349345,68.68395115487405,%,2025,NISR LFS 2025 annual (standard errors annex),Annex LUUR,observed
Rutsiro,West,lfs_median_monthly_earnings,Median monthly earnings at main job,31200.0,,,,RWF,2025,NISR LFS 2025 annual tables,Tables 21-25,observed
Rutsiro,West,lfs_neet_youth,"Youth (16-30) not in employment, education or training (%)",26.3146,2.100221470752958,22.194112975859035,30.435100530279378,%,2025,NISR LFS 2025 annual (standard errors annex),Annex NEET,observed
Rutsiro,West,lfs_outside_labour_force,Population outside the labour force (%),33.0281,2.2494739993523227,28.614826483456184,37.441460955490484,%,2025,NISR LFS 2025 annual (standard errors annex),Annex POLR,observed
Rutsiro,West,lfs_participation_rate,Labour force participation rate (%),66.9719,2.249473999352323,62.558539044509516,71.38517351654382,%,2025,NISR LFS 2025 annual (standard errors annex),Annex LFPR,observed
Rutsiro,West,lfs_unemployment_rate,Unemployment rate (%),15.57,1.4756224561001816,12.6749408730841,18.465085610241292,%,2025,NISR LFS 2025 annual (standard errors annex),Annex UR,observed
Rutsiro,West,proj_adults_16plus_2024,Projected adults aged 16+ (2024),225426.0,,,,persons,2024,NISR subnational population projections 2023-2032,single-age tables,projection
Rutsiro,West,proj_adults_16plus_2026,Projected adults aged 16+ (2026),233232.0,,,,persons,2026,NISR subnational population projections 2023-2032,single-age tables,projection
Rutsiro,West,proj_women_16plus_2024,Projected women aged 16+ (2024),120578.0,,,,persons,2024,NISR subnational population projections 2023-2032,single-age tables,projection
Rutsiro,West,proj_women_16plus_2026,Projected women aged 16+ (2026),124198.0,,,,persons,2026,NISR subnational population projections 2023-2032,single-age tables,projection
Rutsiro,West,proj_youth_16_30_2024,Projected youth aged 16-30 (2024),102526.0,,,,persons,2024,NISR subnational population projections 2023-2032,single-age tables,projection
Rutsiro,West,proj_youth_16_30_2026,Projected youth aged 16-30 (2026),106390.0,,,,persons,2026,NISR subnational population projections 2023-2032,single-age tables,projection
Rutsiro,West,rssb_active_members,RSSB active (contributing) members,6672.0,,,,persons,2023/24,NISR Statistical Yearbook 2025 (RSSB data),Table 12.2.3,observed
Rubavu,West,calc_establishments_per_1000_adults,"Establishments per 1,000 adults (2023 census / 2024 adults)",38.7878,,,,"per 1,000 adults",2023/24,IMBONIX calculation,ec_establishments / proj_adults_16plus_2024,calculated
Rubavu,West,calc_excluded_adults_2024,"Financially excluded adults, approx. (FinScope rate x 2024 projection)",10060.89,,,,persons,2024,IMBONIX calculation,finscope_excluded x proj_adults_16plus_2024,calculated
Rubavu,West,calc_informal_only_adults_2024,"Adults relying on informal finance only, approx.",13414.52,,,,persons,2024,IMBONIX calculation,finscope_informal_only x proj_adults_16plus_2024,calculated
Rubavu,West,calc_rssb_members_per_100_adults,RSSB active members per 100 adults (formal-sector pension reach proxy),4.9919,,,,per 100 adults,2024,IMBONIX calculation,rssb_active_members / proj_adults_16plus_2024,calculated
Rubavu,West,cbhi_registrations,Mutuelle de Sante (CBHI) registrations,429929.0,,,,persons,2024/25,NISR Statistical Yearbook 2025 (RSSB data),Table 12.2.9,observed
Rubavu,West,census_electricity,Households with access to electricity (%),71.4,,,,%,2022,NISR RPHC5 Main Indicators (tables),Table 74,observed
Rubavu,West,census_female_headed_hh,Households headed by women (%),28.2,,,,%,2022,NISR RPHC5 Main Indicators (tables),Table 59,observed
Rubavu,West,census_hh_mobile_phone,Households with a member owning a mobile phone (%),79.3,,,,%,2022,NISR RPHC5 Main Indicators (tables),Table 25,observed
Rubavu,West,census_internet_use_16plus,"Used the internet, age 16+ (%)",19.0,,,,%,2022,NISR RPHC5 Main Indicators (tables),Table 21,observed
Rubavu,West,census_medical_insurance,Population with medical insurance (%),95.6,,,,%,2022,NISR RPHC5 Main Indicators (tables),Table 28,observed
Rubavu,West,census_moderately_poor,"Moderately poor, census non-monetary measure (% of people)",22.4,,,,%,2022,NISR RPHC5 Non-Monetary Poverty report,Table 4.2,observed
Rubavu,West,census_mpi,"Multidimensional Poverty Index (M0), census",0.147,,,,index 0-1,2022,NISR RPHC5 Non-Monetary Poverty report,Table 7.2,observed
Rubavu,West,census_mpi_headcount,"Multidimensional poverty headcount, census (% of people)",32.9,,,,%,2022,NISR RPHC5 Non-Monetary Poverty report,Table 7.2,observed
Rubavu,West,census_nonpoor,"Non-poor, census non-monetary measure (% of people)",49.2,,,,%,2022,NISR RPHC5 Non-Monetary Poverty report,Table 4.2,observed
Rubavu,West,census_population,Resident population,546683.0,,,,persons,2022,NISR RPHC5 Main Indicators (tables),Table 1,observed
Rubavu,West,census_severely_poor,"Severely poor, census non-monetary measure (% of people)",10.5,,,,%,2022,NISR RPHC5 Non-Monetary Poverty report,Table 4.2,observed
Rubavu,West,census_vulnerable,"Vulnerable, census non-monetary measure (% of people)",17.9,,,,%,2022,NISR RPHC5 Non-Monetary Poverty report,Table 4.2,observed
Rubavu,West,cfsva_fcs_borderline,Households with borderline food consumption (%),29.0,,,,% of households,2024,WFP/MINAGRI/NISR CFSVA 2024 report,Figure 7.3 (chart labels),observed
Rubavu,West,cfsva_fcs_poor,Households with poor food consumption (%),2.0,,,,% of households,2024,WFP/MINAGRI/NISR CFSVA 2024 report,Figure 7.3 (chart labels),observed
Rubavu,West,cfsva_hazard_any,Households affected by a natural hazard in the 12 months before the survey (%),84.0,,,,% of households,2024,WFP/MINAGRI/NISR CFSVA 2024 report,"Figure 8.4 (bar heights digitized, about +/-1 point)",observed
Rubavu,West,cfsva_hazard_drought,Households affected mainly by drought (%),13.0,,,,% of households,2024,WFP/MINAGRI/NISR CFSVA 2024 report,"Figure 8.4 (bar heights digitized, about +/-1 point)",observed
Rubavu,West,cfsva_hazard_floods,Households affected mainly by floods or heavy rains (%),41.0,,,,% of households,2024,WFP/MINAGRI/NISR CFSVA 2024 report,"Figure 8.4 (bar heights digitized, about +/-1 point)",observed
Rubavu,West,cfsva_hazard_landslides,Households affected mainly by landslides (%),27.0,,,,% of households,2024,WFP/MINAGRI/NISR CFSVA 2024 report,"Figure 8.4 (bar heights digitized, about +/-1 point)",observed
Rubavu,West,cfsva_inadequate_food_consumption,Households with inadequate (poor or borderline) food consumption (%),31.0,,,,% of households,2024,WFP/MINAGRI/NISR CFSVA 2024 report,Figure 7.3 (sum of rounded chart labels),calculated
Rubavu,West,dhs_severe_stunting,Severely stunted children under 5 (below -3 SD) (%),9.6,,,,% of children under 5,2025,NISR Rwanda DHS 2025 final report,Table D.4,observed
Rubavu,West,dhs_stunting,Stunted children under 5 (height-for-age below -2 SD) (%),33.1,,,,% of children under 5,2025,NISR Rwanda DHS 2025 final report,Table D.4,observed
Rubavu,West,dhs_underweight,Underweight children under 5 (weight-for-age below -2 SD) (%),5.6,,,,% of children under 5,2025,NISR Rwanda DHS 2025 final report,Table D.4,observed
Rubavu,West,dhs_wasting,Wasted children under 5 (weight-for-height below -2 SD) (%),0.6,,,,% of children under 5,2025,NISR Rwanda DHS 2025 final report,Table D.4,observed
Rubavu,West,ec_establishments,Establishments (all institutional sectors),13008.0,,,,count,2023,NISR Establishment Census 2023 (tables),Table 2.1.4,observed
Rubavu,West,ec_informal_employment_share,Informal employment in establishments (% of workers),54.4516,,,,%,2023,NISR Establishment Census 2023 (tables),Table 3. 18 (informal / total counts),calculated
Rubavu,West,ec_informal_enterprises_share,Informal enterprises (% of enterprises),89.8498,,,,%,2023,NISR Establishment Census 2023 (tables),Table 3. 10 (informal / total counts),calculated
Rubavu,West,eicv7_electricity_lighting,Households lit mainly by electricity (%),74.4547,2.547032035047221,69.4589101440694,79.4505850785341,%,2023/24,NISR EICV7 Main Indicators Report (tables),Table A5.14,observed
Rubavu,West,eicv7_health_insurance,Has health insurance (% of people),79.4928,1.9038743386979466,75.75852006232078,83.22717112229309,%,2023/24,NISR EICV7 Main Indicators Report (tables),Table A3.7,observed
Rubavu,West,eicv7_hh_mobile_phone,Households owning any mobile phone (%),85.041,1.7190779031754007,81.66916718388514,88.41288589617504,%,2023/24,NISR EICV7 Main Indicators Report (tables),Table A5.18,observed
Rubavu,West,eicv7_hh_sending_transfers,Households sending transfers to other households (%),90.2309,1.4133288618765838,87.45872894303969,93.00303398869883,%,2023/24,NISR EICV7 Main Indicators Report (tables),Table A8.22,observed
Rubavu,West,eicv7_hh_smartphone,Households owning a smartphone (%),43.3491,2.95258573701761,37.55782607946642,49.14043536528558,%,2023/24,NISR EICV7 Main Indicators Report (tables),Table A5.19,observed
Rubavu,West,eicv7_improved_sanitation,Households using improved sanitation (%),89.4576,1.408730509453689,86.69441992192904,92.22068622994709,%,2023/24,NISR EICV7 Main Indicators Report (tables),Table A5.17,observed
Rubavu,West,eicv7_improved_water,Households using improved drinking water (%),95.7865,1.5864610911071928,92.67475523234411,98.89823546361076,%,2023/24,NISR EICV7 Main Indicators Report (tables),Table A5.16,observed
Rubavu,West,eicv7_internet_home,Households with internet access at home (%),27.4813,1.9263965225007926,23.70283782984244,31.259840483464057,%,2023/24,NISR EICV7 Main Indicators Report (tables),Table A5.15,observed
Rubavu,West,eicv7_metal_roof,Households with metal-sheet roof (%),78.2204,4.003328479199765,70.3681283131836,86.07266452224914,%,2023/24,NISR EICV7 Main Indicators Report (tables),Table A5.13,observed
Rubavu,West,eicv7_poverty_rate,Poverty headcount (% of people),38.8069,3.0969092258838886,32.73250216537283,44.8812737005541,%,2023/24,NISR EICV7 Main Indicators Report (tables),Table A9.23,observed
Rubavu,West,eicv7_umudugudu,Households living in umudugudu (%),70.1507,4.220993676470706,61.87151249629534,78.42992092437953,%,2023/24,NISR EICV7 Main Indicators Report (tables),Table A5.12,observed
Rubavu,West,eicv7_workforce_ratio,Workforce-to-population ratio (%),70.7287,1.7904537964963316,67.21687593808288,74.24059298349407,%,2023/24,NISR EICV7 Main Indicators Report (tables),Table A6.20,observed
Rubavu,West,finscope2020_banked_incl_otc,"Adults using bank services, incl. over-the-counter users without an own account (%). Not comparable with finscope_banked",36.0,,,,% of adults 16+,2020,NISR/AFR FinScope 2020 report,Figure 17 (banked by district),observed
Rubavu,West,finscope_banked,Banked adults (%),22.0,,,,% of adults 16+,2024,NISR/AFR FinScope 2024 report,Figure 13 (district access strand),observed
Rubavu,West,finscope_excluded,Financially excluded adults (%),3.0,,,,% of adults 16+,2024,NISR/AFR FinScope 2024 report,Figure 13 (district access strand),observed
Rubavu,West,finscope_formally_included,Formally included adults (banked + other formal) (%),93.0,,,,% of adults 16+,2024,NISR/AFR FinScope 2024 report,Figure 13 (district access strand),calculated
Rubavu,West,finscope_informal_only,Informal only (%),4.0,,,,% of adults 16+,2024,NISR/AFR FinScope 2024 report,Figure 13 (district access strand),observed
Rubavu,West,finscope_not_formally_included,Adults not formally included: informal only or excluded (%),7.0,,,,% of adults 16+,2024,NISR/AFR FinScope 2024 report,Figure 13 (district access strand); 100 - banked - other formal,calculated
Rubavu,West,finscope_other_formal_only,"Formal non-bank only, e.g. mobile money / SACCO (%)",71.0,,,,% of adults 16+,2024,NISR/AFR FinScope 2024 report,Figure 13 (district access strand),observed
Rubavu,West,lfs_employment_ratio,Employment-to-population ratio (%),60.0264,1.6014871851824781,56.884378035828675,63.16839910000762,%,2025,NISR LFS 2025 annual (standard errors annex),Annex EPR,observed
Rubavu,West,lfs_labour_underutilisation,Labour underutilisation rate (%),50.587,1.8326105290529,46.991558296908764,54.18247638451891,%,2025,NISR LFS 2025 annual (standard errors annex),Annex LUUR,observed
Rubavu,West,lfs_median_monthly_earnings,Median monthly earnings at main job,52000.0,,,,RWF,2025,NISR LFS 2025 annual tables,Tables 21-25,observed
Rubavu,West,lfs_neet_youth,"Youth (16-30) not in employment, education or training (%)",23.1866,1.5376029687717185,20.169893088187084,26.203241049697372,%,2025,NISR LFS 2025 annual (standard errors annex),Annex NEET,observed
Rubavu,West,lfs_outside_labour_force,Population outside the labour force (%),31.2555,1.4900275415426911,28.332157399005666,34.17882576069733,%,2025,NISR LFS 2025 annual (standard errors annex),Annex POLR,observed
Rubavu,West,lfs_participation_rate,Labour force participation rate (%),68.7445,1.4900275415426911,65.82117423930268,71.66784260099433,%,2025,NISR LFS 2025 annual (standard errors annex),Annex LFPR,observed
Rubavu,West,lfs_unemployment_rate,Unemployment rate (%),12.6819,0.9138668524603729,10.888969082354865,14.474860124037814,%,2025,NISR LFS 2025 annual (standard errors annex),Annex UR,observed
Rubavu,West,proj_adults_16plus_2024,Projected adults aged 16+ (2024),335363.0,,,,persons,2024,NISR subnational population projections 2023-2032,single-age tables,projection
Rubavu,West,proj_adults_16plus_2026,Projected adults aged 16+ (2026),359181.0,,,,persons,2026,NISR subnational population projections 2023-2032,single-age tables,projection
Rubavu,West,proj_women_16plus_2024,Projected women aged 16+ (2024),172559.0,,,,persons,2024,NISR subnational population projections 2023-2032,single-age tables,projection
Rubavu,West,proj_women_16plus_2026,Projected women aged 16+ (2026),183880.0,,,,persons,2026,NISR subnational population projections 2023-2032,single-age tables,projection
Rubavu,West,proj_youth_16_30_2024,Projected youth aged 16-30 (2024),163829.0,,,,persons,2024,NISR subnational population projections 2023-2032,single-age tables,projection
Rubavu,West,proj_youth_16_30_2026,Projected youth aged 16-30 (2026),176392.0,,,,persons,2026,NISR subnational population projections 2023-2032,single-age tables,projection
Rubavu,West,rssb_active_members,RSSB active (contributing) members,16741.0,,,,persons,2023/24,NISR Statistical Yearbook 2025 (RSSB data),Table 12.2.3,observed
Nyabihu,West,calc_establishments_per_1000_adults,"Establishments per 1,000 adults (2023 census / 2024 adults)",25.5146,,,,"per 1,000 adults",2023/24,IMBONIX calculation,ec_establishments / proj_adults_16plus_2024,calculated
Nyabihu,West,calc_excluded_adults_2024,"Financially excluded adults, approx. (FinScope rate x 2024 projection)",15417.04,,,,persons,2024,IMBONIX calculation,finscope_excluded x proj_adults_16plus_2024,calculated
Nyabihu,West,calc_informal_only_adults_2024,"Adults relying on informal finance only, approx.",9635.65,,,,persons,2024,IMBONIX calculation,finscope_informal_only x proj_adults_16plus_2024,calculated
Nyabihu,West,calc_rssb_members_per_100_adults,RSSB active members per 100 adults (formal-sector pension reach proxy),7.5049,,,,per 100 adults,2024,IMBONIX calculation,rssb_active_members / proj_adults_16plus_2024,calculated
Nyabihu,West,cbhi_registrations,Mutuelle de Sante (CBHI) registrations,296794.0,,,,persons,2024/25,NISR Statistical Yearbook 2025 (RSSB data),Table 12.2.9,observed
Nyabihu,West,census_electricity,Households with access to electricity (%),47.0,,,,%,2022,NISR RPHC5 Main Indicators (tables),Table 74,observed
Nyabihu,West,census_female_headed_hh,Households headed by women (%),30.9,,,,%,2022,NISR RPHC5 Main Indicators (tables),Table 59,observed
Nyabihu,West,census_hh_mobile_phone,Households with a member owning a mobile phone (%),76.1,,,,%,2022,NISR RPHC5 Main Indicators (tables),Table 25,observed
Nyabihu,West,census_internet_use_16plus,"Used the internet, age 16+ (%)",8.5,,,,%,2022,NISR RPHC5 Main Indicators (tables),Table 21,observed
Nyabihu,West,census_medical_insurance,Population with medical insurance (%),98.5,,,,%,2022,NISR RPHC5 Main Indicators (tables),Table 28,observed
Nyabihu,West,census_moderately_poor,"Moderately poor, census non-monetary measure (% of people)",28.3,,,,%,2022,NISR RPHC5 Non-Monetary Poverty report,Table 4.2,observed
Nyabihu,West,census_mpi,"Multidimensional Poverty Index (M0), census",0.147,,,,index 0-1,2022,NISR RPHC5 Non-Monetary Poverty report,Table 7.2,observed
Nyabihu,West,census_mpi_headcount,"Multidimensional poverty headcount, census (% of people)",34.9,,,,%,2022,NISR RPHC5 Non-Monetary Poverty report,Table 7.2,observed
Nyabihu,West,census_nonpoor,"Non-poor, census non-monetary measure (% of people)",35.5,,,,%,2022,NISR RPHC5 Non-Monetary Poverty report,Table 4.2,observed
Nyabihu,West,census_population,Resident population,319047.0,,,,persons,2022,NISR RPHC5 Main Indicators (tables),Table 1,observed
Nyabihu,West,census_severely_poor,"Severely poor, census non-monetary measure (% of people)",6.6,,,,%,2022,NISR RPHC5 Non-Monetary Poverty report,Table 4.2,observed
Nyabihu,West,census_vulnerable,"Vulnerable, census non-monetary measure (% of people)",29.6,,,,%,2022,NISR RPHC5 Non-Monetary Poverty report,Table 4.2,observed
Nyabihu,West,cfsva_fcs_borderline,Households with borderline food consumption (%),17.0,,,,% of households,2024,WFP/MINAGRI/NISR CFSVA 2024 report,Figure 7.3 (chart labels),observed
Nyabihu,West,cfsva_fcs_poor,Households with poor food consumption (%),0.0,,,,% of households,2024,WFP/MINAGRI/NISR CFSVA 2024 report,Figure 7.3 (chart labels),observed
Nyabihu,West,cfsva_hazard_any,Households affected by a natural hazard in the 12 months before the survey (%),70.0,,,,% of households,2024,WFP/MINAGRI/NISR CFSVA 2024 report,"Figure 8.4 (bar heights digitized, about +/-1 point)",observed
Nyabihu,West,cfsva_hazard_drought,Households affected mainly by drought (%),6.0,,,,% of households,2024,WFP/MINAGRI/NISR CFSVA 2024 report,"Figure 8.4 (bar heights digitized, about +/-1 point)",observed
Nyabihu,West,cfsva_hazard_floods,Households affected mainly by floods or heavy rains (%),10.0,,,,% of households,2024,WFP/MINAGRI/NISR CFSVA 2024 report,"Figure 8.4 (bar heights digitized, about +/-1 point)",observed
Nyabihu,West,cfsva_hazard_landslides,Households affected mainly by landslides (%),52.0,,,,% of households,2024,WFP/MINAGRI/NISR CFSVA 2024 report,"Figure 8.4 (bar heights digitized, about +/-1 point)",observed
Nyabihu,West,cfsva_inadequate_food_consumption,Households with inadequate (poor or borderline) food consumption (%),17.0,,,,% of households,2024,WFP/MINAGRI/NISR CFSVA 2024 report,Figure 7.3 (sum of rounded chart labels),calculated
Nyabihu,West,dhs_severe_stunting,Severely stunted children under 5 (below -3 SD) (%),7.0,,,,% of children under 5,2025,NISR Rwanda DHS 2025 final report,Table D.4,observed
Nyabihu,West,dhs_stunting,Stunted children under 5 (height-for-age below -2 SD) (%),32.7,,,,% of children under 5,2025,NISR Rwanda DHS 2025 final report,Table D.4,observed
Nyabihu,West,dhs_underweight,Underweight children under 5 (weight-for-age below -2 SD) (%),3.2,,,,% of children under 5,2025,NISR Rwanda DHS 2025 final report,Table D.4,observed
Nyabihu,West,dhs_wasting,Wasted children under 5 (weight-for-height below -2 SD) (%),0.0,,,,% of children under 5,2025,NISR Rwanda DHS 2025 final report,Table D.4,observed
Nyabihu,West,ec_establishments,Establishments (all institutional sectors),4917.0,,,,count,2023,NISR Establishment Census 2023 (tables),Table 2.1.4,observed
Nyabihu,West,ec_informal_employment_share,Informal employment in establishments (% of workers),32.0842,,,,%,2023,NISR Establishment Census 2023 (tables),Table 3. 18 (informal / total counts),calculated
Nyabihu,West,ec_informal_enterprises_share,Informal enterprises (% of enterprises),93.7862,,,,%,2023,NISR Establishment Census 2023 (tables),Table 3. 10 (informal / total counts),calculated
Nyabihu,West,eicv7_electricity_lighting,Households lit mainly by electricity (%),60.5958,2.581982074138529,55.53145134866766,65.66023073440822,%,2023/24,NISR EICV7 Main Indicators Report (tables),Table A5.14,observed
Nyabihu,West,eicv7_health_insurance,Has health insurance (% of people),87.4721,1.5813924742446164,84.37025928996466,90.57385599744309,%,2023/24,NISR EICV7 Main Indicators Report (tables),Table A3.7,observed
Nyabihu,West,eicv7_hh_mobile_phone,Households owning any mobile phone (%),85.7764,1.6791817957538657,82.4827895668622,89.07000104601904,%,2023/24,NISR EICV7 Main Indicators Report (tables),Table A5.18,observed
Nyabihu,West,eicv7_hh_sending_transfers,Households sending transfers to other households (%),87.322,1.8918528369261292,83.6112601404395,91.03275241470541,%,2023/24,NISR EICV7 Main Indicators Report (tables),Table A8.22,observed
Nyabihu,West,eicv7_hh_smartphone,Households owning a smartphone (%),26.0534,2.1265413188120013,21.882338310400684,30.22448293202632,%,2023/24,NISR EICV7 Main Indicators Report (tables),Table A5.19,observed
Nyabihu,West,eicv7_improved_sanitation,Households using improved sanitation (%),86.3678,1.727617975680943,82.97922717067641,89.756447475101,%,2023/24,NISR EICV7 Main Indicators Report (tables),Table A5.17,observed
Nyabihu,West,eicv7_improved_water,Households using improved drinking water (%),82.4412,3.735863985576292,75.11352562829872,89.76883346488036,%,2023/24,NISR EICV7 Main Indicators Report (tables),Table A5.16,observed
Nyabihu,West,eicv7_internet_home,Households with internet access at home (%),22.0922,2.157770863201717,17.859873459948705,26.32452751671291,%,2023/24,NISR EICV7 Main Indicators Report (tables),Table A5.15,observed
Nyabihu,West,eicv7_metal_roof,Households with metal-sheet roof (%),60.1747,3.992453762300504,52.343800591101676,68.00567670215248,%,2023/24,NISR EICV7 Main Indicators Report (tables),Table A5.13,observed
Nyabihu,West,eicv7_poverty_rate,Poverty headcount (% of people),20.4061,2.2291960759124554,16.033689355421487,24.778535218849584,%,2023/24,NISR EICV7 Main Indicators Report (tables),Table A9.23,observed
Nyabihu,West,eicv7_umudugudu,Households living in umudugudu (%),68.253,3.198833016373855,61.97870939440821,74.52731468458398,%,2023/24,NISR EICV7 Main Indicators Report (tables),Table A5.12,observed
Nyabihu,West,eicv7_workforce_ratio,Workforce-to-population ratio (%),84.0646,1.4483109609446028,81.22378359177897,86.90531885582693,%,2023/24,NISR EICV7 Main Indicators Report (tables),Table A6.20,observed
Nyabihu,West,finscope2020_banked_incl_otc,"Adults using bank services, incl. over-the-counter users without an own account (%). Not comparable with finscope_banked",17.0,,,,% of adults 16+,2020,NISR/AFR FinScope 2020 report,Figure 17 (banked by district),observed
Nyabihu,West,finscope_banked,Banked adults (%),13.0,,,,% of adults 16+,2024,NISR/AFR FinScope 2024 report,Figure 13 (district access strand),observed
Nyabihu,West,finscope_excluded,Financially excluded adults (%),8.0,,,,% of adults 16+,2024,NISR/AFR FinScope 2024 report,Figure 13 (district access strand),observed
Nyabihu,West,finscope_formally_included,Formally included adults (banked + other formal) (%),87.0,,,,% of adults 16+,2024,NISR/AFR FinScope 2024 report,Figure 13 (district access strand),calculated
Nyabihu,West,finscope_informal_only,Informal only (%),5.0,,,,% of adults 16+,2024,NISR/AFR FinScope 2024 report,Figure 13 (district access strand),observed
Nyabihu,West,finscope_not_formally_included,Adults not formally included: informal only or excluded (%),13.0,,,,% of adults 16+,2024,NISR/AFR FinScope 2024 report,Figure 13 (district access strand); 100 - banked - other formal,calculated
Nyabihu,West,finscope_other_formal_only,"Formal non-bank only, e.g. mobile money / SACCO (%)",74.0,,,,% of adults 16+,2024,NISR/AFR FinScope 2024 report,Figure 13 (district access strand),observed
Nyabihu,West,lfs_employment_ratio,Employment-to-population ratio (%),60.789,2.2605357905067365,56.35399766924955,65.22403712714015,%,2025,NISR LFS 2025 annual (standard errors annex),Annex EPR,observed
Nyabihu,West,lfs_labour_underutilisation,Labour underutilisation rate (%),64.0105,1.8653336844051114,60.35083146636983,67.67015082963319,%,2025,NISR LFS 2025 annual (standard errors annex),Annex LUUR,observed
Nyabihu,West,lfs_median_monthly_earnings,Median monthly earnings at main job,39000.0,,,,RWF,2025,NISR LFS 2025 annual tables,Tables 21-25,observed
Nyabihu,West,lfs_neet_youth,"Youth (16-30) not in employment, education or training (%)",17.4801,1.7631569311703432,14.020887169695763,20.939278648217076,%,2025,NISR LFS 2025 annual (standard errors annex),Annex NEET,observed
Nyabihu,West,lfs_outside_labour_force,Population outside the labour force (%),34.6625,2.2835457525654412,30.182366632893213,39.1426940978317,%,2025,NISR LFS 2025 annual (standard errors annex),Annex POLR,observed
Nyabihu,West,lfs_participation_rate,Labour force participation rate (%),65.3375,2.283545752565441,60.8573059021683,69.81763336710678,%,2025,NISR LFS 2025 annual (standard errors annex),Annex LFPR,observed
Nyabihu,West,lfs_unemployment_rate,Unemployment rate (%),6.9615,0.6584052438740036,5.669728987472782,8.253222917084639,%,2025,NISR LFS 2025 annual (standard errors annex),Annex UR,observed
Nyabihu,West,proj_adults_16plus_2024,Projected adults aged 16+ (2024),192713.0,,,,persons,2024,NISR subnational population projections 2023-2032,single-age tables,projection
Nyabihu,West,proj_adults_16plus_2026,Projected adults aged 16+ (2026),197272.0,,,,persons,2026,NISR subnational population projections 2023-2032,single-age tables,projection
Nyabihu,West,proj_women_16plus_2024,Projected women aged 16+ (2024),105447.0,,,,persons,2024,NISR subnational population projections 2023-2032,single-age tables,projection
Nyabihu,West,proj_women_16plus_2026,Projected women aged 16+ (2026),107496.0,,,,persons,2026,NISR subnational population projections 2023-2032,single-age tables,projection
Nyabihu,West,proj_youth_16_30_2024,Projected youth aged 16-30 (2024),91660.0,,,,persons,2024,NISR subnational population projections 2023-2032,single-age tables,projection
Nyabihu,West,proj_youth_16_30_2026,Projected youth aged 16-30 (2026),94195.0,,,,persons,2026,NISR subnational population projections 2023-2032,single-age tables,projection
Nyabihu,West,rssb_active_members,RSSB active (contributing) members,14463.0,,,,persons,2023/24,NISR Statistical Yearbook 2025 (RSSB data),Table 12.2.3,observed
Ngororero,West,calc_establishments_per_1000_adults,"Establishments per 1,000 adults (2023 census / 2024 adults)",28.4178,,,,"per 1,000 adults",2023/24,IMBONIX calculation,ec_establishments / proj_adults_16plus_2024,calculated
Ngororero,West,calc_excluded_adults_2024,"Financially excluded adults, approx. (FinScope rate x 2024 projection)",15427.3,,,,persons,2024,IMBONIX calculation,finscope_excluded x proj_adults_16plus_2024,calculated
Ngororero,West,calc_informal_only_adults_2024,"Adults relying on informal finance only, approx.",11019.5,,,,persons,2024,IMBONIX calculation,finscope_informal_only x proj_adults_16plus_2024,calculated
Ngororero,West,calc_rssb_members_per_100_adults,RSSB active members per 100 adults (formal-sector pension reach proxy),2.4189,,,,per 100 adults,2024,IMBONIX calculation,rssb_active_members / proj_adults_16plus_2024,calculated
Ngororero,West,cbhi_registrations,Mutuelle de Sante (CBHI) registrations,353270.0,,,,persons,2024/25,NISR Statistical Yearbook 2025 (RSSB data),Table 12.2.9,observed
Ngororero,West,census_electricity,Households with access to electricity (%),40.5,,,,%,2022,NISR RPHC5 Main Indicators (tables),Table 74,observed
Ngororero,West,census_female_headed_hh,Households headed by women (%),32.1,,,,%,2022,NISR RPHC5 Main Indicators (tables),Table 59,observed
Ngororero,West,census_hh_mobile_phone,Households with a member owning a mobile phone (%),72.4,,,,%,2022,NISR RPHC5 Main Indicators (tables),Table 25,observed
Ngororero,West,census_internet_use_16plus,"Used the internet, age 16+ (%)",6.1,,,,%,2022,NISR RPHC5 Main Indicators (tables),Table 21,observed
Ngororero,West,census_medical_insurance,Population with medical insurance (%),98.6,,,,%,2022,NISR RPHC5 Main Indicators (tables),Table 28,observed
Ngororero,West,census_moderately_poor,"Moderately poor, census non-monetary measure (% of people)",31.1,,,,%,2022,NISR RPHC5 Non-Monetary Poverty report,Table 4.2,observed
Ngororero,West,census_mpi,"Multidimensional Poverty Index (M0), census",0.164,,,,index 0-1,2022,NISR RPHC5 Non-Monetary Poverty report,Table 7.2,observed
Ngororero,West,census_mpi_headcount,"Multidimensional poverty headcount, census (% of people)",38.5,,,,%,2022,NISR RPHC5 Non-Monetary Poverty report,Table 7.2,observed
Ngororero,West,census_nonpoor,"Non-poor, census non-monetary measure (% of people)",30.1,,,,%,2022,NISR RPHC5 Non-Monetary Poverty report,Table 4.2,observed
Ngororero,West,census_population,Resident population,367955.0,,,,persons,2022,NISR RPHC5 Main Indicators (tables),Table 1,observed
Ngororero,West,census_severely_poor,"Severely poor, census non-monetary measure (% of people)",7.4,,,,%,2022,NISR RPHC5 Non-Monetary Poverty report,Table 4.2,observed
Ngororero,West,census_vulnerable,"Vulnerable, census non-monetary measure (% of people)",31.4,,,,%,2022,NISR RPHC5 Non-Monetary Poverty report,Table 4.2,observed
Ngororero,West,cfsva_fcs_borderline,Households with borderline food consumption (%),19.0,,,,% of households,2024,WFP/MINAGRI/NISR CFSVA 2024 report,Figure 7.3 (chart labels),observed
Ngororero,West,cfsva_fcs_poor,Households with poor food consumption (%),2.0,,,,% of households,2024,WFP/MINAGRI/NISR CFSVA 2024 report,Figure 7.3 (chart labels),observed
Ngororero,West,cfsva_hazard_any,Households affected by a natural hazard in the 12 months before the survey (%),72.0,,,,% of households,2024,WFP/MINAGRI/NISR CFSVA 2024 report,"Figure 8.4 (bar heights digitized, about +/-1 point)",observed
Ngororero,West,cfsva_hazard_drought,Households affected mainly by drought (%),4.0,,,,% of households,2024,WFP/MINAGRI/NISR CFSVA 2024 report,"Figure 8.4 (bar heights digitized, about +/-1 point)",observed
Ngororero,West,cfsva_hazard_floods,Households affected mainly by floods or heavy rains (%),17.0,,,,% of households,2024,WFP/MINAGRI/NISR CFSVA 2024 report,"Figure 8.4 (bar heights digitized, about +/-1 point)",observed
Ngororero,West,cfsva_hazard_landslides,Households affected mainly by landslides (%),51.0,,,,% of households,2024,WFP/MINAGRI/NISR CFSVA 2024 report,"Figure 8.4 (bar heights digitized, about +/-1 point)",observed
Ngororero,West,cfsva_inadequate_food_consumption,Households with inadequate (poor or borderline) food consumption (%),21.0,,,,% of households,2024,WFP/MINAGRI/NISR CFSVA 2024 report,Figure 7.3 (sum of rounded chart labels),calculated
Ngororero,West,dhs_severe_stunting,Severely stunted children under 5 (below -3 SD) (%),6.5,,,,% of children under 5,2025,NISR Rwanda DHS 2025 final report,Table D.4,observed
Ngororero,West,dhs_stunting,Stunted children under 5 (height-for-age below -2 SD) (%),35.8,,,,% of children under 5,2025,NISR Rwanda DHS 2025 final report,Table D.4,observed
Ngororero,West,dhs_underweight,Underweight children under 5 (weight-for-age below -2 SD) (%),3.4,,,,% of children under 5,2025,NISR Rwanda DHS 2025 final report,Table D.4,observed
Ngororero,West,dhs_wasting,Wasted children under 5 (weight-for-height below -2 SD) (%),0.0,,,,% of children under 5,2025,NISR Rwanda DHS 2025 final report,Table D.4,observed
Ngororero,West,ec_establishments,Establishments (all institutional sectors),6263.0,,,,count,2023,NISR Establishment Census 2023 (tables),Table 2.1.4,observed
Ngororero,West,ec_informal_employment_share,Informal employment in establishments (% of workers),34.6271,,,,%,2023,NISR Establishment Census 2023 (tables),Table 3. 18 (informal / total counts),calculated
Ngororero,West,ec_informal_enterprises_share,Informal enterprises (% of enterprises),93.3798,,,,%,2023,NISR Establishment Census 2023 (tables),Table 3. 10 (informal / total counts),calculated
Ngororero,West,eicv7_electricity_lighting,Households lit mainly by electricity (%),67.9727,3.0486053884323088,61.99302053652474,73.95230240873266,%,2023/24,NISR EICV7 Main Indicators Report (tables),Table A5.14,observed
Ngororero,West,eicv7_health_insurance,Has health insurance (% of people),87.7608,1.8679324767365852,84.09695923106115,91.42461504781865,%,2023/24,NISR EICV7 Main Indicators Report (tables),Table A3.7,observed
Ngororero,West,eicv7_hh_mobile_phone,Households owning any mobile phone (%),82.4302,1.8997903204970528,78.7038412341046,86.1564712225991,%,2023/24,NISR EICV7 Main Indicators Report (tables),Table A5.18,observed
Ngororero,West,eicv7_hh_sending_transfers,Households sending transfers to other households (%),97.7399,0.7401777911344465,96.28805239871397,99.19167346863443,%,2023/24,NISR EICV7 Main Indicators Report (tables),Table A8.22,observed
Ngororero,West,eicv7_hh_smartphone,Households owning a smartphone (%),19.4009,2.2050345175847768,15.075822559086582,23.72588577612531,%,2023/24,NISR EICV7 Main Indicators Report (tables),Table A5.19,observed
Ngororero,West,eicv7_improved_sanitation,Households using improved sanitation (%),95.0393,1.2976531343085707,92.49403136201171,97.58455559464473,%,2023/24,NISR EICV7 Main Indicators Report (tables),Table A5.17,observed
Ngororero,West,eicv7_improved_water,Households using improved drinking water (%),82.7774,2.905800488427502,77.07783322559379,88.47691007475404,%,2023/24,NISR EICV7 Main Indicators Report (tables),Table A5.16,observed
Ngororero,West,eicv7_internet_home,Households with internet access at home (%),13.849,1.846319224839538,10.227539751550752,17.470409596141252,%,2023/24,NISR EICV7 Main Indicators Report (tables),Table A5.15,observed
Ngororero,West,eicv7_metal_roof,Households with metal-sheet roof (%),27.7736,3.471465947748471,20.964550023657715,34.58265879445025,%,2023/24,NISR EICV7 Main Indicators Report (tables),Table A5.13,observed
Ngororero,West,eicv7_poverty_rate,Poverty headcount (% of people),30.2444,2.6947489535697704,24.958869158089552,35.53001832447954,%,2023/24,NISR EICV7 Main Indicators Report (tables),Table A9.23,observed
Ngororero,West,eicv7_umudugudu,Households living in umudugudu (%),60.8103,2.8720893792232327,55.17688046738753,66.44371302585395,%,2023/24,NISR EICV7 Main Indicators Report (tables),Table A5.12,observed
Ngororero,West,eicv7_workforce_ratio,Workforce-to-population ratio (%),87.6824,0.9911430383233687,85.73834740406998,89.62647245166137,%,2023/24,NISR EICV7 Main Indicators Report (tables),Table A6.20,observed
Ngororero,West,finscope2020_banked_incl_otc,"Adults using bank services, incl. over-the-counter users without an own account (%). Not comparable with finscope_banked",8.0,,,,% of adults 16+,2020,NISR/AFR FinScope 2020 report,Figure 17 (banked by district),observed
Ngororero,West,finscope_banked,Banked adults (%),10.0,,,,% of adults 16+,2024,NISR/AFR FinScope 2024 report,Figure 13 (district access strand),observed
Ngororero,West,finscope_excluded,Financially excluded adults (%),7.0,,,,% of adults 16+,2024,NISR/AFR FinScope 2024 report,Figure 13 (district access strand),observed
Ngororero,West,finscope_formally_included,Formally included adults (banked + other formal) (%),88.0,,,,% of adults 16+,2024,NISR/AFR FinScope 2024 report,Figure 13 (district access strand),calculated
Ngororero,West,finscope_informal_only,Informal only (%),5.0,,,,% of adults 16+,2024,NISR/AFR FinScope 2024 report,Figure 13 (district access strand),observed
Ngororero,West,finscope_not_formally_included,Adults not formally included: informal only or excluded (%),12.0,,,,% of adults 16+,2024,NISR/AFR FinScope 2024 report,Figure 13 (district access strand); 100 - banked - other formal,calculated
Ngororero,West,finscope_other_formal_only,"Formal non-bank only, e.g. mobile money / SACCO (%)",78.0,,,,% of adults 16+,2024,NISR/AFR FinScope 2024 report,Figure 13 (district access strand),observed
Ngororero,West,lfs_employment_ratio,Employment-to-population ratio (%),55.3237,2.278247414953035,50.853906796904006,59.79344429519802,%,2025,NISR LFS 2025 annual (standard errors annex),Annex EPR,observed
Ngororero,West,lfs_labour_underutilisation,Labour underutilisation rate (%),70.3359,2.1264020889671005,66.16406713961777,74.50778393087066,%,2025,NISR LFS 2025 annual (standard errors annex),Annex LUUR,observed
Ngororero,West,lfs_median_monthly_earnings,Median monthly earnings at main job,31200.0,,,,RWF,2025,NISR LFS 2025 annual tables,Tables 21-25,observed
Ngororero,West,lfs_neet_youth,"Youth (16-30) not in employment, education or training (%)",25.7729,3.6633522164797405,18.585668320986347,32.9601714121505,%,2025,NISR LFS 2025 annual (standard errors annex),Annex NEET,observed
Ngororero,West,lfs_outside_labour_force,Population outside the labour force (%),39.4511,2.3336803982271883,34.872537761254435,44.02958685612445,%,2025,NISR LFS 2025 annual (standard errors annex),Annex POLR,observed
Ngororero,West,lfs_participation_rate,Labour force participation rate (%),60.5489,2.3336803982271874,55.97041314387555,65.12746223874557,%,2025,NISR LFS 2025 annual (standard errors annex),Annex LFPR,observed
Ngororero,West,lfs_unemployment_rate,Unemployment rate (%),8.6298,1.2549946359259907,6.1676010130737335,11.09203175504805,%,2025,NISR LFS 2025 annual (standard errors annex),Annex UR,observed
Ngororero,West,proj_adults_16plus_2024,Projected adults aged 16+ (2024),220390.0,,,,persons,2024,NISR subnational population projections 2023-2032,single-age tables,projection
Ngororero,West,proj_adults_16plus_2026,Projected adults aged 16+ (2026),226564.0,,,,persons,2026,NISR subnational population projections 2023-2032,single-age tables,projection
Ngororero,West,proj_women_16plus_2024,Projected women aged 16+ (2024),122423.0,,,,persons,2024,NISR subnational population projections 2023-2032,single-age tables,projection
Ngororero,West,proj_women_16plus_2026,Projected women aged 16+ (2026),125379.0,,,,persons,2026,NISR subnational population projections 2023-2032,single-age tables,projection
Ngororero,West,proj_youth_16_30_2024,Projected youth aged 16-30 (2024),95153.0,,,,persons,2024,NISR subnational population projections 2023-2032,single-age tables,projection
Ngororero,West,proj_youth_16_30_2026,Projected youth aged 16-30 (2026),98101.0,,,,persons,2026,NISR subnational population projections 2023-2032,single-age tables,projection
Ngororero,West,rssb_active_members,RSSB active (contributing) members,5331.0,,,,persons,2023/24,NISR Statistical Yearbook 2025 (RSSB data),Table 12.2.3,observed
Rusizi,West,calc_establishments_per_1000_adults,"Establishments per 1,000 adults (2023 census / 2024 adults)",31.0269,,,,"per 1,000 adults",2023/24,IMBONIX calculation,ec_establishments / proj_adults_16plus_2024,calculated
Rusizi,West,calc_excluded_adults_2024,"Financially excluded adults, approx. (FinScope rate x 2024 projection)",17437.14,,,,persons,2024,IMBONIX calculation,finscope_excluded x proj_adults_16plus_2024,calculated
Rusizi,West,calc_informal_only_adults_2024,"Adults relying on informal finance only, approx.",14530.95,,,,persons,2024,IMBONIX calculation,finscope_informal_only x proj_adults_16plus_2024,calculated
Rusizi,West,calc_rssb_members_per_100_adults,RSSB active members per 100 adults (formal-sector pension reach proxy),5.4239,,,,per 100 adults,2024,IMBONIX calculation,rssb_active_members / proj_adults_16plus_2024,calculated
Rusizi,West,cbhi_registrations,Mutuelle de Sante (CBHI) registrations,440030.0,,,,persons,2024/25,NISR Statistical Yearbook 2025 (RSSB data),Table 12.2.9,observed
Rusizi,West,census_electricity,Households with access to electricity (%),67.3,,,,%,2022,NISR RPHC5 Main Indicators (tables),Table 74,observed
Rusizi,West,census_female_headed_hh,Households headed by women (%),27.3,,,,%,2022,NISR RPHC5 Main Indicators (tables),Table 59,observed
Rusizi,West,census_hh_mobile_phone,Households with a member owning a mobile phone (%),81.0,,,,%,2022,NISR RPHC5 Main Indicators (tables),Table 25,observed
Rusizi,West,census_internet_use_16plus,"Used the internet, age 16+ (%)",13.8,,,,%,2022,NISR RPHC5 Main Indicators (tables),Table 21,observed
Rusizi,West,census_medical_insurance,Population with medical insurance (%),98.2,,,,%,2022,NISR RPHC5 Main Indicators (tables),Table 28,observed
Rusizi,West,census_moderately_poor,"Moderately poor, census non-monetary measure (% of people)",26.3,,,,%,2022,NISR RPHC5 Non-Monetary Poverty report,Table 4.2,observed
Rusizi,West,census_mpi,"Multidimensional Poverty Index (M0), census",0.143,,,,index 0-1,2022,NISR RPHC5 Non-Monetary Poverty report,Table 7.2,observed
Rusizi,West,census_mpi_headcount,"Multidimensional poverty headcount, census (% of people)",34.0,,,,%,2022,NISR RPHC5 Non-Monetary Poverty report,Table 7.2,observed
Rusizi,West,census_nonpoor,"Non-poor, census non-monetary measure (% of people)",43.2,,,,%,2022,NISR RPHC5 Non-Monetary Poverty report,Table 4.2,observed
Rusizi,West,census_population,Resident population,485529.0,,,,persons,2022,NISR RPHC5 Main Indicators (tables),Table 1,observed
Rusizi,West,census_severely_poor,"Severely poor, census non-monetary measure (% of people)",7.7,,,,%,2022,NISR RPHC5 Non-Monetary Poverty report,Table 4.2,observed
Rusizi,West,census_vulnerable,"Vulnerable, census non-monetary measure (% of people)",22.8,,,,%,2022,NISR RPHC5 Non-Monetary Poverty report,Table 4.2,observed
Rusizi,West,cfsva_fcs_borderline,Households with borderline food consumption (%),11.0,,,,% of households,2024,WFP/MINAGRI/NISR CFSVA 2024 report,Figure 7.3 (chart labels),observed
Rusizi,West,cfsva_fcs_poor,Households with poor food consumption (%),1.0,,,,% of households,2024,WFP/MINAGRI/NISR CFSVA 2024 report,Figure 7.3 (chart labels),observed
Rusizi,West,cfsva_hazard_any,Households affected by a natural hazard in the 12 months before the survey (%),42.0,,,,% of households,2024,WFP/MINAGRI/NISR CFSVA 2024 report,"Figure 8.4 (bar heights digitized, about +/-1 point)",observed
Rusizi,West,cfsva_hazard_drought,Households affected mainly by drought (%),12.0,,,,% of households,2024,WFP/MINAGRI/NISR CFSVA 2024 report,"Figure 8.4 (bar heights digitized, about +/-1 point)",observed
Rusizi,West,cfsva_hazard_floods,Households affected mainly by floods or heavy rains (%),12.0,,,,% of households,2024,WFP/MINAGRI/NISR CFSVA 2024 report,"Figure 8.4 (bar heights digitized, about +/-1 point)",observed
Rusizi,West,cfsva_hazard_landslides,Households affected mainly by landslides (%),13.0,,,,% of households,2024,WFP/MINAGRI/NISR CFSVA 2024 report,"Figure 8.4 (bar heights digitized, about +/-1 point)",observed
Rusizi,West,cfsva_inadequate_food_consumption,Households with inadequate (poor or borderline) food consumption (%),12.0,,,,% of households,2024,WFP/MINAGRI/NISR CFSVA 2024 report,Figure 7.3 (sum of rounded chart labels),calculated
Rusizi,West,dhs_severe_stunting,Severely stunted children under 5 (below -3 SD) (%),10.7,,,,% of children under 5,2025,NISR Rwanda DHS 2025 final report,Table D.4,observed
Rusizi,West,dhs_stunting,Stunted children under 5 (height-for-age below -2 SD) (%),31.0,,,,% of children under 5,2025,NISR Rwanda DHS 2025 final report,Table D.4,observed
Rusizi,West,dhs_underweight,Underweight children under 5 (weight-for-age below -2 SD) (%),5.2,,,,% of children under 5,2025,NISR Rwanda DHS 2025 final report,Table D.4,observed
Rusizi,West,dhs_wasting,Wasted children under 5 (weight-for-height below -2 SD) (%),1.2,,,,% of children under 5,2025,NISR Rwanda DHS 2025 final report,Table D.4,observed
Rusizi,West,ec_establishments,Establishments (all institutional sectors),9017.0,,,,count,2023,NISR Establishment Census 2023 (tables),Table 2.1.4,observed
Rusizi,West,ec_informal_employment_share,Informal employment in establishments (% of workers),47.7163,,,,%,2023,NISR Establishment Census 2023 (tables),Table 3. 18 (informal / total counts),calculated
Rusizi,West,ec_informal_enterprises_share,Informal enterprises (% of enterprises),90.8327,,,,%,2023,NISR Establishment Census 2023 (tables),Table 3. 10 (informal / total counts),calculated
Rusizi,West,eicv7_electricity_lighting,Households lit mainly by electricity (%),78.8461,2.6214723699061513,73.70429398160039,83.98798865421077,%,2023/24,NISR EICV7 Main Indicators Report (tables),Table A5.14,observed
Rusizi,West,eicv7_health_insurance,Has health insurance (% of people),78.0944,2.5168568250725176,73.15772919632475,83.03103071223883,%,2023/24,NISR EICV7 Main Indicators Report (tables),Table A3.7,observed
Rusizi,West,eicv7_hh_mobile_phone,Households owning any mobile phone (%),90.4394,1.4507837165881248,87.59382640221364,93.28506196458628,%,2023/24,NISR EICV7 Main Indicators Report (tables),Table A5.18,observed
Rusizi,West,eicv7_hh_sending_transfers,Households sending transfers to other households (%),95.6773,1.004959975867725,93.70612388890167,97.64845098288801,%,2023/24,NISR EICV7 Main Indicators Report (tables),Table A8.22,observed
Rusizi,West,eicv7_hh_smartphone,Households owning a smartphone (%),40.593,3.0354468323099386,34.639170543838894,46.54683311421923,%,2023/24,NISR EICV7 Main Indicators Report (tables),Table A5.19,observed
Rusizi,West,eicv7_improved_sanitation,Households using improved sanitation (%),99.3922,0.34178341483033464,98.72181264389916,100.06258446458521,%,2023/24,NISR EICV7 Main Indicators Report (tables),Table A5.17,observed
Rusizi,West,eicv7_improved_water,Households using improved drinking water (%),94.2396,1.5233374908562958,91.25168381110286,97.22753838013934,%,2023/24,NISR EICV7 Main Indicators Report (tables),Table A5.16,observed
Rusizi,West,eicv7_internet_home,Households with internet access at home (%),44.1355,2.639103662415637,38.95908351545643,49.31194345218802,%,2023/24,NISR EICV7 Main Indicators Report (tables),Table A5.15,observed
Rusizi,West,eicv7_metal_roof,Households with metal-sheet roof (%),97.4788,1.5401886395316737,94.45777188339645,100.49973131390303,%,2023/24,NISR EICV7 Main Indicators Report (tables),Table A5.13,observed
Rusizi,West,eicv7_poverty_rate,Poverty headcount (% of people),44.1631,3.434645113029956,37.42627342638727,50.89993885832081,%,2023/24,NISR EICV7 Main Indicators Report (tables),Table A9.23,observed
Rusizi,West,eicv7_umudugudu,Households living in umudugudu (%),82.1344,3.0745388428098472,76.1038832791917,88.16489871521142,%,2023/24,NISR EICV7 Main Indicators Report (tables),Table A5.12,observed
Rusizi,West,eicv7_workforce_ratio,Workforce-to-population ratio (%),77.1777,1.5390954080944008,74.15885227560588,80.19652310157232,%,2023/24,NISR EICV7 Main Indicators Report (tables),Table A6.20,observed
Rusizi,West,finscope2020_banked_incl_otc,"Adults using bank services, incl. over-the-counter users without an own account (%). Not comparable with finscope_banked",21.0,,,,% of adults 16+,2020,NISR/AFR FinScope 2020 report,Figure 17 (banked by district),observed
Rusizi,West,finscope_banked,Banked adults (%),22.0,,,,% of adults 16+,2024,NISR/AFR FinScope 2024 report,Figure 13 (district access strand),observed
Rusizi,West,finscope_excluded,Financially excluded adults (%),6.0,,,,% of adults 16+,2024,NISR/AFR FinScope 2024 report,Figure 13 (district access strand),observed
Rusizi,West,finscope_formally_included,Formally included adults (banked + other formal) (%),90.0,,,,% of adults 16+,2024,NISR/AFR FinScope 2024 report,Figure 13 (district access strand),calculated
Rusizi,West,finscope_informal_only,Informal only (%),5.0,,,,% of adults 16+,2024,NISR/AFR FinScope 2024 report,Figure 13 (district access strand),observed
Rusizi,West,finscope_not_formally_included,Adults not formally included: informal only or excluded (%),10.0,,,,% of adults 16+,2024,NISR/AFR FinScope 2024 report,Figure 13 (district access strand); 100 - banked - other formal,calculated
Rusizi,West,finscope_other_formal_only,"Formal non-bank only, e.g. mobile money / SACCO (%)",68.0,,,,% of adults 16+,2024,NISR/AFR FinScope 2024 report,Figure 13 (district access strand),observed
Rusizi,West,lfs_employment_ratio,Employment-to-population ratio (%),47.7466,1.6339188773052995,44.54100034760762,50.95227902479303,%,2025,NISR LFS 2025 annual (standard errors annex),Annex EPR,observed
Rusizi,West,lfs_labour_underutilisation,Labour underutilisation rate (%),66.0806,2.037308581826242,62.08357419616449,70.07770000677463,%,2025,NISR LFS 2025 annual (standard errors annex),Annex LUUR,observed
Rusizi,West,lfs_median_monthly_earnings,Median monthly earnings at main job,39000.0,,,,RWF,2025,NISR LFS 2025 annual tables,Tables 21-25,observed
Rusizi,West,lfs_neet_youth,"Youth (16-30) not in employment, education or training (%)",28.0732,2.278859450109738,23.602275747180933,32.54421478939758,%,2025,NISR LFS 2025 annual (standard errors annex),Annex NEET,observed
Rusizi,West,lfs_outside_labour_force,Population outside the labour force (%),43.8043,1.5164071093127456,40.829177311434826,46.77935556135083,%,2025,NISR LFS 2025 annual (standard errors annex),Annex POLR,observed
Rusizi,West,lfs_participation_rate,Labour force participation rate (%),56.1957,1.5164071093127456,53.22064443864917,59.170822688565174,%,2025,NISR LFS 2025 annual (standard errors annex),Annex LFPR,observed
Rusizi,West,lfs_unemployment_rate,Unemployment rate (%),15.0351,1.128033381479178,12.821990367069102,17.248242163460755,%,2025,NISR LFS 2025 annual (standard errors annex),Annex UR,observed
Rusizi,West,proj_adults_16plus_2024,Projected adults aged 16+ (2024),290619.0,,,,persons,2024,NISR subnational population projections 2023-2032,single-age tables,projection
Rusizi,West,proj_adults_16plus_2026,Projected adults aged 16+ (2026),304940.0,,,,persons,2026,NISR subnational population projections 2023-2032,single-age tables,projection
Rusizi,West,proj_women_16plus_2024,Projected women aged 16+ (2024),151590.0,,,,persons,2024,NISR subnational population projections 2023-2032,single-age tables,projection
Rusizi,West,proj_women_16plus_2026,Projected women aged 16+ (2026),158123.0,,,,persons,2026,NISR subnational population projections 2023-2032,single-age tables,projection
Rusizi,West,proj_youth_16_30_2024,Projected youth aged 16-30 (2024),128037.0,,,,persons,2024,NISR subnational population projections 2023-2032,single-age tables,projection
Rusizi,West,proj_youth_16_30_2026,Projected youth aged 16-30 (2026),134899.0,,,,persons,2026,NISR subnational population projections 2023-2032,single-age tables,projection
Rusizi,West,rssb_active_members,RSSB active (contributing) members,15763.0,,,,persons,2023/24,NISR Statistical Yearbook 2025 (RSSB data),Table 12.2.3,observed
Nyamasheke,West,calc_establishments_per_1000_adults,"Establishments per 1,000 adults (2023 census / 2024 adults)",25.0532,,,,"per 1,000 adults",2023/24,IMBONIX calculation,ec_establishments / proj_adults_16plus_2024,calculated
Nyamasheke,West,calc_excluded_adults_2024,"Financially excluded adults, approx. (FinScope rate x 2024 projection)",15456.72,,,,persons,2024,IMBONIX calculation,finscope_excluded x proj_adults_16plus_2024,calculated
Nyamasheke,West,calc_informal_only_adults_2024,"Adults relying on informal finance only, approx.",7728.36,,,,persons,2024,IMBONIX calculation,finscope_informal_only x proj_adults_16plus_2024,calculated
Nyamasheke,West,calc_rssb_members_per_100_adults,RSSB active members per 100 adults (formal-sector pension reach proxy),6.1441,,,,per 100 adults,2024,IMBONIX calculation,rssb_active_members / proj_adults_16plus_2024,calculated
Nyamasheke,West,cbhi_registrations,Mutuelle de Sante (CBHI) registrations,413430.0,,,,persons,2024/25,NISR Statistical Yearbook 2025 (RSSB data),Table 12.2.9,observed
Nyamasheke,West,census_electricity,Households with access to electricity (%),61.5,,,,%,2022,NISR RPHC5 Main Indicators (tables),Table 74,observed
Nyamasheke,West,census_female_headed_hh,Households headed by women (%),28.8,,,,%,2022,NISR RPHC5 Main Indicators (tables),Table 59,observed
Nyamasheke,West,census_hh_mobile_phone,Households with a member owning a mobile phone (%),82.1,,,,%,2022,NISR RPHC5 Main Indicators (tables),Table 25,observed
Nyamasheke,West,census_internet_use_16plus,"Used the internet, age 16+ (%)",9.6,,,,%,2022,NISR RPHC5 Main Indicators (tables),Table 21,observed
Nyamasheke,West,census_medical_insurance,Population with medical insurance (%),98.8,,,,%,2022,NISR RPHC5 Main Indicators (tables),Table 28,observed
Nyamasheke,West,census_moderately_poor,"Moderately poor, census non-monetary measure (% of people)",26.8,,,,%,2022,NISR RPHC5 Non-Monetary Poverty report,Table 4.2,observed
Nyamasheke,West,census_mpi,"Multidimensional Poverty Index (M0), census",0.133,,,,index 0-1,2022,NISR RPHC5 Non-Monetary Poverty report,Table 7.2,observed
Nyamasheke,West,census_mpi_headcount,"Multidimensional poverty headcount, census (% of people)",32.2,,,,%,2022,NISR RPHC5 Non-Monetary Poverty report,Table 7.2,observed
Nyamasheke,West,census_nonpoor,"Non-poor, census non-monetary measure (% of people)",41.2,,,,%,2022,NISR RPHC5 Non-Monetary Poverty report,Table 4.2,observed
Nyamasheke,West,census_population,Resident population,434221.0,,,,persons,2022,NISR RPHC5 Main Indicators (tables),Table 1,observed
Nyamasheke,West,census_severely_poor,"Severely poor, census non-monetary measure (% of people)",5.4,,,,%,2022,NISR RPHC5 Non-Monetary Poverty report,Table 4.2,observed
Nyamasheke,West,census_vulnerable,"Vulnerable, census non-monetary measure (% of people)",26.6,,,,%,2022,NISR RPHC5 Non-Monetary Poverty report,Table 4.2,observed
Nyamasheke,West,cfsva_fcs_borderline,Households with borderline food consumption (%),29.0,,,,% of households,2024,WFP/MINAGRI/NISR CFSVA 2024 report,Figure 7.3 (chart labels),observed
Nyamasheke,West,cfsva_fcs_poor,Households with poor food consumption (%),6.0,,,,% of households,2024,WFP/MINAGRI/NISR CFSVA 2024 report,Figure 7.3 (chart labels),observed
Nyamasheke,West,cfsva_hazard_any,Households affected by a natural hazard in the 12 months before the survey (%),54.0,,,,% of households,2024,WFP/MINAGRI/NISR CFSVA 2024 report,"Figure 8.4 (bar heights digitized, about +/-1 point)",observed
Nyamasheke,West,cfsva_hazard_drought,Households affected mainly by drought (%),31.0,,,,% of households,2024,WFP/MINAGRI/NISR CFSVA 2024 report,"Figure 8.4 (bar heights digitized, about +/-1 point)",observed
Nyamasheke,West,cfsva_hazard_floods,Households affected mainly by floods or heavy rains (%),14.0,,,,% of households,2024,WFP/MINAGRI/NISR CFSVA 2024 report,"Figure 8.4 (bar heights digitized, about +/-1 point)",observed
Nyamasheke,West,cfsva_hazard_landslides,Households affected mainly by landslides (%),8.0,,,,% of households,2024,WFP/MINAGRI/NISR CFSVA 2024 report,"Figure 8.4 (bar heights digitized, about +/-1 point)",observed
Nyamasheke,West,cfsva_inadequate_food_consumption,Households with inadequate (poor or borderline) food consumption (%),35.0,,,,% of households,2024,WFP/MINAGRI/NISR CFSVA 2024 report,Figure 7.3 (sum of rounded chart labels),calculated
Nyamasheke,West,dhs_severe_stunting,Severely stunted children under 5 (below -3 SD) (%),8.4,,,,% of children under 5,2025,NISR Rwanda DHS 2025 final report,Table D.4,observed
Nyamasheke,West,dhs_stunting,Stunted children under 5 (height-for-age below -2 SD) (%),29.6,,,,% of children under 5,2025,NISR Rwanda DHS 2025 final report,Table D.4,observed
Nyamasheke,West,dhs_underweight,Underweight children under 5 (weight-for-age below -2 SD) (%),6.0,,,,% of children under 5,2025,NISR Rwanda DHS 2025 final report,Table D.4,observed
Nyamasheke,West,dhs_wasting,Wasted children under 5 (weight-for-height below -2 SD) (%),1.9,,,,% of children under 5,2025,NISR Rwanda DHS 2025 final report,Table D.4,observed
Nyamasheke,West,ec_establishments,Establishments (all institutional sectors),6454.0,,,,count,2023,NISR Establishment Census 2023 (tables),Table 2.1.4,observed
Nyamasheke,West,ec_informal_employment_share,Informal employment in establishments (% of workers),34.2402,,,,%,2023,NISR Establishment Census 2023 (tables),Table 3. 18 (informal / total counts),calculated
Nyamasheke,West,ec_informal_enterprises_share,Informal enterprises (% of enterprises),91.0235,,,,%,2023,NISR Establishment Census 2023 (tables),Table 3. 10 (informal / total counts),calculated
Nyamasheke,West,eicv7_electricity_lighting,Households lit mainly by electricity (%),74.2722,2.30302180664096,69.75495572910488,78.78941031872431,%,2023/24,NISR EICV7 Main Indicators Report (tables),Table A5.14,observed
Nyamasheke,West,eicv7_health_insurance,Has health insurance (% of people),83.9703,2.165451987113664,79.72288165751766,88.21766776295792,%,2023/24,NISR EICV7 Main Indicators Report (tables),Table A3.7,observed
Nyamasheke,West,eicv7_hh_mobile_phone,Households owning any mobile phone (%),87.3734,1.7752235252617201,83.8913740643659,90.85534473939542,%,2023/24,NISR EICV7 Main Indicators Report (tables),Table A5.18,observed
Nyamasheke,West,eicv7_hh_sending_transfers,Households sending transfers to other households (%),95.8957,1.0529849000751748,93.83029140829679,97.96101402492688,%,2023/24,NISR EICV7 Main Indicators Report (tables),Table A8.22,observed
Nyamasheke,West,eicv7_hh_smartphone,Households owning a smartphone (%),29.7978,2.636422415710238,24.62664493337626,34.968986688502426,%,2023/24,NISR EICV7 Main Indicators Report (tables),Table A5.19,observed
Nyamasheke,West,eicv7_improved_sanitation,Households using improved sanitation (%),97.5223,0.8143689515987242,95.92500637082826,99.11966970019797,%,2023/24,NISR EICV7 Main Indicators Report (tables),Table A5.17,observed
Nyamasheke,West,eicv7_improved_water,Households using improved drinking water (%),88.0188,2.296414690996048,83.51454388032239,92.52307961581279,%,2023/24,NISR EICV7 Main Indicators Report (tables),Table A5.16,observed
Nyamasheke,West,eicv7_internet_home,Households with internet access at home (%),25.5767,2.558537497715404,20.55827739625745,30.59508676223665,%,2023/24,NISR EICV7 Main Indicators Report (tables),Table A5.15,observed
Nyamasheke,West,eicv7_metal_roof,Households with metal-sheet roof (%),87.6754,2.8363160490601595,82.11216143805595,93.23865988160179,%,2023/24,NISR EICV7 Main Indicators Report (tables),Table A5.13,observed
Nyamasheke,West,eicv7_poverty_rate,Poverty headcount (% of people),42.6716,2.5729321753366268,37.62500801275463,47.71828582420236,%,2023/24,NISR EICV7 Main Indicators Report (tables),Table A9.23,observed
Nyamasheke,West,eicv7_umudugudu,Households living in umudugudu (%),78.3724,3.1034463019365677,72.28521048291324,84.45962611602556,%,2023/24,NISR EICV7 Main Indicators Report (tables),Table A5.12,observed
Nyamasheke,West,eicv7_workforce_ratio,Workforce-to-population ratio (%),78.6736,1.1110194226410137,76.49441168965828,80.85279617958867,%,2023/24,NISR EICV7 Main Indicators Report (tables),Table A6.20,observed
Nyamasheke,West,finscope2020_banked_incl_otc,"Adults using bank services, incl. over-the-counter users without an own account (%). Not comparable with finscope_banked",21.0,,,,% of adults 16+,2020,NISR/AFR FinScope 2020 report,Figure 17 (banked by district),observed
Nyamasheke,West,finscope_banked,Banked adults (%),13.0,,,,% of adults 16+,2024,NISR/AFR FinScope 2024 report,Figure 13 (district access strand),observed
Nyamasheke,West,finscope_excluded,Financially excluded adults (%),6.0,,,,% of adults 16+,2024,NISR/AFR FinScope 2024 report,Figure 13 (district access strand),observed
Nyamasheke,West,finscope_formally_included,Formally included adults (banked + other formal) (%),91.0,,,,% of adults 16+,2024,NISR/AFR FinScope 2024 report,Figure 13 (district access strand),calculated
Nyamasheke,West,finscope_informal_only,Informal only (%),3.0,,,,% of adults 16+,2024,NISR/AFR FinScope 2024 report,Figure 13 (district access strand),observed
Nyamasheke,West,finscope_not_formally_included,Adults not formally included: informal only or excluded (%),9.0,,,,% of adults 16+,2024,NISR/AFR FinScope 2024 report,Figure 13 (district access strand); 100 - banked - other formal,calculated
Nyamasheke,West,finscope_other_formal_only,"Formal non-bank only, e.g. mobile money / SACCO (%)",78.0,,,,% of adults 16+,2024,NISR/AFR FinScope 2024 report,Figure 13 (district access strand),observed
Nyamasheke,West,lfs_employment_ratio,Employment-to-population ratio (%),44.629,2.6007132248520453,39.526606254259995,49.73145636987103,%,2025,NISR LFS 2025 annual (standard errors annex),Annex EPR,observed
Nyamasheke,West,lfs_labour_underutilisation,Labour underutilisation rate (%),67.5915,2.866594955045271,61.96741730744782,73.21555169568586,%,2025,NISR LFS 2025 annual (standard errors annex),Annex LUUR,observed
Nyamasheke,West,lfs_median_monthly_earnings,Median monthly earnings at main job,39000.0,,,,RWF,2025,NISR LFS 2025 annual tables,Tables 21-25,observed
Nyamasheke,West,lfs_neet_youth,"Youth (16-30) not in employment, education or training (%)",28.8368,3.5716067739164146,21.829596589277653,35.844102860645414,%,2025,NISR LFS 2025 annual (standard errors annex),Annex NEET,observed
Nyamasheke,West,lfs_outside_labour_force,Population outside the labour force (%),45.299,2.146630969858874,41.08747543223288,49.510567640788395,%,2025,NISR LFS 2025 annual (standard errors annex),Annex POLR,observed
Nyamasheke,West,lfs_participation_rate,Labour force participation rate (%),54.701,2.146630969858874,50.489432359211605,58.91252456776712,%,2025,NISR LFS 2025 annual (standard errors annex),Annex LFPR,observed
Nyamasheke,West,lfs_unemployment_rate,Unemployment rate (%),18.4127,2.3406031641057656,13.82063017657038,23.004843276876013,%,2025,NISR LFS 2025 annual (standard errors annex),Annex UR,observed
Nyamasheke,West,proj_adults_16plus_2024,Projected adults aged 16+ (2024),257612.0,,,,persons,2024,NISR subnational population projections 2023-2032,single-age tables,projection
Nyamasheke,West,proj_adults_16plus_2026,Projected adults aged 16+ (2026),266851.0,,,,persons,2026,NISR subnational population projections 2023-2032,single-age tables,projection
Nyamasheke,West,proj_women_16plus_2024,Projected women aged 16+ (2024),140675.0,,,,persons,2024,NISR subnational population projections 2023-2032,single-age tables,projection
Nyamasheke,West,proj_women_16plus_2026,Projected women aged 16+ (2026),144966.0,,,,persons,2026,NISR subnational population projections 2023-2032,single-age tables,projection
Nyamasheke,West,proj_youth_16_30_2024,Projected youth aged 16-30 (2024),108136.0,,,,persons,2024,NISR subnational population projections 2023-2032,single-age tables,projection
Nyamasheke,West,proj_youth_16_30_2026,Projected youth aged 16-30 (2026),112237.0,,,,persons,2026,NISR subnational population projections 2023-2032,single-age tables,projection
Nyamasheke,West,rssb_active_members,RSSB active (contributing) members,15828.0,,,,persons,2023/24,NISR Statistical Yearbook 2025 (RSSB data),Table 12.2.3,observed
Rulindo,North,calc_establishments_per_1000_adults,"Establishments per 1,000 adults (2023 census / 2024 adults)",25.9635,,,,"per 1,000 adults",2023/24,IMBONIX calculation,ec_establishments / proj_adults_16plus_2024,calculated
Rulindo,North,calc_excluded_adults_2024,"Financially excluded adults, approx. (FinScope rate x 2024 projection)",18737.04,,,,persons,2024,IMBONIX calculation,finscope_excluded x proj_adults_16plus_2024,calculated
Rulindo,North,calc_informal_only_adults_2024,"Adults relying on informal finance only, approx.",9368.52,,,,persons,2024,IMBONIX calculation,finscope_informal_only x proj_adults_16plus_2024,calculated
Rulindo,North,calc_rssb_members_per_100_adults,RSSB active members per 100 adults (formal-sector pension reach proxy),8.9525,,,,per 100 adults,2024,IMBONIX calculation,rssb_active_members / proj_adults_16plus_2024,calculated
Rulindo,North,cbhi_registrations,Mutuelle de Sante (CBHI) registrations,340010.0,,,,persons,2024/25,NISR Statistical Yearbook 2025 (RSSB data),Table 12.2.9,observed
Rulindo,North,census_electricity,Households with access to electricity (%),54.7,,,,%,2022,NISR RPHC5 Main Indicators (tables),Table 74,observed
Rulindo,North,census_female_headed_hh,Households headed by women (%),27.4,,,,%,2022,NISR RPHC5 Main Indicators (tables),Table 59,observed
Rulindo,North,census_hh_mobile_phone,Households with a member owning a mobile phone (%),77.8,,,,%,2022,NISR RPHC5 Main Indicators (tables),Table 25,observed
Rulindo,North,census_internet_use_16plus,"Used the internet, age 16+ (%)",10.8,,,,%,2022,NISR RPHC5 Main Indicators (tables),Table 21,observed
Rulindo,North,census_medical_insurance,Population with medical insurance (%),98.6,,,,%,2022,NISR RPHC5 Main Indicators (tables),Table 28,observed
Rulindo,North,census_moderately_poor,"Moderately poor, census non-monetary measure (% of people)",22.4,,,,%,2022,NISR RPHC5 Non-Monetary Poverty report,Table 4.2,observed
Rulindo,North,census_mpi,"Multidimensional Poverty Index (M0), census",0.105,,,,index 0-1,2022,NISR RPHC5 Non-Monetary Poverty report,Table 7.2,observed
Rulindo,North,census_mpi_headcount,"Multidimensional poverty headcount, census (% of people)",25.9,,,,%,2022,NISR RPHC5 Non-Monetary Poverty report,Table 7.2,observed
Rulindo,North,census_nonpoor,"Non-poor, census non-monetary measure (% of people)",48.4,,,,%,2022,NISR RPHC5 Non-Monetary Poverty report,Table 4.2,observed
Rulindo,North,census_population,Resident population,360144.0,,,,persons,2022,NISR RPHC5 Main Indicators (tables),Table 1,observed
Rulindo,North,census_severely_poor,"Severely poor, census non-monetary measure (% of people)",3.5,,,,%,2022,NISR RPHC5 Non-Monetary Poverty report,Table 4.2,observed
Rulindo,North,census_vulnerable,"Vulnerable, census non-monetary measure (% of people)",25.6,,,,%,2022,NISR RPHC5 Non-Monetary Poverty report,Table 4.2,observed
Rulindo,North,cfsva_fcs_borderline,Households with borderline food consumption (%),13.0,,,,% of households,2024,WFP/MINAGRI/NISR CFSVA 2024 report,Figure 7.3 (chart labels),observed
Rulindo,North,cfsva_fcs_poor,Households with poor food consumption (%),1.0,,,,% of households,2024,WFP/MINAGRI/NISR CFSVA 2024 report,Figure 7.3 (chart labels),observed
Rulindo,North,cfsva_hazard_any,Households affected by a natural hazard in the 12 months before the survey (%),66.0,,,,% of households,2024,WFP/MINAGRI/NISR CFSVA 2024 report,"Figure 8.4 (bar heights digitized, about +/-1 point)",observed
Rulindo,North,cfsva_hazard_drought,Households affected mainly by drought (%),34.0,,,,% of households,2024,WFP/MINAGRI/NISR CFSVA 2024 report,"Figure 8.4 (bar heights digitized, about +/-1 point)",observed
Rulindo,North,cfsva_hazard_floods,Households affected mainly by floods or heavy rains (%),19.0,,,,% of households,2024,WFP/MINAGRI/NISR CFSVA 2024 report,"Figure 8.4 (bar heights digitized, about +/-1 point)",observed
Rulindo,North,cfsva_hazard_landslides,Households affected mainly by landslides (%),11.0,,,,% of households,2024,WFP/MINAGRI/NISR CFSVA 2024 report,"Figure 8.4 (bar heights digitized, about +/-1 point)",observed
Rulindo,North,cfsva_inadequate_food_consumption,Households with inadequate (poor or borderline) food consumption (%),14.0,,,,% of households,2024,WFP/MINAGRI/NISR CFSVA 2024 report,Figure 7.3 (sum of rounded chart labels),calculated
Rulindo,North,dhs_severe_stunting,Severely stunted children under 5 (below -3 SD) (%),3.7,,,,% of children under 5,2025,NISR Rwanda DHS 2025 final report,Table D.4,observed
Rulindo,North,dhs_stunting,Stunted children under 5 (height-for-age below -2 SD) (%),27.9,,,,% of children under 5,2025,NISR Rwanda DHS 2025 final report,Table D.4,observed
Rulindo,North,dhs_underweight,Underweight children under 5 (weight-for-age below -2 SD) (%),6.0,,,,% of children under 5,2025,NISR Rwanda DHS 2025 final report,Table D.4,observed
Rulindo,North,dhs_wasting,Wasted children under 5 (weight-for-height below -2 SD) (%),1.1,,,,% of children under 5,2025,NISR Rwanda DHS 2025 final report,Table D.4,observed
Rulindo,North,ec_establishments,Establishments (all institutional sectors),6081.0,,,,count,2023,NISR Establishment Census 2023 (tables),Table 2.1.4,observed
Rulindo,North,ec_informal_employment_share,Informal employment in establishments (% of workers),26.6145,,,,%,2023,NISR Establishment Census 2023 (tables),Table 3. 18 (informal / total counts),calculated
Rulindo,North,ec_informal_enterprises_share,Informal enterprises (% of enterprises),87.7659,,,,%,2023,NISR Establishment Census 2023 (tables),Table 3. 10 (informal / total counts),calculated
Rulindo,North,eicv7_electricity_lighting,Households lit mainly by electricity (%),67.2106,2.6388313147815703,62.03475170524332,72.38654325767847,%,2023/24,NISR EICV7 Main Indicators Report (tables),Table A5.14,observed
Rulindo,North,eicv7_health_insurance,Has health insurance (% of people),90.4084,1.8458028270659022,86.78795050879327,94.02879459217621,%,2023/24,NISR EICV7 Main Indicators Report (tables),Table A3.7,observed
Rulindo,North,eicv7_hh_mobile_phone,Households owning any mobile phone (%),86.5622,1.8617502162734856,82.91051188713361,90.21391550130492,%,2023/24,NISR EICV7 Main Indicators Report (tables),Table A5.18,observed
Rulindo,North,eicv7_hh_sending_transfers,Households sending transfers to other households (%),82.09,1.9114465010876787,78.34086278919823,85.83921845598665,%,2023/24,NISR EICV7 Main Indicators Report (tables),Table A8.22,observed
Rulindo,North,eicv7_hh_smartphone,Households owning a smartphone (%),28.9885,3.0511581220806567,23.003885916516325,34.97318183034509,%,2023/24,NISR EICV7 Main Indicators Report (tables),Table A5.19,observed
Rulindo,North,eicv7_improved_sanitation,Households using improved sanitation (%),92.7751,1.4057832109858956,90.01778032008212,95.53248476008287,%,2023/24,NISR EICV7 Main Indicators Report (tables),Table A5.17,observed
Rulindo,North,eicv7_improved_water,Households using improved drinking water (%),87.4445,2.3607852083571945,82.81401797961709,92.07507087075604,%,2023/24,NISR EICV7 Main Indicators Report (tables),Table A5.16,observed
Rulindo,North,eicv7_internet_home,Households with internet access at home (%),25.9815,2.8918570270160435,20.309355075411634,31.653733541525465,%,2023/24,NISR EICV7 Main Indicators Report (tables),Table A5.15,observed
Rulindo,North,eicv7_metal_roof,Households with metal-sheet roof (%),67.724,3.8026647290207714,60.26532931049405,75.18268776312357,%,2023/24,NISR EICV7 Main Indicators Report (tables),Table A5.13,observed
Rulindo,North,eicv7_poverty_rate,Poverty headcount (% of people),21.6374,2.0890506686497283,17.539848625639973,25.734922309661076,%,2023/24,NISR EICV7 Main Indicators Report (tables),Table A9.23,observed
Rulindo,North,eicv7_umudugudu,Households living in umudugudu (%),54.4963,3.501621844209244,47.628054111688314,61.364460536631796,%,2023/24,NISR EICV7 Main Indicators Report (tables),Table A5.12,observed
Rulindo,North,eicv7_workforce_ratio,Workforce-to-population ratio (%),86.5983,1.09668115597365,84.44725107489907,88.74938841218565,%,2023/24,NISR EICV7 Main Indicators Report (tables),Table A6.20,observed
Rulindo,North,finscope2020_banked_incl_otc,"Adults using bank services, incl. over-the-counter users without an own account (%). Not comparable with finscope_banked",36.0,,,,% of adults 16+,2020,NISR/AFR FinScope 2020 report,Figure 17 (banked by district),observed
Rulindo,North,finscope_banked,Banked adults (%),13.0,,,,% of adults 16+,2024,NISR/AFR FinScope 2024 report,Figure 13 (district access strand),observed
Rulindo,North,finscope_excluded,Financially excluded adults (%),8.0,,,,% of adults 16+,2024,NISR/AFR FinScope 2024 report,Figure 13 (district access strand),observed
Rulindo,North,finscope_formally_included,Formally included adults (banked + other formal) (%),87.0,,,,% of adults 16+,2024,NISR/AFR FinScope 2024 report,Figure 13 (district access strand),calculated
Rulindo,North,finscope_informal_only,Informal only (%),4.0,,,,% of adults 16+,2024,NISR/AFR FinScope 2024 report,Figure 13 (district access strand),observed
Rulindo,North,finscope_not_formally_included,Adults not formally included: informal only or excluded (%),13.0,,,,% of adults 16+,2024,NISR/AFR FinScope 2024 report,Figure 13 (district access strand); 100 - banked - other formal,calculated
Rulindo,North,finscope_other_formal_only,"Formal non-bank only, e.g. mobile money / SACCO (%)",74.0,,,,% of adults 16+,2024,NISR/AFR FinScope 2024 report,Figure 13 (district access strand),observed
Rulindo,North,lfs_employment_ratio,Employment-to-population ratio (%),61.3104,1.6746132704606265,58.02495888449764,64.59591690607502,%,2025,NISR LFS 2025 annual (standard errors annex),Annex EPR,observed
Rulindo,North,lfs_labour_underutilisation,Labour underutilisation rate (%),55.3382,2.2797080416474986,50.86559291944673,59.81086172111916,%,2025,NISR LFS 2025 annual (standard errors annex),Annex LUUR,observed
Rulindo,North,lfs_median_monthly_earnings,Median monthly earnings at main job,31200.0,,,,RWF,2025,NISR LFS 2025 annual tables,Tables 21-25,observed
Rulindo,North,lfs_neet_youth,"Youth (16-30) not in employment, education or training (%)",18.4818,1.6184745842341695,15.306422392094085,21.657099733297358,%,2025,NISR LFS 2025 annual (standard errors annex),Annex NEET,observed
Rulindo,North,lfs_outside_labour_force,Population outside the labour force (%),29.9849,1.5645289807758356,26.915416660025755,33.054418683693854,%,2025,NISR LFS 2025 annual (standard errors annex),Annex POLR,observed
Rulindo,North,lfs_participation_rate,Labour force participation rate (%),70.0151,1.5645289807758354,66.94558131630615,73.08458333997424,%,2025,NISR LFS 2025 annual (standard errors annex),Annex LFPR,observed
Rulindo,North,lfs_unemployment_rate,Unemployment rate (%),12.4325,1.287799230936634,9.905951809527714,14.959103385459407,%,2025,NISR LFS 2025 annual (standard errors annex),Annex UR,observed
Rulindo,North,proj_adults_16plus_2024,Projected adults aged 16+ (2024),234213.0,,,,persons,2024,NISR subnational population projections 2023-2032,single-age tables,projection
Rulindo,North,proj_adults_16plus_2026,Projected adults aged 16+ (2026),248387.0,,,,persons,2026,NISR subnational population projections 2023-2032,single-age tables,projection
Rulindo,North,proj_women_16plus_2024,Projected women aged 16+ (2024),125156.0,,,,persons,2024,NISR subnational population projections 2023-2032,single-age tables,projection
Rulindo,North,proj_women_16plus_2026,Projected women aged 16+ (2026),132182.0,,,,persons,2026,NISR subnational population projections 2023-2032,single-age tables,projection
Rulindo,North,proj_youth_16_30_2024,Projected youth aged 16-30 (2024),98078.0,,,,persons,2024,NISR subnational population projections 2023-2032,single-age tables,projection
Rulindo,North,proj_youth_16_30_2026,Projected youth aged 16-30 (2026),103492.0,,,,persons,2026,NISR subnational population projections 2023-2032,single-age tables,projection
Rulindo,North,rssb_active_members,RSSB active (contributing) members,20968.0,,,,persons,2023/24,NISR Statistical Yearbook 2025 (RSSB data),Table 12.2.3,observed
Gakenke,North,calc_establishments_per_1000_adults,"Establishments per 1,000 adults (2023 census / 2024 adults)",26.3554,,,,"per 1,000 adults",2023/24,IMBONIX calculation,ec_establishments / proj_adults_16plus_2024,calculated
Gakenke,North,calc_excluded_adults_2024,"Financially excluded adults, approx. (FinScope rate x 2024 projection)",18831.84,,,,persons,2024,IMBONIX calculation,finscope_excluded x proj_adults_16plus_2024,calculated
Gakenke,North,calc_informal_only_adults_2024,"Adults relying on informal finance only, approx.",11769.9,,,,persons,2024,IMBONIX calculation,finscope_informal_only x proj_adults_16plus_2024,calculated
Gakenke,North,calc_rssb_members_per_100_adults,RSSB active members per 100 adults (formal-sector pension reach proxy),2.8951,,,,per 100 adults,2024,IMBONIX calculation,rssb_active_members / proj_adults_16plus_2024,calculated
Gakenke,North,cbhi_registrations,Mutuelle de Sante (CBHI) registrations,373137.0,,,,persons,2024/25,NISR Statistical Yearbook 2025 (RSSB data),Table 12.2.9,observed
Gakenke,North,census_electricity,Households with access to electricity (%),49.7,,,,%,2022,NISR RPHC5 Main Indicators (tables),Table 74,observed
Gakenke,North,census_female_headed_hh,Households headed by women (%),27.4,,,,%,2022,NISR RPHC5 Main Indicators (tables),Table 59,observed
Gakenke,North,census_hh_mobile_phone,Households with a member owning a mobile phone (%),76.2,,,,%,2022,NISR RPHC5 Main Indicators (tables),Table 25,observed
Gakenke,North,census_internet_use_16plus,"Used the internet, age 16+ (%)",7.1,,,,%,2022,NISR RPHC5 Main Indicators (tables),Table 21,observed
Gakenke,North,census_medical_insurance,Population with medical insurance (%),99.7,,,,%,2022,NISR RPHC5 Main Indicators (tables),Table 28,observed
Gakenke,North,census_moderately_poor,"Moderately poor, census non-monetary measure (% of people)",26.4,,,,%,2022,NISR RPHC5 Non-Monetary Poverty report,Table 4.2,observed
Gakenke,North,census_mpi,"Multidimensional Poverty Index (M0), census",0.12,,,,index 0-1,2022,NISR RPHC5 Non-Monetary Poverty report,Table 7.2,observed
Gakenke,North,census_mpi_headcount,"Multidimensional poverty headcount, census (% of people)",29.8,,,,%,2022,NISR RPHC5 Non-Monetary Poverty report,Table 7.2,observed
Gakenke,North,census_nonpoor,"Non-poor, census non-monetary measure (% of people)",40.5,,,,%,2022,NISR RPHC5 Non-Monetary Poverty report,Table 4.2,observed
Gakenke,North,census_population,Resident population,365292.0,,,,persons,2022,NISR RPHC5 Main Indicators (tables),Table 1,observed
Gakenke,North,census_severely_poor,"Severely poor, census non-monetary measure (% of people)",3.4,,,,%,2022,NISR RPHC5 Non-Monetary Poverty report,Table 4.2,observed
Gakenke,North,census_vulnerable,"Vulnerable, census non-monetary measure (% of people)",29.6,,,,%,2022,NISR RPHC5 Non-Monetary Poverty report,Table 4.2,observed
Gakenke,North,cfsva_fcs_borderline,Households with borderline food consumption (%),14.0,,,,% of households,2024,WFP/MINAGRI/NISR CFSVA 2024 report,Figure 7.3 (chart labels),observed
Gakenke,North,cfsva_fcs_poor,Households with poor food consumption (%),1.0,,,,% of households,2024,WFP/MINAGRI/NISR CFSVA 2024 report,Figure 7.3 (chart labels),observed
Gakenke,North,cfsva_hazard_any,Households affected by a natural hazard in the 12 months before the survey (%),63.0,,,,% of households,2024,WFP/MINAGRI/NISR CFSVA 2024 report,"Figure 8.4 (bar heights digitized, about +/-1 point)",observed
Gakenke,North,cfsva_hazard_drought,Households affected mainly by drought (%),16.0,,,,% of households,2024,WFP/MINAGRI/NISR CFSVA 2024 report,"Figure 8.4 (bar heights digitized, about +/-1 point)",observed
Gakenke,North,cfsva_hazard_floods,Households affected mainly by floods or heavy rains (%),0.0,,,,% of households,2024,WFP/MINAGRI/NISR CFSVA 2024 report,"Figure 8.4 (bar heights digitized, about +/-1 point)",observed
Gakenke,North,cfsva_hazard_landslides,Households affected mainly by landslides (%),30.0,,,,% of households,2024,WFP/MINAGRI/NISR CFSVA 2024 report,"Figure 8.4 (bar heights digitized, about +/-1 point)",observed
Gakenke,North,cfsva_inadequate_food_consumption,Households with inadequate (poor or borderline) food consumption (%),15.0,,,,% of households,2024,WFP/MINAGRI/NISR CFSVA 2024 report,Figure 7.3 (sum of rounded chart labels),calculated
Gakenke,North,dhs_severe_stunting,Severely stunted children under 5 (below -3 SD) (%),3.9,,,,% of children under 5,2025,NISR Rwanda DHS 2025 final report,Table D.4,observed
Gakenke,North,dhs_stunting,Stunted children under 5 (height-for-age below -2 SD) (%),26.0,,,,% of children under 5,2025,NISR Rwanda DHS 2025 final report,Table D.4,observed
Gakenke,North,dhs_underweight,Underweight children under 5 (weight-for-age below -2 SD) (%),3.7,,,,% of children under 5,2025,NISR Rwanda DHS 2025 final report,Table D.4,observed
Gakenke,North,dhs_wasting,Wasted children under 5 (weight-for-height below -2 SD) (%),0.7,,,,% of children under 5,2025,NISR Rwanda DHS 2025 final report,Table D.4,observed
Gakenke,North,ec_establishments,Establishments (all institutional sectors),6204.0,,,,count,2023,NISR Establishment Census 2023 (tables),Table 2.1.4,observed
Gakenke,North,ec_informal_employment_share,Informal employment in establishments (% of workers),48.1391,,,,%,2023,NISR Establishment Census 2023 (tables),Table 3. 18 (informal / total counts),calculated
Gakenke,North,ec_informal_enterprises_share,Informal enterprises (% of enterprises),93.0916,,,,%,2023,NISR Establishment Census 2023 (tables),Table 3. 10 (informal / total counts),calculated
Gakenke,North,eicv7_electricity_lighting,Households lit mainly by electricity (%),67.1466,3.0139943082305822,61.234823302487484,73.05833041499557,%,2023/24,NISR EICV7 Main Indicators Report (tables),Table A5.14,observed
Gakenke,North,eicv7_health_insurance,Has health insurance (% of people),96.3497,0.7773410980003191,94.82500564267524,97.87441352508337,%,2023/24,NISR EICV7 Main Indicators Report (tables),Table A3.7,observed
Gakenke,North,eicv7_hh_mobile_phone,Households owning any mobile phone (%),81.4281,1.7118332910865648,78.0704272885873,84.78572633122957,%,2023/24,NISR EICV7 Main Indicators Report (tables),Table A5.18,observed
Gakenke,North,eicv7_hh_sending_transfers,Households sending transfers to other households (%),92.9631,1.2792794237628793,90.45386874040612,95.47231529965838,%,2023/24,NISR EICV7 Main Indicators Report (tables),Table A8.22,observed
Gakenke,North,eicv7_hh_smartphone,Households owning a smartphone (%),22.7753,2.321118863506232,18.222577385754107,27.328024372398872,%,2023/24,NISR EICV7 Main Indicators Report (tables),Table A5.19,observed
Gakenke,North,eicv7_improved_sanitation,Households using improved sanitation (%),93.0065,1.273546501339361,90.50850705168817,95.50446410295932,%,2023/24,NISR EICV7 Main Indicators Report (tables),Table A5.17,observed
Gakenke,North,eicv7_improved_water,Households using improved drinking water (%),84.1381,3.1801057190781896,77.90057758178406,90.37571812381194,%,2023/24,NISR EICV7 Main Indicators Report (tables),Table A5.16,observed
Gakenke,North,eicv7_internet_home,Households with internet access at home (%),18.0957,2.229032156623846,13.723587220732135,22.467790050140735,%,2023/24,NISR EICV7 Main Indicators Report (tables),Table A5.15,observed
Gakenke,North,eicv7_metal_roof,Households with metal-sheet roof (%),72.7545,2.9557840401124573,66.9569693416397,78.55212515393592,%,2023/24,NISR EICV7 Main Indicators Report (tables),Table A5.13,observed
Gakenke,North,eicv7_poverty_rate,Poverty headcount (% of people),24.474,2.894421103503418,18.796749251467247,30.151186255682063,%,2023/24,NISR EICV7 Main Indicators Report (tables),Table A9.23,observed
Gakenke,North,eicv7_umudugudu,Households living in umudugudu (%),85.9244,1.9993273119231896,82.00284057619173,89.84594121782276,%,2023/24,NISR EICV7 Main Indicators Report (tables),Table A5.12,observed
Gakenke,North,eicv7_workforce_ratio,Workforce-to-population ratio (%),89.9241,1.0947262243714115,87.77687855303446,92.07134694826618,%,2023/24,NISR EICV7 Main Indicators Report (tables),Table A6.20,observed
Gakenke,North,finscope2020_banked_incl_otc,"Adults using bank services, incl. over-the-counter users without an own account (%). Not comparable with finscope_banked",15.0,,,,% of adults 16+,2020,NISR/AFR FinScope 2020 report,Figure 17 (banked by district),observed
Gakenke,North,finscope_banked,Banked adults (%),18.0,,,,% of adults 16+,2024,NISR/AFR FinScope 2024 report,Figure 13 (district access strand),observed
Gakenke,North,finscope_excluded,Financially excluded adults (%),8.0,,,,% of adults 16+,2024,NISR/AFR FinScope 2024 report,Figure 13 (district access strand),observed
Gakenke,North,finscope_formally_included,Formally included adults (banked + other formal) (%),87.0,,,,% of adults 16+,2024,NISR/AFR FinScope 2024 report,Figure 13 (district access strand),calculated
Gakenke,North,finscope_informal_only,Informal only (%),5.0,,,,% of adults 16+,2024,NISR/AFR FinScope 2024 report,Figure 13 (district access strand),observed
Gakenke,North,finscope_not_formally_included,Adults not formally included: informal only or excluded (%),13.0,,,,% of adults 16+,2024,NISR/AFR FinScope 2024 report,Figure 13 (district access strand); 100 - banked - other formal,calculated
Gakenke,North,finscope_other_formal_only,"Formal non-bank only, e.g. mobile money / SACCO (%)",69.0,,,,% of adults 16+,2024,NISR/AFR FinScope 2024 report,Figure 13 (district access strand),observed
Gakenke,North,lfs_employment_ratio,Employment-to-population ratio (%),57.1336,2.232339432578799,52.75391676106619,61.51331748966088,%,2025,NISR LFS 2025 annual (standard errors annex),Annex EPR,observed
Gakenke,North,lfs_labour_underutilisation,Labour underutilisation rate (%),64.5308,3.217030593167134,58.219216145717255,70.8424130083677,%,2025,NISR LFS 2025 annual (standard errors annex),Annex LUUR,observed
Gakenke,North,lfs_median_monthly_earnings,Median monthly earnings at main job,26000.0,,,,RWF,2025,NISR LFS 2025 annual tables,Tables 21-25,observed
Gakenke,North,lfs_neet_youth,"Youth (16-30) not in employment, education or training (%)",25.3596,2.7084289438454863,20.04584790442243,30.673360064014062,%,2025,NISR LFS 2025 annual (standard errors annex),Annex NEET,observed
Gakenke,North,lfs_outside_labour_force,Population outside the labour force (%),38.5899,2.3559537996776947,33.967713722125836,43.21216065893985,%,2025,NISR LFS 2025 annual (standard errors annex),Annex POLR,observed
Gakenke,North,lfs_participation_rate,Labour force participation rate (%),61.4101,2.3559537996776942,56.78783934106015,66.03228627787416,%,2025,NISR LFS 2025 annual (standard errors annex),Annex LFPR,observed
Gakenke,North,lfs_unemployment_rate,Unemployment rate (%),6.9638,0.9428425809470572,5.113960007193699,8.813547923784522,%,2025,NISR LFS 2025 annual (standard errors annex),Annex UR,observed
Gakenke,North,proj_adults_16plus_2024,Projected adults aged 16+ (2024),235398.0,,,,persons,2024,NISR subnational population projections 2023-2032,single-age tables,projection
Gakenke,North,proj_adults_16plus_2026,Projected adults aged 16+ (2026),242011.0,,,,persons,2026,NISR subnational population projections 2023-2032,single-age tables,projection
Gakenke,North,proj_women_16plus_2024,Projected women aged 16+ (2024),127730.0,,,,persons,2024,NISR subnational population projections 2023-2032,single-age tables,projection
Gakenke,North,proj_women_16plus_2026,Projected women aged 16+ (2026),131004.0,,,,persons,2026,NISR subnational population projections 2023-2032,single-age tables,projection
Gakenke,North,proj_youth_16_30_2024,Projected youth aged 16-30 (2024),98184.0,,,,persons,2024,NISR subnational population projections 2023-2032,single-age tables,projection
Gakenke,North,proj_youth_16_30_2026,Projected youth aged 16-30 (2026),100404.0,,,,persons,2026,NISR subnational population projections 2023-2032,single-age tables,projection
Gakenke,North,rssb_active_members,RSSB active (contributing) members,6815.0,,,,persons,2023/24,NISR Statistical Yearbook 2025 (RSSB data),Table 12.2.3,observed
Musanze,North,calc_establishments_per_1000_adults,"Establishments per 1,000 adults (2023 census / 2024 adults)",42.2267,,,,"per 1,000 adults",2023/24,IMBONIX calculation,ec_establishments / proj_adults_16plus_2024,calculated
Musanze,North,calc_excluded_adults_2024,"Financially excluded adults, approx. (FinScope rate x 2024 projection)",3135.46,,,,persons,2024,IMBONIX calculation,finscope_excluded x proj_adults_16plus_2024,calculated
Musanze,North,calc_informal_only_adults_2024,"Adults relying on informal finance only, approx.",15677.3,,,,persons,2024,IMBONIX calculation,finscope_informal_only x proj_adults_16plus_2024,calculated
Musanze,North,calc_rssb_members_per_100_adults,RSSB active members per 100 adults (formal-sector pension reach proxy),5.0745,,,,per 100 adults,2024,IMBONIX calculation,rssb_active_members / proj_adults_16plus_2024,calculated
Musanze,North,cbhi_registrations,Mutuelle de Sante (CBHI) registrations,404862.0,,,,persons,2024/25,NISR Statistical Yearbook 2025 (RSSB data),Table 12.2.9,observed
Musanze,North,census_electricity,Households with access to electricity (%),62.9,,,,%,2022,NISR RPHC5 Main Indicators (tables),Table 74,observed
Musanze,North,census_female_headed_hh,Households headed by women (%),27.7,,,,%,2022,NISR RPHC5 Main Indicators (tables),Table 59,observed
Musanze,North,census_hh_mobile_phone,Households with a member owning a mobile phone (%),81.6,,,,%,2022,NISR RPHC5 Main Indicators (tables),Table 25,observed
Musanze,North,census_internet_use_16plus,"Used the internet, age 16+ (%)",18.1,,,,%,2022,NISR RPHC5 Main Indicators (tables),Table 21,observed
Musanze,North,census_medical_insurance,Population with medical insurance (%),98.3,,,,%,2022,NISR RPHC5 Main Indicators (tables),Table 28,observed
Musanze,North,census_moderately_poor,"Moderately poor, census non-monetary measure (% of people)",23.0,,,,%,2022,NISR RPHC5 Non-Monetary Poverty report,Table 4.2,observed
Musanze,North,census_mpi,"Multidimensional Poverty Index (M0), census",0.118,,,,index 0-1,2022,NISR RPHC5 Non-Monetary Poverty report,Table 7.2,observed
Musanze,North,census_mpi_headcount,"Multidimensional poverty headcount, census (% of people)",28.1,,,,%,2022,NISR RPHC5 Non-Monetary Poverty report,Table 7.2,observed
Musanze,North,census_nonpoor,"Non-poor, census non-monetary measure (% of people)",50.0,,,,%,2022,NISR RPHC5 Non-Monetary Poverty report,Table 4.2,observed
Musanze,North,census_population,Resident population,476522.0,,,,persons,2022,NISR RPHC5 Main Indicators (tables),Table 1,observed
Musanze,North,census_severely_poor,"Severely poor, census non-monetary measure (% of people)",5.1,,,,%,2022,NISR RPHC5 Non-Monetary Poverty report,Table 4.2,observed
Musanze,North,census_vulnerable,"Vulnerable, census non-monetary measure (% of people)",21.9,,,,%,2022,NISR RPHC5 Non-Monetary Poverty report,Table 4.2,observed
Musanze,North,cfsva_fcs_borderline,Households with borderline food consumption (%),19.0,,,,% of households,2024,WFP/MINAGRI/NISR CFSVA 2024 report,Figure 7.3 (chart labels),observed
Musanze,North,cfsva_fcs_poor,Households with poor food consumption (%),1.0,,,,% of households,2024,WFP/MINAGRI/NISR CFSVA 2024 report,Figure 7.3 (chart labels),observed
Musanze,North,cfsva_hazard_any,Households affected by a natural hazard in the 12 months before the survey (%),35.0,,,,% of households,2024,WFP/MINAGRI/NISR CFSVA 2024 report,"Figure 8.4 (bar heights digitized, about +/-1 point)",observed
Musanze,North,cfsva_hazard_drought,Households affected mainly by drought (%),7.0,,,,% of households,2024,WFP/MINAGRI/NISR CFSVA 2024 report,"Figure 8.4 (bar heights digitized, about +/-1 point)",observed
Musanze,North,cfsva_hazard_floods,Households affected mainly by floods or heavy rains (%),9.0,,,,% of households,2024,WFP/MINAGRI/NISR CFSVA 2024 report,"Figure 8.4 (bar heights digitized, about +/-1 point)",observed
Musanze,North,cfsva_hazard_landslides,Households affected mainly by landslides (%),18.0,,,,% of households,2024,WFP/MINAGRI/NISR CFSVA 2024 report,"Figure 8.4 (bar heights digitized, about +/-1 point)",observed
Musanze,North,cfsva_inadequate_food_consumption,Households with inadequate (poor or borderline) food consumption (%),20.0,,,,% of households,2024,WFP/MINAGRI/NISR CFSVA 2024 report,Figure 7.3 (sum of rounded chart labels),calculated
Musanze,North,dhs_severe_stunting,Severely stunted children under 5 (below -3 SD) (%),4.5,,,,% of children under 5,2025,NISR Rwanda DHS 2025 final report,Table D.4,observed
Musanze,North,dhs_stunting,Stunted children under 5 (height-for-age below -2 SD) (%),31.9,,,,% of children under 5,2025,NISR Rwanda DHS 2025 final report,Table D.4,observed
Musanze,North,dhs_underweight,Underweight children under 5 (weight-for-age below -2 SD) (%),2.7,,,,% of children under 5,2025,NISR Rwanda DHS 2025 final report,Table D.4,observed
Musanze,North,dhs_wasting,Wasted children under 5 (weight-for-height below -2 SD) (%),0.0,,,,% of children under 5,2025,NISR Rwanda DHS 2025 final report,Table D.4,observed
Musanze,North,ec_establishments,Establishments (all institutional sectors),13240.0,,,,count,2023,NISR Establishment Census 2023 (tables),Table 2.1.4,observed
Musanze,North,ec_informal_employment_share,Informal employment in establishments (% of workers),52.3165,,,,%,2023,NISR Establishment Census 2023 (tables),Table 3. 18 (informal / total counts),calculated
Musanze,North,ec_informal_enterprises_share,Informal enterprises (% of enterprises),86.694,,,,%,2023,NISR Establishment Census 2023 (tables),Table 3. 10 (informal / total counts),calculated
Musanze,North,eicv7_electricity_lighting,Households lit mainly by electricity (%),72.8852,3.0619337084209333,66.87944862203081,78.89101575760269,%,2023/24,NISR EICV7 Main Indicators Report (tables),Table A5.14,observed
Musanze,North,eicv7_health_insurance,Has health insurance (% of people),88.927,1.6836307015653023,85.62464129773701,92.22930525494294,%,2023/24,NISR EICV7 Main Indicators Report (tables),Table A3.7,observed
Musanze,North,eicv7_hh_mobile_phone,Households owning any mobile phone (%),88.5097,1.5987897257821047,85.3737780156751,91.64562187502435,%,2023/24,NISR EICV7 Main Indicators Report (tables),Table A5.18,observed
Musanze,North,eicv7_hh_sending_transfers,Households sending transfers to other households (%),96.3997,1.0222635902313841,94.39458239604338,98.4047893154634,%,2023/24,NISR EICV7 Main Indicators Report (tables),Table A8.22,observed
Musanze,North,eicv7_hh_smartphone,Households owning a smartphone (%),38.4517,2.941423905639747,32.68225812177988,44.22108099688009,%,2023/24,NISR EICV7 Main Indicators Report (tables),Table A5.19,observed
Musanze,North,eicv7_improved_sanitation,Households using improved sanitation (%),96.322,0.9262673654297684,94.50519839823349,98.13882463081666,%,2023/24,NISR EICV7 Main Indicators Report (tables),Table A5.17,observed
Musanze,North,eicv7_improved_water,Households using improved drinking water (%),91.7511,2.304639004571301,87.2306755392562,96.27147418572386,%,2023/24,NISR EICV7 Main Indicators Report (tables),Table A5.16,observed
Musanze,North,eicv7_internet_home,Households with internet access at home (%),31.9387,3.1418546497818443,25.77620151555343,38.10128809475486,%,2023/24,NISR EICV7 Main Indicators Report (tables),Table A5.15,observed
Musanze,North,eicv7_metal_roof,Households with metal-sheet roof (%),88.8593,2.7781574673082887,83.41010991285292,94.30845981506981,%,2023/24,NISR EICV7 Main Indicators Report (tables),Table A5.13,observed
Musanze,North,eicv7_poverty_rate,Poverty headcount (% of people),20.9807,2.7026744674018137,15.679607537638827,26.281847462530767,%,2023/24,NISR EICV7 Main Indicators Report (tables),Table A9.23,observed
Musanze,North,eicv7_umudugudu,Households living in umudugudu (%),68.4482,4.629078487518626,59.36854501827752,77.5278170089622,%,2023/24,NISR EICV7 Main Indicators Report (tables),Table A5.12,observed
Musanze,North,eicv7_workforce_ratio,Workforce-to-population ratio (%),80.7525,1.268709040729908,78.26403138991816,83.24101171327507,%,2023/24,NISR EICV7 Main Indicators Report (tables),Table A6.20,observed
Musanze,North,finscope2020_banked_incl_otc,"Adults using bank services, incl. over-the-counter users without an own account (%). Not comparable with finscope_banked",23.0,,,,% of adults 16+,2020,NISR/AFR FinScope 2020 report,Figure 17 (banked by district),observed
Musanze,North,finscope_banked,Banked adults (%),24.0,,,,% of adults 16+,2024,NISR/AFR FinScope 2024 report,Figure 13 (district access strand),observed
Musanze,North,finscope_excluded,Financially excluded adults (%),1.0,,,,% of adults 16+,2024,NISR/AFR FinScope 2024 report,Figure 13 (district access strand),observed
Musanze,North,finscope_formally_included,Formally included adults (banked + other formal) (%),95.0,,,,% of adults 16+,2024,NISR/AFR FinScope 2024 report,Figure 13 (district access strand),calculated
Musanze,North,finscope_informal_only,Informal only (%),5.0,,,,% of adults 16+,2024,NISR/AFR FinScope 2024 report,Figure 13 (district access strand),observed
Musanze,North,finscope_not_formally_included,Adults not formally included: informal only or excluded (%),5.0,,,,% of adults 16+,2024,NISR/AFR FinScope 2024 report,Figure 13 (district access strand); 100 - banked - other formal,calculated
Musanze,North,finscope_other_formal_only,"Formal non-bank only, e.g. mobile money / SACCO (%)",71.0,,,,% of adults 16+,2024,NISR/AFR FinScope 2024 report,Figure 13 (district access strand),observed
Musanze,North,lfs_employment_ratio,Employment-to-population ratio (%),60.6241,1.3989248647011934,57.87952464319234,63.36871831162891,%,2025,NISR LFS 2025 annual (standard errors annex),Annex EPR,observed
Musanze,North,lfs_labour_underutilisation,Labour underutilisation rate (%),52.7032,1.9824194684283554,48.81383653573411,56.59258482226677,%,2025,NISR LFS 2025 annual (standard errors annex),Annex LUUR,observed
Musanze,North,lfs_median_monthly_earnings,Median monthly earnings at main job,52000.0,,,,RWF,2025,NISR LFS 2025 annual tables,Tables 21-25,observed
Musanze,North,lfs_neet_youth,"Youth (16-30) not in employment, education or training (%)",22.0068,1.718829503962785,18.634560284672503,25.3790168801236,%,2025,NISR LFS 2025 annual (standard errors annex),Annex NEET,observed
Musanze,North,lfs_outside_labour_force,Population outside the labour force (%),31.2604,1.3143200226251202,28.6818013165292,33.83901692441265,%,2025,NISR LFS 2025 annual (standard errors annex),Annex POLR,observed
Musanze,North,lfs_participation_rate,Labour force participation rate (%),68.7396,1.3143200226251204,66.16098307558735,71.3181986834708,%,2025,NISR LFS 2025 annual (standard errors annex),Annex LFPR,observed
Musanze,North,lfs_unemployment_rate,Unemployment rate (%),11.8061,1.070302267416856,9.70624531720544,13.905967959831301,%,2025,NISR LFS 2025 annual (standard errors annex),Annex UR,observed
Musanze,North,proj_adults_16plus_2024,Projected adults aged 16+ (2024),313546.0,,,,persons,2024,NISR subnational population projections 2023-2032,single-age tables,projection
Musanze,North,proj_adults_16plus_2026,Projected adults aged 16+ (2026),334434.0,,,,persons,2026,NISR subnational population projections 2023-2032,single-age tables,projection
Musanze,North,proj_women_16plus_2024,Projected women aged 16+ (2024),167127.0,,,,persons,2024,NISR subnational population projections 2023-2032,single-age tables,projection
Musanze,North,proj_women_16plus_2026,Projected women aged 16+ (2026),177649.0,,,,persons,2026,NISR subnational population projections 2023-2032,single-age tables,projection
Musanze,North,proj_youth_16_30_2024,Projected youth aged 16-30 (2024),148273.0,,,,persons,2024,NISR subnational population projections 2023-2032,single-age tables,projection
Musanze,North,proj_youth_16_30_2026,Projected youth aged 16-30 (2026),157869.0,,,,persons,2026,NISR subnational population projections 2023-2032,single-age tables,projection
Musanze,North,rssb_active_members,RSSB active (contributing) members,15911.0,,,,persons,2023/24,NISR Statistical Yearbook 2025 (RSSB data),Table 12.2.3,observed
Burera,North,calc_establishments_per_1000_adults,"Establishments per 1,000 adults (2023 census / 2024 adults)",25.6086,,,,"per 1,000 adults",2023/24,IMBONIX calculation,ec_establishments / proj_adults_16plus_2024,calculated
Burera,North,calc_excluded_adults_2024,"Financially excluded adults, approx. (FinScope rate x 2024 projection)",2433.95,,,,persons,2024,IMBONIX calculation,finscope_excluded x proj_adults_16plus_2024,calculated
Burera,North,calc_informal_only_adults_2024,"Adults relying on informal finance only, approx.",4867.9,,,,persons,2024,IMBONIX calculation,finscope_informal_only x proj_adults_16plus_2024,calculated
Burera,North,calc_rssb_members_per_100_adults,RSSB active members per 100 adults (formal-sector pension reach proxy),3.0288,,,,per 100 adults,2024,IMBONIX calculation,rssb_active_members / proj_adults_16plus_2024,calculated
Burera,North,cbhi_registrations,Mutuelle de Sante (CBHI) registrations,381650.0,,,,persons,2024/25,NISR Statistical Yearbook 2025 (RSSB data),Table 12.2.9,observed
Burera,North,census_electricity,Households with access to electricity (%),52.7,,,,%,2022,NISR RPHC5 Main Indicators (tables),Table 74,observed
Burera,North,census_female_headed_hh,Households headed by women (%),25.4,,,,%,2022,NISR RPHC5 Main Indicators (tables),Table 59,observed
Burera,North,census_hh_mobile_phone,Households with a member owning a mobile phone (%),77.6,,,,%,2022,NISR RPHC5 Main Indicators (tables),Table 25,observed
Burera,North,census_internet_use_16plus,"Used the internet, age 16+ (%)",7.6,,,,%,2022,NISR RPHC5 Main Indicators (tables),Table 21,observed
Burera,North,census_medical_insurance,Population with medical insurance (%),99.1,,,,%,2022,NISR RPHC5 Main Indicators (tables),Table 28,observed
Burera,North,census_moderately_poor,"Moderately poor, census non-monetary measure (% of people)",29.5,,,,%,2022,NISR RPHC5 Non-Monetary Poverty report,Table 4.2,observed
Burera,North,census_mpi,"Multidimensional Poverty Index (M0), census",0.139,,,,index 0-1,2022,NISR RPHC5 Non-Monetary Poverty report,Table 7.2,observed
Burera,North,census_mpi_headcount,"Multidimensional poverty headcount, census (% of people)",34.3,,,,%,2022,NISR RPHC5 Non-Monetary Poverty report,Table 7.2,observed
Burera,North,census_nonpoor,"Non-poor, census non-monetary measure (% of people)",38.1,,,,%,2022,NISR RPHC5 Non-Monetary Poverty report,Table 4.2,observed
Burera,North,census_population,Resident population,387729.0,,,,persons,2022,NISR RPHC5 Main Indicators (tables),Table 1,observed
Burera,North,census_severely_poor,"Severely poor, census non-monetary measure (% of people)",4.8,,,,%,2022,NISR RPHC5 Non-Monetary Poverty report,Table 4.2,observed
Burera,North,census_vulnerable,"Vulnerable, census non-monetary measure (% of people)",27.6,,,,%,2022,NISR RPHC5 Non-Monetary Poverty report,Table 4.2,observed
Burera,North,cfsva_fcs_borderline,Households with borderline food consumption (%),16.0,,,,% of households,2024,WFP/MINAGRI/NISR CFSVA 2024 report,Figure 7.3 (chart labels),observed
Burera,North,cfsva_fcs_poor,Households with poor food consumption (%),3.0,,,,% of households,2024,WFP/MINAGRI/NISR CFSVA 2024 report,Figure 7.3 (chart labels),observed
Burera,North,cfsva_hazard_any,Households affected by a natural hazard in the 12 months before the survey (%),80.0,,,,% of households,2024,WFP/MINAGRI/NISR CFSVA 2024 report,"Figure 8.4 (bar heights digitized, about +/-1 point)",observed
Burera,North,cfsva_hazard_drought,Households affected mainly by drought (%),14.0,,,,% of households,2024,WFP/MINAGRI/NISR CFSVA 2024 report,"Figure 8.4 (bar heights digitized, about +/-1 point)",observed
Burera,North,cfsva_hazard_floods,Households affected mainly by floods or heavy rains (%),59.0,,,,% of households,2024,WFP/MINAGRI/NISR CFSVA 2024 report,"Figure 8.4 (bar heights digitized, about +/-1 point)",observed
Burera,North,cfsva_hazard_landslides,Households affected mainly by landslides (%),6.0,,,,% of households,2024,WFP/MINAGRI/NISR CFSVA 2024 report,"Figure 8.4 (bar heights digitized, about +/-1 point)",observed
Burera,North,cfsva_inadequate_food_consumption,Households with inadequate (poor or borderline) food consumption (%),19.0,,,,% of households,2024,WFP/MINAGRI/NISR CFSVA 2024 report,Figure 7.3 (sum of rounded chart labels),calculated
Burera,North,dhs_severe_stunting,Severely stunted children under 5 (below -3 SD) (%),10.1,,,,% of children under 5,2025,NISR Rwanda DHS 2025 final report,Table D.4,observed
Burera,North,dhs_stunting,Stunted children under 5 (height-for-age below -2 SD) (%),37.6,,,,% of children under 5,2025,NISR Rwanda DHS 2025 final report,Table D.4,observed
Burera,North,dhs_underweight,Underweight children under 5 (weight-for-age below -2 SD) (%),4.2,,,,% of children under 5,2025,NISR Rwanda DHS 2025 final report,Table D.4,observed
Burera,North,dhs_wasting,Wasted children under 5 (weight-for-height below -2 SD) (%),0.0,,,,% of children under 5,2025,NISR Rwanda DHS 2025 final report,Table D.4,observed
Burera,North,ec_establishments,Establishments (all institutional sectors),6233.0,,,,count,2023,NISR Establishment Census 2023 (tables),Table 2.1.4,observed
Burera,North,ec_informal_employment_share,Informal employment in establishments (% of workers),51.0034,,,,%,2023,NISR Establishment Census 2023 (tables),Table 3. 18 (informal / total counts),calculated
Burera,North,ec_informal_enterprises_share,Informal enterprises (% of enterprises),94.7721,,,,%,2023,NISR Establishment Census 2023 (tables),Table 3. 10 (informal / total counts),calculated
Burera,North,eicv7_electricity_lighting,Households lit mainly by electricity (%),67.3964,3.4111134810021224,60.70576225457192,74.08711615894542,%,2023/24,NISR EICV7 Main Indicators Report (tables),Table A5.14,observed
Burera,North,eicv7_health_insurance,Has health insurance (% of people),93.0398,1.1944927199005377,90.69690898931184,95.38274835238427,%,2023/24,NISR EICV7 Main Indicators Report (tables),Table A3.7,observed
Burera,North,eicv7_hh_mobile_phone,Households owning any mobile phone (%),82.9521,2.2198377245076517,78.5979845278483,87.3061187975969,%,2023/24,NISR EICV7 Main Indicators Report (tables),Table A5.18,observed
Burera,North,eicv7_hh_sending_transfers,Households sending transfers to other households (%),81.7944,2.0349019565091386,77.8031071325157,85.78576247142611,%,2023/24,NISR EICV7 Main Indicators Report (tables),Table A8.22,observed
Burera,North,eicv7_hh_smartphone,Households owning a smartphone (%),23.0788,1.8658465712134702,19.419069061130173,26.738542142199954,%,2023/24,NISR EICV7 Main Indicators Report (tables),Table A5.19,observed
Burera,North,eicv7_improved_sanitation,Households using improved sanitation (%),93.6334,1.2185042143219087,91.24334589892878,96.02337922723127,%,2023/24,NISR EICV7 Main Indicators Report (tables),Table A5.17,observed
Burera,North,eicv7_improved_water,Households using improved drinking water (%),90.5643,2.647306946774304,85.37176979524219,95.75681014807336,%,2023/24,NISR EICV7 Main Indicators Report (tables),Table A5.16,observed
Burera,North,eicv7_internet_home,Households with internet access at home (%),16.9649,1.7039023073724708,13.62283482231994,20.307021648825415,%,2023/24,NISR EICV7 Main Indicators Report (tables),Table A5.15,observed
Burera,North,eicv7_metal_roof,Households with metal-sheet roof (%),90.1004,2.212618185448952,85.76049989516845,94.44031285350103,%,2023/24,NISR EICV7 Main Indicators Report (tables),Table A5.13,observed
Burera,North,eicv7_poverty_rate,Poverty headcount (% of people),21.7915,1.846062933125212,18.170576779152817,25.412441224728816,%,2023/24,NISR EICV7 Main Indicators Report (tables),Table A9.23,observed
Burera,North,eicv7_umudugudu,Households living in umudugudu (%),79.8698,3.9846612448824805,72.05417945039967,87.68548653055858,%,2023/24,NISR EICV7 Main Indicators Report (tables),Table A5.12,observed
Burera,North,eicv7_workforce_ratio,Workforce-to-population ratio (%),79.5798,1.292052657737949,77.0455655176826,82.114119810165,%,2023/24,NISR EICV7 Main Indicators Report (tables),Table A6.20,observed
Burera,North,finscope2020_banked_incl_otc,"Adults using bank services, incl. over-the-counter users without an own account (%). Not comparable with finscope_banked",13.0,,,,% of adults 16+,2020,NISR/AFR FinScope 2020 report,Figure 17 (banked by district),observed
Burera,North,finscope_banked,Banked adults (%),11.0,,,,% of adults 16+,2024,NISR/AFR FinScope 2024 report,Figure 13 (district access strand),observed
Burera,North,finscope_excluded,Financially excluded adults (%),1.0,,,,% of adults 16+,2024,NISR/AFR FinScope 2024 report,Figure 13 (district access strand),observed
Burera,North,finscope_formally_included,Formally included adults (banked + other formal) (%),98.0,,,,% of adults 16+,2024,NISR/AFR FinScope 2024 report,Figure 13 (district access strand),calculated
Burera,North,finscope_informal_only,Informal only (%),2.0,,,,% of adults 16+,2024,NISR/AFR FinScope 2024 report,Figure 13 (district access strand),observed
Burera,North,finscope_not_formally_included,Adults not formally included: informal only or excluded (%),2.0,,,,% of adults 16+,2024,NISR/AFR FinScope 2024 report,Figure 13 (district access strand); 100 - banked - other formal,calculated
Burera,North,finscope_other_formal_only,"Formal non-bank only, e.g. mobile money / SACCO (%)",87.0,,,,% of adults 16+,2024,NISR/AFR FinScope 2024 report,Figure 13 (district access strand),observed
Burera,North,lfs_employment_ratio,Employment-to-population ratio (%),54.1575,1.8537167837327395,50.520592245365876,57.79432844742689,%,2025,NISR LFS 2025 annual (standard errors annex),Annex EPR,observed
Burera,North,lfs_labour_underutilisation,Labour underutilisation rate (%),65.3514,1.6448560164876305,62.12434689376783,68.57854143917844,%,2025,NISR LFS 2025 annual (standard errors annex),Annex LUUR,observed
Burera,North,lfs_median_monthly_earnings,Median monthly earnings at main job,39000.0,,,,RWF,2025,NISR LFS 2025 annual tables,Tables 21-25,observed
Burera,North,lfs_neet_youth,"Youth (16-30) not in employment, education or training (%)",20.0625,1.7110176218209123,16.705619503769324,23.419423320737646,%,2025,NISR LFS 2025 annual (standard errors annex),Annex NEET,observed
Burera,North,lfs_outside_labour_force,Population outside the labour force (%),35.2069,1.9330991334453236,31.41424694253905,38.999468845099784,%,2025,NISR LFS 2025 annual (standard errors annex),Annex POLR,observed
Burera,North,lfs_participation_rate,Labour force participation rate (%),64.7931,1.9330991334453238,61.000531154900216,68.58575305746095,%,2025,NISR LFS 2025 annual (standard errors annex),Annex LFPR,observed
Burera,North,lfs_unemployment_rate,Unemployment rate (%),16.4148,1.3321959391234646,13.801147190221041,19.028505498499744,%,2025,NISR LFS 2025 annual (standard errors annex),Annex UR,observed
Burera,North,proj_adults_16plus_2024,Projected adults aged 16+ (2024),243395.0,,,,persons,2024,NISR subnational population projections 2023-2032,single-age tables,projection
Burera,North,proj_adults_16plus_2026,Projected adults aged 16+ (2026),253903.0,,,,persons,2026,NISR subnational population projections 2023-2032,single-age tables,projection
Burera,North,proj_women_16plus_2024,Projected women aged 16+ (2024),130401.0,,,,persons,2024,NISR subnational population projections 2023-2032,single-age tables,projection
Burera,North,proj_women_16plus_2026,Projected women aged 16+ (2026),135749.0,,,,persons,2026,NISR subnational population projections 2023-2032,single-age tables,projection
Burera,North,proj_youth_16_30_2024,Projected youth aged 16-30 (2024),117630.0,,,,persons,2024,NISR subnational population projections 2023-2032,single-age tables,projection
Burera,North,proj_youth_16_30_2026,Projected youth aged 16-30 (2026),122296.0,,,,persons,2026,NISR subnational population projections 2023-2032,single-age tables,projection
Burera,North,rssb_active_members,RSSB active (contributing) members,7372.0,,,,persons,2023/24,NISR Statistical Yearbook 2025 (RSSB data),Table 12.2.3,observed
Gicumbi,North,calc_establishments_per_1000_adults,"Establishments per 1,000 adults (2023 census / 2024 adults)",30.0363,,,,"per 1,000 adults",2023/24,IMBONIX calculation,ec_establishments / proj_adults_16plus_2024,calculated
Gicumbi,North,calc_excluded_adults_2024,"Financially excluded adults, approx. (FinScope rate x 2024 projection)",20137.95,,,,persons,2024,IMBONIX calculation,finscope_excluded x proj_adults_16plus_2024,calculated
Gicumbi,North,calc_informal_only_adults_2024,"Adults relying on informal finance only, approx.",31645.35,,,,persons,2024,IMBONIX calculation,finscope_informal_only x proj_adults_16plus_2024,calculated
Gicumbi,North,calc_rssb_members_per_100_adults,RSSB active members per 100 adults (formal-sector pension reach proxy),5.5707,,,,per 100 adults,2024,IMBONIX calculation,rssb_active_members / proj_adults_16plus_2024,calculated
Gicumbi,North,cbhi_registrations,Mutuelle de Sante (CBHI) registrations,433201.0,,,,persons,2024/25,NISR Statistical Yearbook 2025 (RSSB data),Table 12.2.9,observed
Gicumbi,North,census_electricity,Households with access to electricity (%),49.1,,,,%,2022,NISR RPHC5 Main Indicators (tables),Table 74,observed
Gicumbi,North,census_female_headed_hh,Households headed by women (%),26.5,,,,%,2022,NISR RPHC5 Main Indicators (tables),Table 59,observed
Gicumbi,North,census_hh_mobile_phone,Households with a member owning a mobile phone (%),74.5,,,,%,2022,NISR RPHC5 Main Indicators (tables),Table 25,observed
Gicumbi,North,census_internet_use_16plus,"Used the internet, age 16+ (%)",9.5,,,,%,2022,NISR RPHC5 Main Indicators (tables),Table 21,observed
Gicumbi,North,census_medical_insurance,Population with medical insurance (%),99.2,,,,%,2022,NISR RPHC5 Main Indicators (tables),Table 28,observed
Gicumbi,North,census_moderately_poor,"Moderately poor, census non-monetary measure (% of people)",26.8,,,,%,2022,NISR RPHC5 Non-Monetary Poverty report,Table 4.2,observed
Gicumbi,North,census_mpi,"Multidimensional Poverty Index (M0), census",0.129,,,,index 0-1,2022,NISR RPHC5 Non-Monetary Poverty report,Table 7.2,observed
Gicumbi,North,census_mpi_headcount,"Multidimensional poverty headcount, census (% of people)",31.7,,,,%,2022,NISR RPHC5 Non-Monetary Poverty report,Table 7.2,observed
Gicumbi,North,census_nonpoor,"Non-poor, census non-monetary measure (% of people)",41.6,,,,%,2022,NISR RPHC5 Non-Monetary Poverty report,Table 4.2,observed
Gicumbi,North,census_population,Resident population,448824.0,,,,persons,2022,NISR RPHC5 Main Indicators (tables),Table 1,observed
Gicumbi,North,census_severely_poor,"Severely poor, census non-monetary measure (% of people)",4.9,,,,%,2022,NISR RPHC5 Non-Monetary Poverty report,Table 4.2,observed
Gicumbi,North,census_vulnerable,"Vulnerable, census non-monetary measure (% of people)",26.8,,,,%,2022,NISR RPHC5 Non-Monetary Poverty report,Table 4.2,observed
Gicumbi,North,cfsva_fcs_borderline,Households with borderline food consumption (%),10.0,,,,% of households,2024,WFP/MINAGRI/NISR CFSVA 2024 report,Figure 7.3 (chart labels),observed
Gicumbi,North,cfsva_fcs_poor,Households with poor food consumption (%),0.0,,,,% of households,2024,WFP/MINAGRI/NISR CFSVA 2024 report,Figure 7.3 (chart labels),observed
Gicumbi,North,cfsva_hazard_any,Households affected by a natural hazard in the 12 months before the survey (%),51.0,,,,% of households,2024,WFP/MINAGRI/NISR CFSVA 2024 report,"Figure 8.4 (bar heights digitized, about +/-1 point)",observed
Gicumbi,North,cfsva_hazard_drought,Households affected mainly by drought (%),32.0,,,,% of households,2024,WFP/MINAGRI/NISR CFSVA 2024 report,"Figure 8.4 (bar heights digitized, about +/-1 point)",observed
Gicumbi,North,cfsva_hazard_floods,Households affected mainly by floods or heavy rains (%),13.0,,,,% of households,2024,WFP/MINAGRI/NISR CFSVA 2024 report,"Figure 8.4 (bar heights digitized, about +/-1 point)",observed
Gicumbi,North,cfsva_hazard_landslides,Households affected mainly by landslides (%),5.0,,,,% of households,2024,WFP/MINAGRI/NISR CFSVA 2024 report,"Figure 8.4 (bar heights digitized, about +/-1 point)",observed
Gicumbi,North,cfsva_inadequate_food_consumption,Households with inadequate (poor or borderline) food consumption (%),10.0,,,,% of households,2024,WFP/MINAGRI/NISR CFSVA 2024 report,Figure 7.3 (sum of rounded chart labels),calculated
Gicumbi,North,dhs_severe_stunting,Severely stunted children under 5 (below -3 SD) (%),5.4,,,,% of children under 5,2025,NISR Rwanda DHS 2025 final report,Table D.4,observed
Gicumbi,North,dhs_stunting,Stunted children under 5 (height-for-age below -2 SD) (%),38.8,,,,% of children under 5,2025,NISR Rwanda DHS 2025 final report,Table D.4,observed
Gicumbi,North,dhs_underweight,Underweight children under 5 (weight-for-age below -2 SD) (%),5.1,,,,% of children under 5,2025,NISR Rwanda DHS 2025 final report,Table D.4,observed
Gicumbi,North,dhs_wasting,Wasted children under 5 (weight-for-height below -2 SD) (%),1.1,,,,% of children under 5,2025,NISR Rwanda DHS 2025 final report,Table D.4,observed
Gicumbi,North,ec_establishments,Establishments (all institutional sectors),8641.0,,,,count,2023,NISR Establishment Census 2023 (tables),Table 2.1.4,observed
Gicumbi,North,ec_informal_employment_share,Informal employment in establishments (% of workers),47.5717,,,,%,2023,NISR Establishment Census 2023 (tables),Table 3. 18 (informal / total counts),calculated
Gicumbi,North,ec_informal_enterprises_share,Informal enterprises (% of enterprises),88.8915,,,,%,2023,NISR Establishment Census 2023 (tables),Table 3. 10 (informal / total counts),calculated
Gicumbi,North,eicv7_electricity_lighting,Households lit mainly by electricity (%),61.5306,2.884449721550867,55.87291980487763,67.18824037641852,%,2023/24,NISR EICV7 Main Indicators Report (tables),Table A5.14,observed
Gicumbi,North,eicv7_health_insurance,Has health insurance (% of people),90.7737,1.4046913983989755,88.01844300769152,93.52886440911728,%,2023/24,NISR EICV7 Main Indicators Report (tables),Table A3.7,observed
Gicumbi,North,eicv7_hh_mobile_phone,Households owning any mobile phone (%),83.1371,1.7660173141530713,79.67318784179622,86.60104374971249,%,2023/24,NISR EICV7 Main Indicators Report (tables),Table A5.18,observed
Gicumbi,North,eicv7_hh_sending_transfers,Households sending transfers to other households (%),87.1729,1.8235717519601702,83.59608983882387,90.74972431006071,%,2023/24,NISR EICV7 Main Indicators Report (tables),Table A8.22,observed
Gicumbi,North,eicv7_hh_smartphone,Households owning a smartphone (%),27.5709,2.7423261819950002,22.191959228958247,32.949747665748646,%,2023/24,NISR EICV7 Main Indicators Report (tables),Table A5.19,observed
Gicumbi,North,eicv7_improved_sanitation,Households using improved sanitation (%),98.5823,0.5050118222969495,97.59174968984303,99.572845293283,%,2023/24,NISR EICV7 Main Indicators Report (tables),Table A5.17,observed
Gicumbi,North,eicv7_improved_water,Households using improved drinking water (%),99.1892,0.393527876797334,98.41730684761094,99.96106545311906,%,2023/24,NISR EICV7 Main Indicators Report (tables),Table A5.16,observed
Gicumbi,North,eicv7_internet_home,Households with internet access at home (%),22.1949,2.7225443783147365,16.85479963676559,27.534986634205843,%,2023/24,NISR EICV7 Main Indicators Report (tables),Table A5.15,observed
Gicumbi,North,eicv7_metal_roof,Households with metal-sheet roof (%),94.2331,1.9089094866721592,90.48888923521808,97.97729252488871,%,2023/24,NISR EICV7 Main Indicators Report (tables),Table A5.13,observed
Gicumbi,North,eicv7_poverty_rate,Poverty headcount (% of people),13.3114,2.099069105973295,9.194218808337073,17.428593517123865,%,2023/24,NISR EICV7 Main Indicators Report (tables),Table A9.23,observed
Gicumbi,North,eicv7_umudugudu,Households living in umudugudu (%),57.5133,2.9387654149176363,51.74906114753195,63.27745510978531,%,2023/24,NISR EICV7 Main Indicators Report (tables),Table A5.12,observed
Gicumbi,North,eicv7_workforce_ratio,Workforce-to-population ratio (%),87.8723,1.1210183966004508,85.67350469773432,90.07111386018794,%,2023/24,NISR EICV7 Main Indicators Report (tables),Table A6.20,observed
Gicumbi,North,finscope2020_banked_incl_otc,"Adults using bank services, incl. over-the-counter users without an own account (%). Not comparable with finscope_banked",16.0,,,,% of adults 16+,2020,NISR/AFR FinScope 2020 report,Figure 17 (banked by district),observed
Gicumbi,North,finscope_banked,Banked adults (%),8.0,,,,% of adults 16+,2024,NISR/AFR FinScope 2024 report,Figure 13 (district access strand),observed
Gicumbi,North,finscope_excluded,Financially excluded adults (%),7.0,,,,% of adults 16+,2024,NISR/AFR FinScope 2024 report,Figure 13 (district access strand),observed
Gicumbi,North,finscope_formally_included,Formally included adults (banked + other formal) (%),83.0,,,,% of adults 16+,2024,NISR/AFR FinScope 2024 report,Figure 13 (district access strand),calculated
Gicumbi,North,finscope_informal_only,Informal only (%),11.0,,,,% of adults 16+,2024,NISR/AFR FinScope 2024 report,Figure 13 (district access strand),observed
Gicumbi,North,finscope_not_formally_included,Adults not formally included: informal only or excluded (%),17.0,,,,% of adults 16+,2024,NISR/AFR FinScope 2024 report,Figure 13 (district access strand); 100 - banked - other formal,calculated
Gicumbi,North,finscope_other_formal_only,"Formal non-bank only, e.g. mobile money / SACCO (%)",75.0,,,,% of adults 16+,2024,NISR/AFR FinScope 2024 report,Figure 13 (district access strand),observed
Gicumbi,North,lfs_employment_ratio,Employment-to-population ratio (%),48.495,1.9912759921388834,44.58828714665772,52.401787245173196,%,2025,NISR LFS 2025 annual (standard errors annex),Annex EPR,observed
Gicumbi,North,lfs_labour_underutilisation,Labour underutilisation rate (%),67.2982,2.0314514612911214,63.31266392136986,71.28380717604158,%,2025,NISR LFS 2025 annual (standard errors annex),Annex LUUR,observed
Gicumbi,North,lfs_median_monthly_earnings,Median monthly earnings at main job,31200.0,,,,RWF,2025,NISR LFS 2025 annual tables,Tables 21-25,observed
Gicumbi,North,lfs_neet_youth,"Youth (16-30) not in employment, education or training (%)",29.1291,2.359119511818511,24.500640841929417,33.75750960887736,%,2025,NISR LFS 2025 annual (standard errors annex),Annex NEET,observed
Gicumbi,North,lfs_outside_labour_force,Population outside the labour force (%),40.7687,1.606190513812527,37.6174784936154,43.91995478894227,%,2025,NISR LFS 2025 annual (standard errors annex),Annex POLR,observed
Gicumbi,North,lfs_participation_rate,Labour force participation rate (%),59.2313,1.6061905138125265,56.08004521105773,62.3825215063846,%,2025,NISR LFS 2025 annual (standard errors annex),Annex LFPR,observed
Gicumbi,North,lfs_unemployment_rate,Unemployment rate (%),18.126,1.9193735511693433,14.360290271634504,21.89165482901108,%,2025,NISR LFS 2025 annual (standard errors annex),Annex UR,observed
Gicumbi,North,proj_adults_16plus_2024,Projected adults aged 16+ (2024),287685.0,,,,persons,2024,NISR subnational population projections 2023-2032,single-age tables,projection
Gicumbi,North,proj_adults_16plus_2026,Projected adults aged 16+ (2026),299098.0,,,,persons,2026,NISR subnational population projections 2023-2032,single-age tables,projection
Gicumbi,North,proj_women_16plus_2024,Projected women aged 16+ (2024),151357.0,,,,persons,2024,NISR subnational population projections 2023-2032,single-age tables,projection
Gicumbi,North,proj_women_16plus_2026,Projected women aged 16+ (2026),156733.0,,,,persons,2026,NISR subnational population projections 2023-2032,single-age tables,projection
Gicumbi,North,proj_youth_16_30_2024,Projected youth aged 16-30 (2024),128726.0,,,,persons,2024,NISR subnational population projections 2023-2032,single-age tables,projection
Gicumbi,North,proj_youth_16_30_2026,Projected youth aged 16-30 (2026),133219.0,,,,persons,2026,NISR subnational population projections 2023-2032,single-age tables,projection
Gicumbi,North,rssb_active_members,RSSB active (contributing) members,16026.0,,,,persons,2023/24,NISR Statistical Yearbook 2025 (RSSB data),Table 12.2.3,observed
Rwamagana,East,calc_establishments_per_1000_adults,"Establishments per 1,000 adults (2023 census / 2024 adults)",29.5043,,,,"per 1,000 adults",2023/24,IMBONIX calculation,ec_establishments / proj_adults_16plus_2024,calculated
Rwamagana,East,calc_excluded_adults_2024,"Financially excluded adults, approx. (FinScope rate x 2024 projection)",6515.66,,,,persons,2024,IMBONIX calculation,finscope_excluded x proj_adults_16plus_2024,calculated
Rwamagana,East,calc_informal_only_adults_2024,"Adults relying on informal finance only, approx.",9773.49,,,,persons,2024,IMBONIX calculation,finscope_informal_only x proj_adults_16plus_2024,calculated
Rwamagana,East,calc_rssb_members_per_100_adults,RSSB active members per 100 adults (formal-sector pension reach proxy),3.5696,,,,per 100 adults,2024,IMBONIX calculation,rssb_active_members / proj_adults_16plus_2024,calculated
Rwamagana,East,cbhi_registrations,Mutuelle de Sante (CBHI) registrations,376048.0,,,,persons,2024/25,NISR Statistical Yearbook 2025 (RSSB data),Table 12.2.9,observed
Rwamagana,East,census_electricity,Households with access to electricity (%),67.6,,,,%,2022,NISR RPHC5 Main Indicators (tables),Table 74,observed
Rwamagana,East,census_female_headed_hh,Households headed by women (%),30.3,,,,%,2022,NISR RPHC5 Main Indicators (tables),Table 59,observed
Rwamagana,East,census_hh_mobile_phone,Households with a member owning a mobile phone (%),81.1,,,,%,2022,NISR RPHC5 Main Indicators (tables),Table 25,observed
Rwamagana,East,census_internet_use_16plus,"Used the internet, age 16+ (%)",16.8,,,,%,2022,NISR RPHC5 Main Indicators (tables),Table 21,observed
Rwamagana,East,census_medical_insurance,Population with medical insurance (%),97.5,,,,%,2022,NISR RPHC5 Main Indicators (tables),Table 28,observed
Rwamagana,East,census_moderately_poor,"Moderately poor, census non-monetary measure (% of people)",20.6,,,,%,2022,NISR RPHC5 Non-Monetary Poverty report,Table 4.2,observed
Rwamagana,East,census_mpi,"Multidimensional Poverty Index (M0), census",0.112,,,,index 0-1,2022,NISR RPHC5 Non-Monetary Poverty report,Table 7.2,observed
Rwamagana,East,census_mpi_headcount,"Multidimensional poverty headcount, census (% of people)",26.5,,,,%,2022,NISR RPHC5 Non-Monetary Poverty report,Table 7.2,observed
Rwamagana,East,census_nonpoor,"Non-poor, census non-monetary measure (% of people)",53.3,,,,%,2022,NISR RPHC5 Non-Monetary Poverty report,Table 4.2,observed
Rwamagana,East,census_population,Resident population,484953.0,,,,persons,2022,NISR RPHC5 Main Indicators (tables),Table 1,observed
Rwamagana,East,census_severely_poor,"Severely poor, census non-monetary measure (% of people)",5.9,,,,%,2022,NISR RPHC5 Non-Monetary Poverty report,Table 4.2,observed
Rwamagana,East,census_vulnerable,"Vulnerable, census non-monetary measure (% of people)",20.2,,,,%,2022,NISR RPHC5 Non-Monetary Poverty report,Table 4.2,observed
Rwamagana,East,cfsva_fcs_borderline,Households with borderline food consumption (%),15.0,,,,% of households,2024,WFP/MINAGRI/NISR CFSVA 2024 report,Figure 7.3 (chart labels),observed
Rwamagana,East,cfsva_fcs_poor,Households with poor food consumption (%),1.0,,,,% of households,2024,WFP/MINAGRI/NISR CFSVA 2024 report,Figure 7.3 (chart labels),observed
Rwamagana,East,cfsva_hazard_any,Households affected by a natural hazard in the 12 months before the survey (%),25.0,,,,% of households,2024,WFP/MINAGRI/NISR CFSVA 2024 report,"Figure 8.4 (bar heights digitized, about +/-1 point)",observed
Rwamagana,East,cfsva_hazard_drought,Households affected mainly by drought (%),24.0,,,,% of households,2024,WFP/MINAGRI/NISR CFSVA 2024 report,"Figure 8.4 (bar heights digitized, about +/-1 point)",observed
Rwamagana,East,cfsva_hazard_floods,Households affected mainly by floods or heavy rains (%),1.0,,,,% of households,2024,WFP/MINAGRI/NISR CFSVA 2024 report,"Figure 8.4 (bar heights digitized, about +/-1 point)",observed
Rwamagana,East,cfsva_hazard_landslides,Households affected mainly by landslides (%),0.0,,,,% of households,2024,WFP/MINAGRI/NISR CFSVA 2024 report,"Figure 8.4 (bar heights digitized, about +/-1 point)",observed
Rwamagana,East,cfsva_inadequate_food_consumption,Households with inadequate (poor or borderline) food consumption (%),16.0,,,,% of households,2024,WFP/MINAGRI/NISR CFSVA 2024 report,Figure 7.3 (sum of rounded chart labels),calculated
Rwamagana,East,dhs_severe_stunting,Severely stunted children under 5 (below -3 SD) (%),5.7,,,,% of children under 5,2025,NISR Rwanda DHS 2025 final report,Table D.4,observed
Rwamagana,East,dhs_stunting,Stunted children under 5 (height-for-age below -2 SD) (%),19.2,,,,% of children under 5,2025,NISR Rwanda DHS 2025 final report,Table D.4,observed
Rwamagana,East,dhs_underweight,Underweight children under 5 (weight-for-age below -2 SD) (%),6.2,,,,% of children under 5,2025,NISR Rwanda DHS 2025 final report,Table D.4,observed
Rwamagana,East,dhs_wasting,Wasted children under 5 (weight-for-height below -2 SD) (%),1.1,,,,% of children under 5,2025,NISR Rwanda DHS 2025 final report,Table D.4,observed
Rwamagana,East,ec_establishments,Establishments (all institutional sectors),9612.0,,,,count,2023,NISR Establishment Census 2023 (tables),Table 2.1.4,observed
Rwamagana,East,ec_informal_employment_share,Informal employment in establishments (% of workers),44.8891,,,,%,2023,NISR Establishment Census 2023 (tables),Table 3. 18 (informal / total counts),calculated
Rwamagana,East,ec_informal_enterprises_share,Informal enterprises (% of enterprises),90.4792,,,,%,2023,NISR Establishment Census 2023 (tables),Table 3. 10 (informal / total counts),calculated
Rwamagana,East,eicv7_electricity_lighting,Households lit mainly by electricity (%),80.3734,1.9641001087466423,76.52093523739117,84.22584414913925,%,2023/24,NISR EICV7 Main Indicators Report (tables),Table A5.14,observed
Rwamagana,East,eicv7_health_insurance,Has health insurance (% of people),82.6755,1.818762390953017,79.10815377605482,86.24292175045738,%,2023/24,NISR EICV7 Main Indicators Report (tables),Table A3.7,observed
Rwamagana,East,eicv7_hh_mobile_phone,Households owning any mobile phone (%),84.7015,1.6794175302935792,81.4073966471565,87.99553288220935,%,2023/24,NISR EICV7 Main Indicators Report (tables),Table A5.18,observed
Rwamagana,East,eicv7_hh_sending_transfers,Households sending transfers to other households (%),63.8584,1.543808844769347,60.830328942550054,66.8864899666892,%,2023/24,NISR EICV7 Main Indicators Report (tables),Table A8.22,observed
Rwamagana,East,eicv7_hh_smartphone,Households owning a smartphone (%),39.2059,2.6380776295799073,34.0315263081105,44.3803612516635,%,2023/24,NISR EICV7 Main Indicators Report (tables),Table A5.19,observed
Rwamagana,East,eicv7_improved_sanitation,Households using improved sanitation (%),93.3482,1.363909227515931,90.67297551666229,96.02341377340113,%,2023/24,NISR EICV7 Main Indicators Report (tables),Table A5.17,observed
Rwamagana,East,eicv7_improved_water,Households using improved drinking water (%),93.6967,2.2216515503883203,89.33908102288704,98.05433069532317,%,2023/24,NISR EICV7 Main Indicators Report (tables),Table A5.16,observed
Rwamagana,East,eicv7_internet_home,Households with internet access at home (%),36.7679,2.738314397360701,31.396906928797083,42.13895765698334,%,2023/24,NISR EICV7 Main Indicators Report (tables),Table A5.15,observed
Rwamagana,East,eicv7_metal_roof,Households with metal-sheet roof (%),99.122,0.4210922767527544,98.29607499354697,99.94796514994587,%,2023/24,NISR EICV7 Main Indicators Report (tables),Table A5.13,observed
Rwamagana,East,eicv7_poverty_rate,Poverty headcount (% of people),23.8604,2.5877848884479264,18.784676116984308,28.936219187471167,%,2023/24,NISR EICV7 Main Indicators Report (tables),Table A9.23,observed
Rwamagana,East,eicv7_umudugudu,Households living in umudugudu (%),79.6008,2.6637401319975105,74.375998700547,84.82550429866319,%,2023/24,NISR EICV7 Main Indicators Report (tables),Table A5.12,observed
Rwamagana,East,eicv7_workforce_ratio,Workforce-to-population ratio (%),76.5713,1.4771193244447418,73.67404223572656,79.46858895763079,%,2023/24,NISR EICV7 Main Indicators Report (tables),Table A6.20,observed
Rwamagana,East,finscope2020_banked_incl_otc,"Adults using bank services, incl. over-the-counter users without an own account (%). Not comparable with finscope_banked",32.0,,,,% of adults 16+,2020,NISR/AFR FinScope 2020 report,Figure 17 (banked by district),observed
Rwamagana,East,finscope_banked,Banked adults (%),27.0,,,,% of adults 16+,2024,NISR/AFR FinScope 2024 report,Figure 13 (district access strand),observed
Rwamagana,East,finscope_excluded,Financially excluded adults (%),2.0,,,,% of adults 16+,2024,NISR/AFR FinScope 2024 report,Figure 13 (district access strand),observed
Rwamagana,East,finscope_formally_included,Formally included adults (banked + other formal) (%),95.0,,,,% of adults 16+,2024,NISR/AFR FinScope 2024 report,Figure 13 (district access strand),calculated
Rwamagana,East,finscope_informal_only,Informal only (%),3.0,,,,% of adults 16+,2024,NISR/AFR FinScope 2024 report,Figure 13 (district access strand),observed
Rwamagana,East,finscope_not_formally_included,Adults not formally included: informal only or excluded (%),5.0,,,,% of adults 16+,2024,NISR/AFR FinScope 2024 report,Figure 13 (district access strand); 100 - banked - other formal,calculated
Rwamagana,East,finscope_other_formal_only,"Formal non-bank only, e.g. mobile money / SACCO (%)",68.0,,,,% of adults 16+,2024,NISR/AFR FinScope 2024 report,Figure 13 (district access strand),observed
Rwamagana,East,lfs_employment_ratio,Employment-to-population ratio (%),56.5806,1.5776744066764097,53.48531011272593,59.6758930257206,%,2025,NISR LFS 2025 annual (standard errors annex),Annex EPR,observed
Rwamagana,East,lfs_labour_underutilisation,Labour underutilisation rate (%),49.5442,1.7810763940667624,46.04983584683675,53.038540895982756,%,2025,NISR LFS 2025 annual (standard errors annex),Annex LUUR,observed
Rwamagana,East,lfs_median_monthly_earnings,Median monthly earnings at main job,39000.0,,,,RWF,2025,NISR LFS 2025 annual tables,Tables 21-25,observed
Rwamagana,East,lfs_neet_youth,"Youth (16-30) not in employment, education or training (%)",22.4526,1.384521633854435,19.736272866038743,25.168950187125997,%,2025,NISR LFS 2025 annual (standard errors annex),Annex NEET,observed
Rwamagana,East,lfs_outside_labour_force,Population outside the labour force (%),35.9353,1.5997106584541587,32.796817726820265,39.07386793822866,%,2025,NISR LFS 2025 annual (standard errors annex),Annex POLR,observed
Rwamagana,East,lfs_participation_rate,Labour force participation rate (%),64.0647,1.5997106584541587,60.92613206177135,67.20318227317973,%,2025,NISR LFS 2025 annual (standard errors annex),Annex LFPR,observed
Rwamagana,East,lfs_unemployment_rate,Unemployment rate (%),11.682,0.9497257729439182,9.818736563717424,13.545333203136169,%,2025,NISR LFS 2025 annual (standard errors annex),Annex UR,observed
Rwamagana,East,proj_adults_16plus_2024,Projected adults aged 16+ (2024),325783.0,,,,persons,2024,NISR subnational population projections 2023-2032,single-age tables,projection
Rwamagana,East,proj_adults_16plus_2026,Projected adults aged 16+ (2026),359977.0,,,,persons,2026,NISR subnational population projections 2023-2032,single-age tables,projection
Rwamagana,East,proj_women_16plus_2024,Projected women aged 16+ (2024),160332.0,,,,persons,2024,NISR subnational population projections 2023-2032,single-age tables,projection
Rwamagana,East,proj_women_16plus_2026,Projected women aged 16+ (2026),176054.0,,,,persons,2026,NISR subnational population projections 2023-2032,single-age tables,projection
Rwamagana,East,proj_youth_16_30_2024,Projected youth aged 16-30 (2024),143530.0,,,,persons,2024,NISR subnational population projections 2023-2032,single-age tables,projection
Rwamagana,East,proj_youth_16_30_2026,Projected youth aged 16-30 (2026),159221.0,,,,persons,2026,NISR subnational population projections 2023-2032,single-age tables,projection
Rwamagana,East,rssb_active_members,RSSB active (contributing) members,11629.0,,,,persons,2023/24,NISR Statistical Yearbook 2025 (RSSB data),Table 12.2.3,observed
Nyagatare,East,calc_establishments_per_1000_adults,"Establishments per 1,000 adults (2023 census / 2024 adults)",23.47,,,,"per 1,000 adults",2023/24,IMBONIX calculation,ec_establishments / proj_adults_16plus_2024,calculated
Nyagatare,East,calc_excluded_adults_2024,"Financially excluded adults, approx. (FinScope rate x 2024 projection)",12196.83,,,,persons,2024,IMBONIX calculation,finscope_excluded x proj_adults_16plus_2024,calculated
Nyagatare,East,calc_informal_only_adults_2024,"Adults relying on informal finance only, approx.",16262.44,,,,persons,2024,IMBONIX calculation,finscope_informal_only x proj_adults_16plus_2024,calculated
Nyagatare,East,calc_rssb_members_per_100_adults,RSSB active members per 100 adults (formal-sector pension reach proxy),2.1738,,,,per 100 adults,2024,IMBONIX calculation,rssb_active_members / proj_adults_16plus_2024,calculated
Nyagatare,East,cbhi_registrations,Mutuelle de Sante (CBHI) registrations,549611.0,,,,persons,2024/25,NISR Statistical Yearbook 2025 (RSSB data),Table 12.2.9,observed
Nyagatare,East,census_electricity,Households with access to electricity (%),54.5,,,,%,2022,NISR RPHC5 Main Indicators (tables),Table 74,observed
Nyagatare,East,census_female_headed_hh,Households headed by women (%),27.9,,,,%,2022,NISR RPHC5 Main Indicators (tables),Table 59,observed
Nyagatare,East,census_hh_mobile_phone,Households with a member owning a mobile phone (%),78.9,,,,%,2022,NISR RPHC5 Main Indicators (tables),Table 25,observed
Nyagatare,East,census_internet_use_16plus,"Used the internet, age 16+ (%)",11.0,,,,%,2022,NISR RPHC5 Main Indicators (tables),Table 21,observed
Nyagatare,East,census_medical_insurance,Population with medical insurance (%),96.1,,,,%,2022,NISR RPHC5 Main Indicators (tables),Table 28,observed
Nyagatare,East,census_moderately_poor,"Moderately poor, census non-monetary measure (% of people)",27.5,,,,%,2022,NISR RPHC5 Non-Monetary Poverty report,Table 4.2,observed
Nyagatare,East,census_mpi,"Multidimensional Poverty Index (M0), census",0.164,,,,index 0-1,2022,NISR RPHC5 Non-Monetary Poverty report,Table 7.2,observed
Nyagatare,East,census_mpi_headcount,"Multidimensional poverty headcount, census (% of people)",37.3,,,,%,2022,NISR RPHC5 Non-Monetary Poverty report,Table 7.2,observed
Nyagatare,East,census_nonpoor,"Non-poor, census non-monetary measure (% of people)",38.4,,,,%,2022,NISR RPHC5 Non-Monetary Poverty report,Table 4.2,observed
Nyagatare,East,census_population,Resident population,653861.0,,,,persons,2022,NISR RPHC5 Main Indicators (tables),Table 1,observed
Nyagatare,East,census_severely_poor,"Severely poor, census non-monetary measure (% of people)",9.8,,,,%,2022,NISR RPHC5 Non-Monetary Poverty report,Table 4.2,observed
Nyagatare,East,census_vulnerable,"Vulnerable, census non-monetary measure (% of people)",24.3,,,,%,2022,NISR RPHC5 Non-Monetary Poverty report,Table 4.2,observed
Nyagatare,East,cfsva_fcs_borderline,Households with borderline food consumption (%),5.0,,,,% of households,2024,WFP/MINAGRI/NISR CFSVA 2024 report,Figure 7.3 (chart labels),observed
Nyagatare,East,cfsva_fcs_poor,Households with poor food consumption (%),1.0,,,,% of households,2024,WFP/MINAGRI/NISR CFSVA 2024 report,Figure 7.3 (chart labels),observed
Nyagatare,East,cfsva_hazard_any,Households affected by a natural hazard in the 12 months before the survey (%),40.0,,,,% of households,2024,WFP/MINAGRI/NISR CFSVA 2024 report,"Figure 8.4 (bar heights digitized, about +/-1 point)",observed
Nyagatare,East,cfsva_hazard_drought,Households affected mainly by drought (%),29.0,,,,% of households,2024,WFP/MINAGRI/NISR CFSVA 2024 report,"Figure 8.4 (bar heights digitized, about +/-1 point)",observed
Nyagatare,East,cfsva_hazard_floods,Households affected mainly by floods or heavy rains (%),9.0,,,,% of households,2024,WFP/MINAGRI/NISR CFSVA 2024 report,"Figure 8.4 (bar heights digitized, about +/-1 point)",observed
Nyagatare,East,cfsva_hazard_landslides,Households affected mainly by landslides (%),2.0,,,,% of households,2024,WFP/MINAGRI/NISR CFSVA 2024 report,"Figure 8.4 (bar heights digitized, about +/-1 point)",observed
Nyagatare,East,cfsva_inadequate_food_consumption,Households with inadequate (poor or borderline) food consumption (%),6.0,,,,% of households,2024,WFP/MINAGRI/NISR CFSVA 2024 report,Figure 7.3 (sum of rounded chart labels),calculated
Nyagatare,East,dhs_severe_stunting,Severely stunted children under 5 (below -3 SD) (%),8.8,,,,% of children under 5,2025,NISR Rwanda DHS 2025 final report,Table D.4,observed
Nyagatare,East,dhs_stunting,Stunted children under 5 (height-for-age below -2 SD) (%),27.8,,,,% of children under 5,2025,NISR Rwanda DHS 2025 final report,Table D.4,observed
Nyagatare,East,dhs_underweight,Underweight children under 5 (weight-for-age below -2 SD) (%),7.4,,,,% of children under 5,2025,NISR Rwanda DHS 2025 final report,Table D.4,observed
Nyagatare,East,dhs_wasting,Wasted children under 5 (weight-for-height below -2 SD) (%),1.1,,,,% of children under 5,2025,NISR Rwanda DHS 2025 final report,Table D.4,observed
Nyagatare,East,ec_establishments,Establishments (all institutional sectors),9542.0,,,,count,2023,NISR Establishment Census 2023 (tables),Table 2.1.4,observed
Nyagatare,East,ec_informal_employment_share,Informal employment in establishments (% of workers),44.7811,,,,%,2023,NISR Establishment Census 2023 (tables),Table 3. 18 (informal / total counts),calculated
Nyagatare,East,ec_informal_enterprises_share,Informal enterprises (% of enterprises),87.4289,,,,%,2023,NISR Establishment Census 2023 (tables),Table 3. 10 (informal / total counts),calculated
Nyagatare,East,eicv7_electricity_lighting,Households lit mainly by electricity (%),64.3587,2.9786576696460645,58.516275635217475,70.20116171699061,%,2023/24,NISR EICV7 Main Indicators Report (tables),Table A5.14,observed
Nyagatare,East,eicv7_health_insurance,Has health insurance (% of people),81.5571,2.1334823512761383,77.37237163466231,85.7417450226077,%,2023/24,NISR EICV7 Main Indicators Report (tables),Table A3.7,observed
Nyagatare,East,eicv7_hh_mobile_phone,Households owning any mobile phone (%),84.0064,1.7610101544187602,80.55231715174422,87.46053062418197,%,2023/24,NISR EICV7 Main Indicators Report (tables),Table A5.18,observed
Nyagatare,East,eicv7_hh_sending_transfers,Households sending transfers to other households (%),81.4879,1.7850730901419312,77.9866056873653,84.98921492256007,%,2023/24,NISR EICV7 Main Indicators Report (tables),Table A8.22,observed
Nyagatare,East,eicv7_hh_smartphone,Households owning a smartphone (%),26.6328,2.608544574795615,21.516280457229197,31.749261073405858,%,2023/24,NISR EICV7 Main Indicators Report (tables),Table A5.19,observed
Nyagatare,East,eicv7_improved_sanitation,Households using improved sanitation (%),92.9499,1.4917329438951572,90.02396253964106,95.87583658729359,%,2023/24,NISR EICV7 Main Indicators Report (tables),Table A5.17,observed
Nyagatare,East,eicv7_improved_water,Households using improved drinking water (%),87.259,3.1057579748721835,81.16729330362568,93.35077732857982,%,2023/24,NISR EICV7 Main Indicators Report (tables),Table A5.16,observed
Nyagatare,East,eicv7_internet_home,Households with internet access at home (%),23.0428,2.3670374502034877,18.400010790256207,27.685590411832866,%,2023/24,NISR EICV7 Main Indicators Report (tables),Table A5.15,observed
Nyagatare,East,eicv7_metal_roof,Households with metal-sheet roof (%),99.7843,0.21556585140939485,99.361477743378,100.20711450201182,%,2023/24,NISR EICV7 Main Indicators Report (tables),Table A5.13,observed
Nyagatare,East,eicv7_poverty_rate,Poverty headcount (% of people),36.3664,2.7897853056270216,30.894422914583032,41.838387312052674,%,2023/24,NISR EICV7 Main Indicators Report (tables),Table A9.23,observed
Nyagatare,East,eicv7_umudugudu,Households living in umudugudu (%),82.4727,3.547669646058386,75.51416017511933,89.4312061292059,%,2023/24,NISR EICV7 Main Indicators Report (tables),Table A5.12,observed
Nyagatare,East,eicv7_workforce_ratio,Workforce-to-population ratio (%),72.7633,1.6595955261442927,69.50812770860341,76.01850480310205,%,2023/24,NISR EICV7 Main Indicators Report (tables),Table A6.20,observed
Nyagatare,East,finscope2020_banked_incl_otc,"Adults using bank services, incl. over-the-counter users without an own account (%). Not comparable with finscope_banked",28.0,,,,% of adults 16+,2020,NISR/AFR FinScope 2020 report,Figure 17 (banked by district),observed
Nyagatare,East,finscope_banked,Banked adults (%),17.0,,,,% of adults 16+,2024,NISR/AFR FinScope 2024 report,Figure 13 (district access strand),observed
Nyagatare,East,finscope_excluded,Financially excluded adults (%),3.0,,,,% of adults 16+,2024,NISR/AFR FinScope 2024 report,Figure 13 (district access strand),observed
Nyagatare,East,finscope_formally_included,Formally included adults (banked + other formal) (%),94.0,,,,% of adults 16+,2024,NISR/AFR FinScope 2024 report,Figure 13 (district access strand),calculated
Nyagatare,East,finscope_informal_only,Informal only (%),4.0,,,,% of adults 16+,2024,NISR/AFR FinScope 2024 report,Figure 13 (district access strand),observed
Nyagatare,East,finscope_not_formally_included,Adults not formally included: informal only or excluded (%),6.0,,,,% of adults 16+,2024,NISR/AFR FinScope 2024 report,Figure 13 (district access strand); 100 - banked - other formal,calculated
Nyagatare,East,finscope_other_formal_only,"Formal non-bank only, e.g. mobile money / SACCO (%)",77.0,,,,% of adults 16+,2024,NISR/AFR FinScope 2024 report,Figure 13 (district access strand),observed
Nyagatare,East,lfs_employment_ratio,Employment-to-population ratio (%),56.4004,2.0250318902474356,52.427389187829526,60.373342906153546,%,2025,NISR LFS 2025 annual (standard errors annex),Annex EPR,observed
Nyagatare,East,lfs_labour_underutilisation,Labour underutilisation rate (%),55.9042,2.221861708982697,51.54502790933212,60.2633154548856,%,2025,NISR LFS 2025 annual (standard errors annex),Annex LUUR,observed
Nyagatare,East,lfs_median_monthly_earnings,Median monthly earnings at main job,26000.0,,,,RWF,2025,NISR LFS 2025 annual tables,Tables 21-25,observed
Nyagatare,East,lfs_neet_youth,"Youth (16-30) not in employment, education or training (%)",23.4168,1.9269203611755459,19.63632978028554,27.197307008612665,%,2025,NISR LFS 2025 annual (standard errors annex),Annex NEET,observed
Nyagatare,East,lfs_outside_labour_force,Population outside the labour force (%),37.3591,1.9406726789906157,33.55158945558965,41.1665289357729,%,2025,NISR LFS 2025 annual (standard errors annex),Annex POLR,observed
Nyagatare,East,lfs_participation_rate,Labour force participation rate (%),62.6409,1.9406726789906155,58.8334710642271,66.44841054441035,%,2025,NISR LFS 2025 annual (standard errors annex),Annex LFPR,observed
Nyagatare,East,lfs_unemployment_rate,Unemployment rate (%),9.9625,0.9834686427743111,8.03295418280221,11.891953320812213,%,2025,NISR LFS 2025 annual (standard errors annex),Annex UR,observed
Nyagatare,East,proj_adults_16plus_2024,Projected adults aged 16+ (2024),406561.0,,,,persons,2024,NISR subnational population projections 2023-2032,single-age tables,projection
Nyagatare,East,proj_adults_16plus_2026,Projected adults aged 16+ (2026),441143.0,,,,persons,2026,NISR subnational population projections 2023-2032,single-age tables,projection
Nyagatare,East,proj_women_16plus_2024,Projected women aged 16+ (2024),212645.0,,,,persons,2024,NISR subnational population projections 2023-2032,single-age tables,projection
Nyagatare,East,proj_women_16plus_2026,Projected women aged 16+ (2026),230675.0,,,,persons,2026,NISR subnational population projections 2023-2032,single-age tables,projection
Nyagatare,East,proj_youth_16_30_2024,Projected youth aged 16-30 (2024),193226.0,,,,persons,2024,NISR subnational population projections 2023-2032,single-age tables,projection
Nyagatare,East,proj_youth_16_30_2026,Projected youth aged 16-30 (2026),210204.0,,,,persons,2026,NISR subnational population projections 2023-2032,single-age tables,projection
Nyagatare,East,rssb_active_members,RSSB active (contributing) members,8838.0,,,,persons,2023/24,NISR Statistical Yearbook 2025 (RSSB data),Table 12.2.3,observed
Gatsibo,East,calc_establishments_per_1000_adults,"Establishments per 1,000 adults (2023 census / 2024 adults)",21.969,,,,"per 1,000 adults",2023/24,IMBONIX calculation,ec_establishments / proj_adults_16plus_2024,calculated
Gatsibo,East,calc_excluded_adults_2024,"Financially excluded adults, approx. (FinScope rate x 2024 projection)",3416.18,,,,persons,2024,IMBONIX calculation,finscope_excluded x proj_adults_16plus_2024,calculated
Gatsibo,East,calc_informal_only_adults_2024,"Adults relying on informal finance only, approx.",10248.54,,,,persons,2024,IMBONIX calculation,finscope_informal_only x proj_adults_16plus_2024,calculated
Gatsibo,East,calc_rssb_members_per_100_adults,RSSB active members per 100 adults (formal-sector pension reach proxy),2.3848,,,,per 100 adults,2024,IMBONIX calculation,rssb_active_members / proj_adults_16plus_2024,calculated
Gatsibo,East,cbhi_registrations,Mutuelle de Sante (CBHI) registrations,462329.0,,,,persons,2024/25,NISR Statistical Yearbook 2025 (RSSB data),Table 12.2.9,observed
Gatsibo,East,census_electricity,Households with access to electricity (%),48.8,,,,%,2022,NISR RPHC5 Main Indicators (tables),Table 74,observed
Gatsibo,East,census_female_headed_hh,Households headed by women (%),29.3,,,,%,2022,NISR RPHC5 Main Indicators (tables),Table 59,observed
Gatsibo,East,census_hh_mobile_phone,Households with a member owning a mobile phone (%),71.4,,,,%,2022,NISR RPHC5 Main Indicators (tables),Table 25,observed
Gatsibo,East,census_internet_use_16plus,"Used the internet, age 16+ (%)",9.9,,,,%,2022,NISR RPHC5 Main Indicators (tables),Table 21,observed
Gatsibo,East,census_medical_insurance,Population with medical insurance (%),96.7,,,,%,2022,NISR RPHC5 Main Indicators (tables),Table 28,observed
Gatsibo,East,census_moderately_poor,"Moderately poor, census non-monetary measure (% of people)",28.2,,,,%,2022,NISR RPHC5 Non-Monetary Poverty report,Table 4.2,observed
Gatsibo,East,census_mpi,"Multidimensional Poverty Index (M0), census",0.162,,,,index 0-1,2022,NISR RPHC5 Non-Monetary Poverty report,Table 7.2,observed
Gatsibo,East,census_mpi_headcount,"Multidimensional poverty headcount, census (% of people)",37.4,,,,%,2022,NISR RPHC5 Non-Monetary Poverty report,Table 7.2,observed
Gatsibo,East,census_nonpoor,"Non-poor, census non-monetary measure (% of people)",37.4,,,,%,2022,NISR RPHC5 Non-Monetary Poverty report,Table 4.2,observed
Gatsibo,East,census_population,Resident population,551164.0,,,,persons,2022,NISR RPHC5 Main Indicators (tables),Table 1,observed
Gatsibo,East,census_severely_poor,"Severely poor, census non-monetary measure (% of people)",9.2,,,,%,2022,NISR RPHC5 Non-Monetary Poverty report,Table 4.2,observed
Gatsibo,East,census_vulnerable,"Vulnerable, census non-monetary measure (% of people)",25.2,,,,%,2022,NISR RPHC5 Non-Monetary Poverty report,Table 4.2,observed
Gatsibo,East,cfsva_fcs_borderline,Households with borderline food consumption (%),19.0,,,,% of households,2024,WFP/MINAGRI/NISR CFSVA 2024 report,Figure 7.3 (chart labels),observed
Gatsibo,East,cfsva_fcs_poor,Households with poor food consumption (%),2.0,,,,% of households,2024,WFP/MINAGRI/NISR CFSVA 2024 report,Figure 7.3 (chart labels),observed
Gatsibo,East,cfsva_hazard_any,Households affected by a natural hazard in the 12 months before the survey (%),70.0,,,,% of households,2024,WFP/MINAGRI/NISR CFSVA 2024 report,"Figure 8.4 (bar heights digitized, about +/-1 point)",observed
Gatsibo,East,cfsva_hazard_drought,Households affected mainly by drought (%),58.0,,,,% of households,2024,WFP/MINAGRI/NISR CFSVA 2024 report,"Figure 8.4 (bar heights digitized, about +/-1 point)",observed
Gatsibo,East,cfsva_hazard_floods,Households affected mainly by floods or heavy rains (%),11.0,,,,% of households,2024,WFP/MINAGRI/NISR CFSVA 2024 report,"Figure 8.4 (bar heights digitized, about +/-1 point)",observed
Gatsibo,East,cfsva_hazard_landslides,Households affected mainly by landslides (%),0.0,,,,% of households,2024,WFP/MINAGRI/NISR CFSVA 2024 report,"Figure 8.4 (bar heights digitized, about +/-1 point)",observed
Gatsibo,East,cfsva_inadequate_food_consumption,Households with inadequate (poor or borderline) food consumption (%),21.0,,,,% of households,2024,WFP/MINAGRI/NISR CFSVA 2024 report,Figure 7.3 (sum of rounded chart labels),calculated
Gatsibo,East,dhs_severe_stunting,Severely stunted children under 5 (below -3 SD) (%),9.1,,,,% of children under 5,2025,NISR Rwanda DHS 2025 final report,Table D.4,observed
Gatsibo,East,dhs_stunting,Stunted children under 5 (height-for-age below -2 SD) (%),29.4,,,,% of children under 5,2025,NISR Rwanda DHS 2025 final report,Table D.4,observed
Gatsibo,East,dhs_underweight,Underweight children under 5 (weight-for-age below -2 SD) (%),5.8,,,,% of children under 5,2025,NISR Rwanda DHS 2025 final report,Table D.4,observed
Gatsibo,East,dhs_wasting,Wasted children under 5 (weight-for-height below -2 SD) (%),0.8,,,,% of children under 5,2025,NISR Rwanda DHS 2025 final report,Table D.4,observed
Gatsibo,East,ec_establishments,Establishments (all institutional sectors),7505.0,,,,count,2023,NISR Establishment Census 2023 (tables),Table 2.1.4,observed
Gatsibo,East,ec_informal_employment_share,Informal employment in establishments (% of workers),44.1982,,,,%,2023,NISR Establishment Census 2023 (tables),Table 3. 18 (informal / total counts),calculated
Gatsibo,East,ec_informal_enterprises_share,Informal enterprises (% of enterprises),90.4308,,,,%,2023,NISR Establishment Census 2023 (tables),Table 3. 10 (informal / total counts),calculated
Gatsibo,East,eicv7_electricity_lighting,Households lit mainly by electricity (%),63.9307,2.746181941087491,58.54421204194185,69.31712611945747,%,2023/24,NISR EICV7 Main Indicators Report (tables),Table A5.14,observed
Gatsibo,East,eicv7_health_insurance,Has health insurance (% of people),84.4712,1.8792871137102036,80.78512890216406,88.15732748088065,%,2023/24,NISR EICV7 Main Indicators Report (tables),Table A3.7,observed
Gatsibo,East,eicv7_hh_mobile_phone,Households owning any mobile phone (%),82.6044,2.0527287224128448,78.57808990344314,86.6306773231408,%,2023/24,NISR EICV7 Main Indicators Report (tables),Table A5.18,observed
Gatsibo,East,eicv7_hh_sending_transfers,Households sending transfers to other households (%),92.3209,1.496030753695657,89.38649829286373,95.25523208859397,%,2023/24,NISR EICV7 Main Indicators Report (tables),Table A8.22,observed
Gatsibo,East,eicv7_hh_smartphone,Households owning a smartphone (%),25.735,2.5635846334154175,20.70669897215229,30.763307594116796,%,2023/24,NISR EICV7 Main Indicators Report (tables),Table A5.19,observed
Gatsibo,East,eicv7_improved_sanitation,Households using improved sanitation (%),94.5,1.052690117809566,92.43517752586226,96.5647437500584,%,2023/24,NISR EICV7 Main Indicators Report (tables),Table A5.17,observed
Gatsibo,East,eicv7_improved_water,Households using improved drinking water (%),86.9755,2.6306128812583234,81.81574918988368,92.13530089801971,%,2023/24,NISR EICV7 Main Indicators Report (tables),Table A5.16,observed
Gatsibo,East,eicv7_internet_home,Households with internet access at home (%),15.2713,2.179662565675857,10.996063375480219,19.546595729758476,%,2023/24,NISR EICV7 Main Indicators Report (tables),Table A5.15,observed
Gatsibo,East,eicv7_metal_roof,Households with metal-sheet roof (%),97.5559,1.2044794348970305,95.19335529394918,99.91837123922987,%,2023/24,NISR EICV7 Main Indicators Report (tables),Table A5.13,observed
Gatsibo,East,eicv7_poverty_rate,Poverty headcount (% of people),18.4062,2.631800254072418,13.24409945274096,23.568309069776916,%,2023/24,NISR EICV7 Main Indicators Report (tables),Table A9.23,observed
Gatsibo,East,eicv7_umudugudu,Households living in umudugudu (%),70.9526,2.9434722329960277,65.17917361890864,76.72603181544247,%,2023/24,NISR EICV7 Main Indicators Report (tables),Table A5.12,observed
Gatsibo,East,eicv7_workforce_ratio,Workforce-to-population ratio (%),77.404,1.5191565473338018,74.42422360476972,80.3836768769158,%,2023/24,NISR EICV7 Main Indicators Report (tables),Table A6.20,observed
Gatsibo,East,finscope2020_banked_incl_otc,"Adults using bank services, incl. over-the-counter users without an own account (%). Not comparable with finscope_banked",26.0,,,,% of adults 16+,2020,NISR/AFR FinScope 2020 report,Figure 17 (banked by district),observed
Gatsibo,East,finscope_banked,Banked adults (%),23.0,,,,% of adults 16+,2024,NISR/AFR FinScope 2024 report,Figure 13 (district access strand),observed
Gatsibo,East,finscope_excluded,Financially excluded adults (%),1.0,,,,% of adults 16+,2024,NISR/AFR FinScope 2024 report,Figure 13 (district access strand),observed
Gatsibo,East,finscope_formally_included,Formally included adults (banked + other formal) (%),96.0,,,,% of adults 16+,2024,NISR/AFR FinScope 2024 report,Figure 13 (district access strand),calculated
Gatsibo,East,finscope_informal_only,Informal only (%),3.0,,,,% of adults 16+,2024,NISR/AFR FinScope 2024 report,Figure 13 (district access strand),observed
Gatsibo,East,finscope_not_formally_included,Adults not formally included: informal only or excluded (%),4.0,,,,% of adults 16+,2024,NISR/AFR FinScope 2024 report,Figure 13 (district access strand); 100 - banked - other formal,calculated
Gatsibo,East,finscope_other_formal_only,"Formal non-bank only, e.g. mobile money / SACCO (%)",73.0,,,,% of adults 16+,2024,NISR/AFR FinScope 2024 report,Figure 13 (district access strand),observed
Gatsibo,East,lfs_employment_ratio,Employment-to-population ratio (%),58.3637,1.4409853684834204,55.5366053097821,61.190838757608084,%,2025,NISR LFS 2025 annual (standard errors annex),Annex EPR,observed
Gatsibo,East,lfs_labour_underutilisation,Labour underutilisation rate (%),52.0479,1.9666245025701579,48.189472243119354,55.906243200654785,%,2025,NISR LFS 2025 annual (standard errors annex),Annex LUUR,observed
Gatsibo,East,lfs_median_monthly_earnings,Median monthly earnings at main job,26000.0,,,,RWF,2025,NISR LFS 2025 annual tables,Tables 21-25,observed
Gatsibo,East,lfs_neet_youth,"Youth (16-30) not in employment, education or training (%)",24.2812,1.791904838846638,20.76556338513735,27.79675780024184,%,2025,NISR LFS 2025 annual (standard errors annex),Annex NEET,observed
Gatsibo,East,lfs_outside_labour_force,Population outside the labour force (%),34.0639,1.5177110722672686,31.086257035693723,37.04155186147056,%,2025,NISR LFS 2025 annual (standard errors annex),Annex POLR,observed
Gatsibo,East,lfs_participation_rate,Labour force participation rate (%),65.9361,1.5177110722672686,62.958448138529434,68.91374296430627,%,2025,NISR LFS 2025 annual (standard errors annex),Annex LFPR,observed
Gatsibo,East,lfs_unemployment_rate,Unemployment rate (%),11.4844,1.15726207849217,9.213942339648778,13.754883625539666,%,2025,NISR LFS 2025 annual (standard errors annex),Annex UR,observed
Gatsibo,East,proj_adults_16plus_2024,Projected adults aged 16+ (2024),341618.0,,,,persons,2024,NISR subnational population projections 2023-2032,single-age tables,projection
Gatsibo,East,proj_adults_16plus_2026,Projected adults aged 16+ (2026),363325.0,,,,persons,2026,NISR subnational population projections 2023-2032,single-age tables,projection
Gatsibo,East,proj_women_16plus_2024,Projected women aged 16+ (2024),181884.0,,,,persons,2024,NISR subnational population projections 2023-2032,single-age tables,projection
Gatsibo,East,proj_women_16plus_2026,Projected women aged 16+ (2026),193181.0,,,,persons,2026,NISR subnational population projections 2023-2032,single-age tables,projection
Gatsibo,East,proj_youth_16_30_2024,Projected youth aged 16-30 (2024),154683.0,,,,persons,2024,NISR subnational population projections 2023-2032,single-age tables,projection
Gatsibo,East,proj_youth_16_30_2026,Projected youth aged 16-30 (2026),164784.0,,,,persons,2026,NISR subnational population projections 2023-2032,single-age tables,projection
Gatsibo,East,rssb_active_members,RSSB active (contributing) members,8147.0,,,,persons,2023/24,NISR Statistical Yearbook 2025 (RSSB data),Table 12.2.3,observed
Kayonza,East,calc_establishments_per_1000_adults,"Establishments per 1,000 adults (2023 census / 2024 adults)",29.3918,,,,"per 1,000 adults",2023/24,IMBONIX calculation,ec_establishments / proj_adults_16plus_2024,calculated
Kayonza,East,calc_excluded_adults_2024,"Financially excluded adults, approx. (FinScope rate x 2024 projection)",14209.75,,,,persons,2024,IMBONIX calculation,finscope_excluded x proj_adults_16plus_2024,calculated
Kayonza,East,calc_informal_only_adults_2024,"Adults relying on informal finance only, approx.",22735.6,,,,persons,2024,IMBONIX calculation,finscope_informal_only x proj_adults_16plus_2024,calculated
Kayonza,East,calc_rssb_members_per_100_adults,RSSB active members per 100 adults (formal-sector pension reach proxy),4.4082,,,,per 100 adults,2024,IMBONIX calculation,rssb_active_members / proj_adults_16plus_2024,calculated
Kayonza,East,cbhi_registrations,Mutuelle de Sante (CBHI) registrations,386487.0,,,,persons,2024/25,NISR Statistical Yearbook 2025 (RSSB data),Table 12.2.9,observed
Kayonza,East,census_electricity,Households with access to electricity (%),57.9,,,,%,2022,NISR RPHC5 Main Indicators (tables),Table 74,observed
Kayonza,East,census_female_headed_hh,Households headed by women (%),30.1,,,,%,2022,NISR RPHC5 Main Indicators (tables),Table 59,observed
Kayonza,East,census_hh_mobile_phone,Households with a member owning a mobile phone (%),76.2,,,,%,2022,NISR RPHC5 Main Indicators (tables),Table 25,observed
Kayonza,East,census_internet_use_16plus,"Used the internet, age 16+ (%)",11.0,,,,%,2022,NISR RPHC5 Main Indicators (tables),Table 21,observed
Kayonza,East,census_medical_insurance,Population with medical insurance (%),96.9,,,,%,2022,NISR RPHC5 Main Indicators (tables),Table 28,observed
Kayonza,East,census_moderately_poor,"Moderately poor, census non-monetary measure (% of people)",26.5,,,,%,2022,NISR RPHC5 Non-Monetary Poverty report,Table 4.2,observed
Kayonza,East,census_mpi,"Multidimensional Poverty Index (M0), census",0.152,,,,index 0-1,2022,NISR RPHC5 Non-Monetary Poverty report,Table 7.2,observed
Kayonza,East,census_mpi_headcount,"Multidimensional poverty headcount, census (% of people)",35.2,,,,%,2022,NISR RPHC5 Non-Monetary Poverty report,Table 7.2,observed
Kayonza,East,census_nonpoor,"Non-poor, census non-monetary measure (% of people)",41.4,,,,%,2022,NISR RPHC5 Non-Monetary Poverty report,Table 4.2,observed
Kayonza,East,census_population,Resident population,457156.0,,,,persons,2022,NISR RPHC5 Main Indicators (tables),Table 1,observed
Kayonza,East,census_severely_poor,"Severely poor, census non-monetary measure (% of people)",8.8,,,,%,2022,NISR RPHC5 Non-Monetary Poverty report,Table 4.2,observed
Kayonza,East,census_vulnerable,"Vulnerable, census non-monetary measure (% of people)",23.4,,,,%,2022,NISR RPHC5 Non-Monetary Poverty report,Table 4.2,observed
Kayonza,East,cfsva_fcs_borderline,Households with borderline food consumption (%),8.0,,,,% of households,2024,WFP/MINAGRI/NISR CFSVA 2024 report,Figure 7.3 (chart labels),observed
Kayonza,East,cfsva_fcs_poor,Households with poor food consumption (%),0.0,,,,% of households,2024,WFP/MINAGRI/NISR CFSVA 2024 report,Figure 7.3 (chart labels),observed
Kayonza,East,cfsva_hazard_any,Households affected by a natural hazard in the 12 months before the survey (%),52.0,,,,% of households,2024,WFP/MINAGRI/NISR CFSVA 2024 report,"Figure 8.4 (bar heights digitized, about +/-1 point)",observed
Kayonza,East,cfsva_hazard_drought,Households affected mainly by drought (%),39.0,,,,% of households,2024,WFP/MINAGRI/NISR CFSVA 2024 report,"Figure 8.4 (bar heights digitized, about +/-1 point)",observed
Kayonza,East,cfsva_hazard_floods,Households affected mainly by floods or heavy rains (%),9.0,,,,% of households,2024,WFP/MINAGRI/NISR CFSVA 2024 report,"Figure 8.4 (bar heights digitized, about +/-1 point)",observed
Kayonza,East,cfsva_hazard_landslides,Households affected mainly by landslides (%),2.0,,,,% of households,2024,WFP/MINAGRI/NISR CFSVA 2024 report,"Figure 8.4 (bar heights digitized, about +/-1 point)",observed
Kayonza,East,cfsva_inadequate_food_consumption,Households with inadequate (poor or borderline) food consumption (%),8.0,,,,% of households,2024,WFP/MINAGRI/NISR CFSVA 2024 report,Figure 7.3 (sum of rounded chart labels),calculated
Kayonza,East,dhs_severe_stunting,Severely stunted children under 5 (below -3 SD) (%),7.4,,,,% of children under 5,2025,NISR Rwanda DHS 2025 final report,Table D.4,observed
Kayonza,East,dhs_stunting,Stunted children under 5 (height-for-age below -2 SD) (%),26.1,,,,% of children under 5,2025,NISR Rwanda DHS 2025 final report,Table D.4,observed
Kayonza,East,dhs_underweight,Underweight children under 5 (weight-for-age below -2 SD) (%),7.3,,,,% of children under 5,2025,NISR Rwanda DHS 2025 final report,Table D.4,observed
Kayonza,East,dhs_wasting,Wasted children under 5 (weight-for-height below -2 SD) (%),0.8,,,,% of children under 5,2025,NISR Rwanda DHS 2025 final report,Table D.4,observed
Kayonza,East,ec_establishments,Establishments (all institutional sectors),8353.0,,,,count,2023,NISR Establishment Census 2023 (tables),Table 2.1.4,observed
Kayonza,East,ec_informal_employment_share,Informal employment in establishments (% of workers),49.5026,,,,%,2023,NISR Establishment Census 2023 (tables),Table 3. 18 (informal / total counts),calculated
Kayonza,East,ec_informal_enterprises_share,Informal enterprises (% of enterprises),92.1946,,,,%,2023,NISR Establishment Census 2023 (tables),Table 3. 10 (informal / total counts),calculated
Kayonza,East,eicv7_electricity_lighting,Households lit mainly by electricity (%),70.7363,2.9490413830906586,64.95190760159463,76.52061284859391,%,2023/24,NISR EICV7 Main Indicators Report (tables),Table A5.14,observed
Kayonza,East,eicv7_health_insurance,Has health insurance (% of people),83.0471,2.256672062694469,78.6207516124829,87.47338219343791,%,2023/24,NISR EICV7 Main Indicators Report (tables),Table A3.7,observed
Kayonza,East,eicv7_hh_mobile_phone,Households owning any mobile phone (%),82.6327,1.706281371386333,79.28591683911063,85.97943642388051,%,2023/24,NISR EICV7 Main Indicators Report (tables),Table A5.18,observed
Kayonza,East,eicv7_hh_sending_transfers,Households sending transfers to other households (%),96.4054,1.0385146521579016,94.36841472401836,98.44237244275119,%,2023/24,NISR EICV7 Main Indicators Report (tables),Table A8.22,observed
Kayonza,East,eicv7_hh_smartphone,Households owning a smartphone (%),28.7788,2.3805739135401223,24.10947232850313,33.44815373268828,%,2023/24,NISR EICV7 Main Indicators Report (tables),Table A5.19,observed
Kayonza,East,eicv7_improved_sanitation,Households using improved sanitation (%),94.6698,1.2925439981628206,92.13451425985971,97.20499601683409,%,2023/24,NISR EICV7 Main Indicators Report (tables),Table A5.17,observed
Kayonza,East,eicv7_improved_water,Households using improved drinking water (%),89.4078,2.946103120661172,83.62920746274918,95.18638628893254,%,2023/24,NISR EICV7 Main Indicators Report (tables),Table A5.16,observed
Kayonza,East,eicv7_internet_home,Households with internet access at home (%),14.2805,1.9342463225202882,10.486608931415155,18.074405328113468,%,2023/24,NISR EICV7 Main Indicators Report (tables),Table A5.15,observed
Kayonza,East,eicv7_metal_roof,Households with metal-sheet roof (%),98.6753,0.6925976936638745,97.31684901617992,100.03381956080877,%,2023/24,NISR EICV7 Main Indicators Report (tables),Table A5.13,observed
Kayonza,East,eicv7_poverty_rate,Poverty headcount (% of people),36.5544,3.2311024819699306,30.21679966113756,42.89199386189958,%,2023/24,NISR EICV7 Main Indicators Report (tables),Table A9.23,observed
Kayonza,East,eicv7_umudugudu,Households living in umudugudu (%),83.574,3.568570287272743,76.57448583483597,90.57352228219557,%,2023/24,NISR EICV7 Main Indicators Report (tables),Table A5.12,observed
Kayonza,East,eicv7_workforce_ratio,Workforce-to-population ratio (%),77.5087,1.9049666744015326,73.77219047071338,81.24512662137923,%,2023/24,NISR EICV7 Main Indicators Report (tables),Table A6.20,observed
Kayonza,East,finscope2020_banked_incl_otc,"Adults using bank services, incl. over-the-counter users without an own account (%). Not comparable with finscope_banked",33.0,,,,% of adults 16+,2020,NISR/AFR FinScope 2020 report,Figure 17 (banked by district),observed
Kayonza,East,finscope_banked,Banked adults (%),11.0,,,,% of adults 16+,2024,NISR/AFR FinScope 2024 report,Figure 13 (district access strand),observed
Kayonza,East,finscope_excluded,Financially excluded adults (%),5.0,,,,% of adults 16+,2024,NISR/AFR FinScope 2024 report,Figure 13 (district access strand),observed
Kayonza,East,finscope_formally_included,Formally included adults (banked + other formal) (%),87.0,,,,% of adults 16+,2024,NISR/AFR FinScope 2024 report,Figure 13 (district access strand),calculated
Kayonza,East,finscope_informal_only,Informal only (%),8.0,,,,% of adults 16+,2024,NISR/AFR FinScope 2024 report,Figure 13 (district access strand),observed
Kayonza,East,finscope_not_formally_included,Adults not formally included: informal only or excluded (%),13.0,,,,% of adults 16+,2024,NISR/AFR FinScope 2024 report,Figure 13 (district access strand); 100 - banked - other formal,calculated
Kayonza,East,finscope_other_formal_only,"Formal non-bank only, e.g. mobile money / SACCO (%)",76.0,,,,% of adults 16+,2024,NISR/AFR FinScope 2024 report,Figure 13 (district access strand),observed
Kayonza,East,lfs_employment_ratio,Employment-to-population ratio (%),58.1734,1.9440806984992232,54.359220374527744,61.987532466479216,%,2025,NISR LFS 2025 annual (standard errors annex),Annex EPR,observed
Kayonza,East,lfs_labour_underutilisation,Labour underutilisation rate (%),53.7184,2.5669260936900917,48.68221919121332,58.75449313270049,%,2025,NISR LFS 2025 annual (standard errors annex),Annex LUUR,observed
Kayonza,East,lfs_median_monthly_earnings,Median monthly earnings at main job,30000.0,,,,RWF,2025,NISR LFS 2025 annual tables,Tables 21-25,observed
Kayonza,East,lfs_neet_youth,"Youth (16-30) not in employment, education or training (%)",24.3763,1.935136601014487,20.579724533737178,28.172941185953526,%,2025,NISR LFS 2025 annual (standard errors annex),Annex NEET,observed
Kayonza,East,lfs_outside_labour_force,Population outside the labour force (%),35.952,1.8310841630149752,32.35952739592702,39.544456227786185,%,2025,NISR LFS 2025 annual (standard errors annex),Annex POLR,observed
Kayonza,East,lfs_participation_rate,Labour force participation rate (%),64.048,1.8310841630149755,60.455543772213815,67.64047260407298,%,2025,NISR LFS 2025 annual (standard errors annex),Annex LFPR,observed
Kayonza,East,lfs_unemployment_rate,Unemployment rate (%),9.1722,1.102167192343101,7.009853621043279,11.334609958161165,%,2025,NISR LFS 2025 annual (standard errors annex),Annex UR,observed
Kayonza,East,proj_adults_16plus_2024,Projected adults aged 16+ (2024),284195.0,,,,persons,2024,NISR subnational population projections 2023-2032,single-age tables,projection
Kayonza,East,proj_adults_16plus_2026,Projected adults aged 16+ (2026),304886.0,,,,persons,2026,NISR subnational population projections 2023-2032,single-age tables,projection
Kayonza,East,proj_women_16plus_2024,Projected women aged 16+ (2024),150237.0,,,,persons,2024,NISR subnational population projections 2023-2032,single-age tables,projection
Kayonza,East,proj_women_16plus_2026,Projected women aged 16+ (2026),160955.0,,,,persons,2026,NISR subnational population projections 2023-2032,single-age tables,projection
Kayonza,East,proj_youth_16_30_2024,Projected youth aged 16-30 (2024),128512.0,,,,persons,2024,NISR subnational population projections 2023-2032,single-age tables,projection
Kayonza,East,proj_youth_16_30_2026,Projected youth aged 16-30 (2026),138114.0,,,,persons,2026,NISR subnational population projections 2023-2032,single-age tables,projection
Kayonza,East,rssb_active_members,RSSB active (contributing) members,12528.0,,,,persons,2023/24,NISR Statistical Yearbook 2025 (RSSB data),Table 12.2.3,observed
Kirehe,East,calc_establishments_per_1000_adults,"Establishments per 1,000 adults (2023 census / 2024 adults)",26.3483,,,,"per 1,000 adults",2023/24,IMBONIX calculation,ec_establishments / proj_adults_16plus_2024,calculated
Kirehe,East,calc_excluded_adults_2024,"Financially excluded adults, approx. (FinScope rate x 2024 projection)",8657.88,,,,persons,2024,IMBONIX calculation,finscope_excluded x proj_adults_16plus_2024,calculated
Kirehe,East,calc_informal_only_adults_2024,"Adults relying on informal finance only, approx.",14429.8,,,,persons,2024,IMBONIX calculation,finscope_informal_only x proj_adults_16plus_2024,calculated
Kirehe,East,calc_rssb_members_per_100_adults,RSSB active members per 100 adults (formal-sector pension reach proxy),2.9948,,,,per 100 adults,2024,IMBONIX calculation,rssb_active_members / proj_adults_16plus_2024,calculated
Kirehe,East,cbhi_registrations,Mutuelle de Sante (CBHI) registrations,401788.0,,,,persons,2024/25,NISR Statistical Yearbook 2025 (RSSB data),Table 12.2.9,observed
Kirehe,East,census_electricity,Households with access to electricity (%),57.1,,,,%,2022,NISR RPHC5 Main Indicators (tables),Table 74,observed
Kirehe,East,census_female_headed_hh,Households headed by women (%),30.8,,,,%,2022,NISR RPHC5 Main Indicators (tables),Table 59,observed
Kirehe,East,census_hh_mobile_phone,Households with a member owning a mobile phone (%),76.9,,,,%,2022,NISR RPHC5 Main Indicators (tables),Table 25,observed
Kirehe,East,census_internet_use_16plus,"Used the internet, age 16+ (%)",10.0,,,,%,2022,NISR RPHC5 Main Indicators (tables),Table 21,observed
Kirehe,East,census_medical_insurance,Population with medical insurance (%),98.3,,,,%,2022,NISR RPHC5 Main Indicators (tables),Table 28,observed
Kirehe,East,census_moderately_poor,"Moderately poor, census non-monetary measure (% of people)",27.7,,,,%,2022,NISR RPHC5 Non-Monetary Poverty report,Table 4.2,observed
Kirehe,East,census_mpi,"Multidimensional Poverty Index (M0), census",0.145,,,,index 0-1,2022,NISR RPHC5 Non-Monetary Poverty report,Table 7.2,observed
Kirehe,East,census_mpi_headcount,"Multidimensional poverty headcount, census (% of people)",34.9,,,,%,2022,NISR RPHC5 Non-Monetary Poverty report,Table 7.2,observed
Kirehe,East,census_nonpoor,"Non-poor, census non-monetary measure (% of people)",43.1,,,,%,2022,NISR RPHC5 Non-Monetary Poverty report,Table 4.2,observed
Kirehe,East,census_population,Resident population,460860.0,,,,persons,2022,NISR RPHC5 Main Indicators (tables),Table 1,observed
Kirehe,East,census_severely_poor,"Severely poor, census non-monetary measure (% of people)",7.2,,,,%,2022,NISR RPHC5 Non-Monetary Poverty report,Table 4.2,observed
Kirehe,East,census_vulnerable,"Vulnerable, census non-monetary measure (% of people)",22.0,,,,%,2022,NISR RPHC5 Non-Monetary Poverty report,Table 4.2,observed
Kirehe,East,cfsva_fcs_borderline,Households with borderline food consumption (%),15.0,,,,% of households,2024,WFP/MINAGRI/NISR CFSVA 2024 report,Figure 7.3 (chart labels),observed
Kirehe,East,cfsva_fcs_poor,Households with poor food consumption (%),3.0,,,,% of households,2024,WFP/MINAGRI/NISR CFSVA 2024 report,Figure 7.3 (chart labels),observed
Kirehe,East,cfsva_hazard_any,Households affected by a natural hazard in the 12 months before the survey (%),61.0,,,,% of households,2024,WFP/MINAGRI/NISR CFSVA 2024 report,"Figure 8.4 (bar heights digitized, about +/-1 point)",observed
Kirehe,East,cfsva_hazard_drought,Households affected mainly by drought (%),31.0,,,,% of households,2024,WFP/MINAGRI/NISR CFSVA 2024 report,"Figure 8.4 (bar heights digitized, about +/-1 point)",observed
Kirehe,East,cfsva_hazard_floods,Households affected mainly by floods or heavy rains (%),26.0,,,,% of households,2024,WFP/MINAGRI/NISR CFSVA 2024 report,"Figure 8.4 (bar heights digitized, about +/-1 point)",observed
Kirehe,East,cfsva_hazard_landslides,Households affected mainly by landslides (%),0.0,,,,% of households,2024,WFP/MINAGRI/NISR CFSVA 2024 report,"Figure 8.4 (bar heights digitized, about +/-1 point)",observed
Kirehe,East,cfsva_inadequate_food_consumption,Households with inadequate (poor or borderline) food consumption (%),18.0,,,,% of households,2024,WFP/MINAGRI/NISR CFSVA 2024 report,Figure 7.3 (sum of rounded chart labels),calculated
Kirehe,East,dhs_severe_stunting,Severely stunted children under 5 (below -3 SD) (%),6.7,,,,% of children under 5,2025,NISR Rwanda DHS 2025 final report,Table D.4,observed
Kirehe,East,dhs_stunting,Stunted children under 5 (height-for-age below -2 SD) (%),31.7,,,,% of children under 5,2025,NISR Rwanda DHS 2025 final report,Table D.4,observed
Kirehe,East,dhs_underweight,Underweight children under 5 (weight-for-age below -2 SD) (%),8.8,,,,% of children under 5,2025,NISR Rwanda DHS 2025 final report,Table D.4,observed
Kirehe,East,dhs_wasting,Wasted children under 5 (weight-for-height below -2 SD) (%),0.2,,,,% of children under 5,2025,NISR Rwanda DHS 2025 final report,Table D.4,observed
Kirehe,East,ec_establishments,Establishments (all institutional sectors),7604.0,,,,count,2023,NISR Establishment Census 2023 (tables),Table 2.1.4,observed
Kirehe,East,ec_informal_employment_share,Informal employment in establishments (% of workers),51.2778,,,,%,2023,NISR Establishment Census 2023 (tables),Table 3. 18 (informal / total counts),calculated
Kirehe,East,ec_informal_enterprises_share,Informal enterprises (% of enterprises),88.6757,,,,%,2023,NISR Establishment Census 2023 (tables),Table 3. 10 (informal / total counts),calculated
Kirehe,East,eicv7_electricity_lighting,Households lit mainly by electricity (%),75.5538,3.155676929430187,69.36412925314421,81.74343883511874,%,2023/24,NISR EICV7 Main Indicators Report (tables),Table A5.14,observed
Kirehe,East,eicv7_health_insurance,Has health insurance (% of people),89.4097,1.6733302186795902,86.12758321994232,92.69183972437739,%,2023/24,NISR EICV7 Main Indicators Report (tables),Table A3.7,observed
Kirehe,East,eicv7_hh_mobile_phone,Households owning any mobile phone (%),84.4661,1.4239514503082447,81.67311977045719,87.25909584699122,%,2023/24,NISR EICV7 Main Indicators Report (tables),Table A5.18,observed
Kirehe,East,eicv7_hh_sending_transfers,Households sending transfers to other households (%),86.4759,1.730348875838973,83.08191047853408,89.86984374859163,%,2023/24,NISR EICV7 Main Indicators Report (tables),Table A8.22,observed
Kirehe,East,eicv7_hh_smartphone,Households owning a smartphone (%),25.3749,2.6397757547253873,20.197120418391975,30.552616885717825,%,2023/24,NISR EICV7 Main Indicators Report (tables),Table A5.19,observed
Kirehe,East,eicv7_improved_sanitation,Households using improved sanitation (%),95.8913,0.9650460388348993,93.9984468857654,97.78419680337582,%,2023/24,NISR EICV7 Main Indicators Report (tables),Table A5.17,observed
Kirehe,East,eicv7_improved_water,Households using improved drinking water (%),86.4218,3.51469446303659,79.52793173550728,93.3156203414629,%,2023/24,NISR EICV7 Main Indicators Report (tables),Table A5.16,observed
Kirehe,East,eicv7_internet_home,Households with internet access at home (%),16.6873,2.4510618333348764,11.879657891610368,21.494854224428035,%,2023/24,NISR EICV7 Main Indicators Report (tables),Table A5.15,observed
Kirehe,East,eicv7_metal_roof,Households with metal-sheet roof (%),99.2061,0.3855376999504037,98.44991107336041,99.96232525578124,%,2023/24,NISR EICV7 Main Indicators Report (tables),Table A5.13,observed
Kirehe,East,eicv7_poverty_rate,Poverty headcount (% of people),14.2371,2.1284905270000833,10.062177889425804,18.41196900089802,%,2023/24,NISR EICV7 Main Indicators Report (tables),Table A9.23,observed
Kirehe,East,eicv7_umudugudu,Households living in umudugudu (%),92.9425,2.7682814998746847,87.51273768549105,98.37234545376454,%,2023/24,NISR EICV7 Main Indicators Report (tables),Table A5.12,observed
Kirehe,East,eicv7_workforce_ratio,Workforce-to-population ratio (%),85.5391,1.1956775902347934,83.19388228479599,87.88436973986589,%,2023/24,NISR EICV7 Main Indicators Report (tables),Table A6.20,observed
Kirehe,East,finscope2020_banked_incl_otc,"Adults using bank services, incl. over-the-counter users without an own account (%). Not comparable with finscope_banked",27.0,,,,% of adults 16+,2020,NISR/AFR FinScope 2020 report,Figure 17 (banked by district),observed
Kirehe,East,finscope_banked,Banked adults (%),7.0,,,,% of adults 16+,2024,NISR/AFR FinScope 2024 report,Figure 13 (district access strand),observed
Kirehe,East,finscope_excluded,Financially excluded adults (%),3.0,,,,% of adults 16+,2024,NISR/AFR FinScope 2024 report,Figure 13 (district access strand),observed
Kirehe,East,finscope_formally_included,Formally included adults (banked + other formal) (%),93.0,,,,% of adults 16+,2024,NISR/AFR FinScope 2024 report,Figure 13 (district access strand),calculated
Kirehe,East,finscope_informal_only,Informal only (%),5.0,,,,% of adults 16+,2024,NISR/AFR FinScope 2024 report,Figure 13 (district access strand),observed
Kirehe,East,finscope_not_formally_included,Adults not formally included: informal only or excluded (%),7.0,,,,% of adults 16+,2024,NISR/AFR FinScope 2024 report,Figure 13 (district access strand); 100 - banked - other formal,calculated
Kirehe,East,finscope_other_formal_only,"Formal non-bank only, e.g. mobile money / SACCO (%)",86.0,,,,% of adults 16+,2024,NISR/AFR FinScope 2024 report,Figure 13 (district access strand),observed
Kirehe,East,lfs_employment_ratio,Employment-to-population ratio (%),51.8722,2.2127687004295824,47.530876083381074,56.21348388212594,%,2025,NISR LFS 2025 annual (standard errors annex),Annex EPR,observed
Kirehe,East,lfs_labour_underutilisation,Labour underutilisation rate (%),67.06,2.2619749213212748,62.62211947449264,71.49780588880995,%,2025,NISR LFS 2025 annual (standard errors annex),Annex LUUR,observed
Kirehe,East,lfs_median_monthly_earnings,Median monthly earnings at main job,26000.0,,,,RWF,2025,NISR LFS 2025 annual tables,Tables 21-25,observed
Kirehe,East,lfs_neet_youth,"Youth (16-30) not in employment, education or training (%)",29.5403,4.143796612614089,21.410483863747697,37.670186370435715,%,2025,NISR LFS 2025 annual (standard errors annex),Annex NEET,observed
Kirehe,East,lfs_outside_labour_force,Population outside the labour force (%),42.8314,2.1035834841073067,38.70431549356822,46.95849513777377,%,2025,NISR LFS 2025 annual (standard errors annex),Annex POLR,observed
Kirehe,East,lfs_participation_rate,Labour force participation rate (%),57.1686,2.1035834841073067,53.04150486222623,61.29568450643178,%,2025,NISR LFS 2025 annual (standard errors annex),Annex LFPR,observed
Kirehe,East,lfs_unemployment_rate,Unemployment rate (%),9.2646,1.5307528264650536,6.261318447881378,12.26778736911836,%,2025,NISR LFS 2025 annual (standard errors annex),Annex UR,observed
Kirehe,East,proj_adults_16plus_2024,Projected adults aged 16+ (2024),288596.0,,,,persons,2024,NISR subnational population projections 2023-2032,single-age tables,projection
Kirehe,East,proj_adults_16plus_2026,Projected adults aged 16+ (2026),310762.0,,,,persons,2026,NISR subnational population projections 2023-2032,single-age tables,projection
Kirehe,East,proj_women_16plus_2024,Projected women aged 16+ (2024),153764.0,,,,persons,2024,NISR subnational population projections 2023-2032,single-age tables,projection
Kirehe,East,proj_women_16plus_2026,Projected women aged 16+ (2026),165344.0,,,,persons,2026,NISR subnational population projections 2023-2032,single-age tables,projection
Kirehe,East,proj_youth_16_30_2024,Projected youth aged 16-30 (2024),131294.0,,,,persons,2024,NISR subnational population projections 2023-2032,single-age tables,projection
Kirehe,East,proj_youth_16_30_2026,Projected youth aged 16-30 (2026),141667.0,,,,persons,2026,NISR subnational population projections 2023-2032,single-age tables,projection
Kirehe,East,rssb_active_members,RSSB active (contributing) members,8643.0,,,,persons,2023/24,NISR Statistical Yearbook 2025 (RSSB data),Table 12.2.3,observed
Ngoma,East,calc_establishments_per_1000_adults,"Establishments per 1,000 adults (2023 census / 2024 adults)",29.1284,,,,"per 1,000 adults",2023/24,IMBONIX calculation,ec_establishments / proj_adults_16plus_2024,calculated
Ngoma,East,calc_excluded_adults_2024,"Financially excluded adults, approx. (FinScope rate x 2024 projection)",19840.4,,,,persons,2024,IMBONIX calculation,finscope_excluded x proj_adults_16plus_2024,calculated
Ngoma,East,calc_informal_only_adults_2024,"Adults relying on informal finance only, approx.",14880.3,,,,persons,2024,IMBONIX calculation,finscope_informal_only x proj_adults_16plus_2024,calculated
Ngoma,East,calc_rssb_members_per_100_adults,RSSB active members per 100 adults (formal-sector pension reach proxy),2.7302,,,,per 100 adults,2024,IMBONIX calculation,rssb_active_members / proj_adults_16plus_2024,calculated
Ngoma,East,cbhi_registrations,Mutuelle de Sante (CBHI) registrations,373065.0,,,,persons,2024/25,NISR Statistical Yearbook 2025 (RSSB data),Table 12.2.9,observed
Ngoma,East,census_electricity,Households with access to electricity (%),58.3,,,,%,2022,NISR RPHC5 Main Indicators (tables),Table 74,observed
Ngoma,East,census_female_headed_hh,Households headed by women (%),31.4,,,,%,2022,NISR RPHC5 Main Indicators (tables),Table 59,observed
Ngoma,East,census_hh_mobile_phone,Households with a member owning a mobile phone (%),71.4,,,,%,2022,NISR RPHC5 Main Indicators (tables),Table 25,observed
Ngoma,East,census_internet_use_16plus,"Used the internet, age 16+ (%)",9.3,,,,%,2022,NISR RPHC5 Main Indicators (tables),Table 21,observed
Ngoma,East,census_medical_insurance,Population with medical insurance (%),96.2,,,,%,2022,NISR RPHC5 Main Indicators (tables),Table 28,observed
Ngoma,East,census_moderately_poor,"Moderately poor, census non-monetary measure (% of people)",27.4,,,,%,2022,NISR RPHC5 Non-Monetary Poverty report,Table 4.2,observed
Ngoma,East,census_mpi,"Multidimensional Poverty Index (M0), census",0.161,,,,index 0-1,2022,NISR RPHC5 Non-Monetary Poverty report,Table 7.2,observed
Ngoma,East,census_mpi_headcount,"Multidimensional poverty headcount, census (% of people)",37.1,,,,%,2022,NISR RPHC5 Non-Monetary Poverty report,Table 7.2,observed
Ngoma,East,census_nonpoor,"Non-poor, census non-monetary measure (% of people)",40.5,,,,%,2022,NISR RPHC5 Non-Monetary Poverty report,Table 4.2,observed
Ngoma,East,census_population,Resident population,404048.0,,,,persons,2022,NISR RPHC5 Main Indicators (tables),Table 1,observed
Ngoma,East,census_severely_poor,"Severely poor, census non-monetary measure (% of people)",9.7,,,,%,2022,NISR RPHC5 Non-Monetary Poverty report,Table 4.2,observed
Ngoma,East,census_vulnerable,"Vulnerable, census non-monetary measure (% of people)",22.4,,,,%,2022,NISR RPHC5 Non-Monetary Poverty report,Table 4.2,observed
Ngoma,East,cfsva_fcs_borderline,Households with borderline food consumption (%),15.0,,,,% of households,2024,WFP/MINAGRI/NISR CFSVA 2024 report,Figure 7.3 (chart labels),observed
Ngoma,East,cfsva_fcs_poor,Households with poor food consumption (%),4.0,,,,% of households,2024,WFP/MINAGRI/NISR CFSVA 2024 report,Figure 7.3 (chart labels),observed
Ngoma,East,cfsva_hazard_any,Households affected by a natural hazard in the 12 months before the survey (%),45.0,,,,% of households,2024,WFP/MINAGRI/NISR CFSVA 2024 report,"Figure 8.4 (bar heights digitized, about +/-1 point)",observed
Ngoma,East,cfsva_hazard_drought,Households affected mainly by drought (%),23.0,,,,% of households,2024,WFP/MINAGRI/NISR CFSVA 2024 report,"Figure 8.4 (bar heights digitized, about +/-1 point)",observed
Ngoma,East,cfsva_hazard_floods,Households affected mainly by floods or heavy rains (%),10.0,,,,% of households,2024,WFP/MINAGRI/NISR CFSVA 2024 report,"Figure 8.4 (bar heights digitized, about +/-1 point)",observed
Ngoma,East,cfsva_hazard_landslides,Households affected mainly by landslides (%),3.0,,,,% of households,2024,WFP/MINAGRI/NISR CFSVA 2024 report,"Figure 8.4 (bar heights digitized, about +/-1 point)",observed
Ngoma,East,cfsva_inadequate_food_consumption,Households with inadequate (poor or borderline) food consumption (%),19.0,,,,% of households,2024,WFP/MINAGRI/NISR CFSVA 2024 report,Figure 7.3 (sum of rounded chart labels),calculated
Ngoma,East,dhs_severe_stunting,Severely stunted children under 5 (below -3 SD) (%),8.5,,,,% of children under 5,2025,NISR Rwanda DHS 2025 final report,Table D.4,observed
Ngoma,East,dhs_stunting,Stunted children under 5 (height-for-age below -2 SD) (%),26.9,,,,% of children under 5,2025,NISR Rwanda DHS 2025 final report,Table D.4,observed
Ngoma,East,dhs_underweight,Underweight children under 5 (weight-for-age below -2 SD) (%),12.4,,,,% of children under 5,2025,NISR Rwanda DHS 2025 final report,Table D.4,observed
Ngoma,East,dhs_wasting,Wasted children under 5 (weight-for-height below -2 SD) (%),1.1,,,,% of children under 5,2025,NISR Rwanda DHS 2025 final report,Table D.4,observed
Ngoma,East,ec_establishments,Establishments (all institutional sectors),7224.0,,,,count,2023,NISR Establishment Census 2023 (tables),Table 2.1.4,observed
Ngoma,East,ec_informal_employment_share,Informal employment in establishments (% of workers),51.6838,,,,%,2023,NISR Establishment Census 2023 (tables),Table 3. 18 (informal / total counts),calculated
Ngoma,East,ec_informal_enterprises_share,Informal enterprises (% of enterprises),93.2613,,,,%,2023,NISR Establishment Census 2023 (tables),Table 3. 10 (informal / total counts),calculated
Ngoma,East,eicv7_electricity_lighting,Households lit mainly by electricity (%),71.2825,2.6955958564463613,65.99526371076855,76.56973516683827,%,2023/24,NISR EICV7 Main Indicators Report (tables),Table A5.14,observed
Ngoma,East,eicv7_health_insurance,Has health insurance (% of people),89.8085,1.5370507697895077,86.79363928443301,92.82328926063396,%,2023/24,NISR EICV7 Main Indicators Report (tables),Table A3.7,observed
Ngoma,East,eicv7_hh_mobile_phone,Households owning any mobile phone (%),79.1026,2.1513010087616435,74.88298255311884,83.32225621358296,%,2023/24,NISR EICV7 Main Indicators Report (tables),Table A5.18,observed
Ngoma,East,eicv7_hh_sending_transfers,Households sending transfers to other households (%),89.3579,1.505429050941619,86.4051390626463,92.31074115438815,%,2023/24,NISR EICV7 Main Indicators Report (tables),Table A8.22,observed
Ngoma,East,eicv7_hh_smartphone,Households owning a smartphone (%),25.131,2.669668792984879,19.894620956988756,30.367383919977986,%,2023/24,NISR EICV7 Main Indicators Report (tables),Table A5.19,observed
Ngoma,East,eicv7_improved_sanitation,Households using improved sanitation (%),91.1737,1.4918803376881724,88.2474851838364,94.09993743814158,%,2023/24,NISR EICV7 Main Indicators Report (tables),Table A5.17,observed
Ngoma,East,eicv7_improved_water,Households using improved drinking water (%),74.9945,4.449402015632265,66.26726615689483,83.72169075039054,%,2023/24,NISR EICV7 Main Indicators Report (tables),Table A5.16,observed
Ngoma,East,eicv7_internet_home,Households with internet access at home (%),19.7539,2.684556079684121,14.488272890548583,25.019436740259383,%,2023/24,NISR EICV7 Main Indicators Report (tables),Table A5.15,observed
Ngoma,East,eicv7_metal_roof,Households with metal-sheet roof (%),100.0,4.16789717456374e-15,100.0000000000003,100.00000000000033,%,2023/24,NISR EICV7 Main Indicators Report (tables),Table A5.13,observed
Ngoma,East,eicv7_poverty_rate,Poverty headcount (% of people),30.939,2.633109571057107,25.774375660979842,36.103721558014314,%,2023/24,NISR EICV7 Main Indicators Report (tables),Table A9.23,observed
Ngoma,East,eicv7_umudugudu,Households living in umudugudu (%),91.2482,1.8775614261461298,87.56552194786559,94.93095087903106,%,2023/24,NISR EICV7 Main Indicators Report (tables),Table A5.12,observed
Ngoma,East,eicv7_workforce_ratio,Workforce-to-population ratio (%),87.6131,1.38214348315443,84.9021234319018,90.32409229858385,%,2023/24,NISR EICV7 Main Indicators Report (tables),Table A6.20,observed
Ngoma,East,finscope2020_banked_incl_otc,"Adults using bank services, incl. over-the-counter users without an own account (%). Not comparable with finscope_banked",24.0,,,,% of adults 16+,2020,NISR/AFR FinScope 2020 report,Figure 17 (banked by district),observed
Ngoma,East,finscope_banked,Banked adults (%),9.0,,,,% of adults 16+,2024,NISR/AFR FinScope 2024 report,Figure 13 (district access strand),observed
Ngoma,East,finscope_excluded,Financially excluded adults (%),8.0,,,,% of adults 16+,2024,NISR/AFR FinScope 2024 report,Figure 13 (district access strand),observed
Ngoma,East,finscope_formally_included,Formally included adults (banked + other formal) (%),86.0,,,,% of adults 16+,2024,NISR/AFR FinScope 2024 report,Figure 13 (district access strand),calculated
Ngoma,East,finscope_informal_only,Informal only (%),6.0,,,,% of adults 16+,2024,NISR/AFR FinScope 2024 report,Figure 13 (district access strand),observed
Ngoma,East,finscope_not_formally_included,Adults not formally included: informal only or excluded (%),14.0,,,,% of adults 16+,2024,NISR/AFR FinScope 2024 report,Figure 13 (district access strand); 100 - banked - other formal,calculated
Ngoma,East,finscope_other_formal_only,"Formal non-bank only, e.g. mobile money / SACCO (%)",77.0,,,,% of adults 16+,2024,NISR/AFR FinScope 2024 report,Figure 13 (district access strand),observed
Ngoma,East,lfs_employment_ratio,Employment-to-population ratio (%),53.5226,1.966080293493961,49.66525815121567,57.37989370527751,%,2025,NISR LFS 2025 annual (standard errors annex),Annex EPR,observed
Ngoma,East,lfs_labour_underutilisation,Labour underutilisation rate (%),61.8648,1.9486328936607558,58.04174453838622,65.68791883401188,%,2025,NISR LFS 2025 annual (standard errors annex),Annex LUUR,observed
Ngoma,East,lfs_median_monthly_earnings,Median monthly earnings at main job,26000.0,,,,RWF,2025,NISR LFS 2025 annual tables,Tables 21-25,observed
Ngoma,East,lfs_neet_youth,"Youth (16-30) not in employment, education or training (%)",28.0428,1.979450359439594,24.159241099780715,31.92633900059699,%,2025,NISR LFS 2025 annual (standard errors annex),Annex NEET,observed
Ngoma,East,lfs_outside_labour_force,Population outside the labour force (%),40.4506,1.90448540086134,36.71410344209641,44.18704889315244,%,2025,NISR LFS 2025 annual (standard errors annex),Annex POLR,observed
Ngoma,East,lfs_participation_rate,Labour force participation rate (%),59.5494,1.90448540086134,55.81295110684756,63.28589655790359,%,2025,NISR LFS 2025 annual (standard errors annex),Annex LFPR,observed
Ngoma,East,lfs_unemployment_rate,Unemployment rate (%),10.1207,1.15779942068966,7.849224441879952,12.39227418653276,%,2025,NISR LFS 2025 annual (standard errors annex),Annex UR,observed
Ngoma,East,proj_adults_16plus_2024,Projected adults aged 16+ (2024),248005.0,,,,persons,2024,NISR subnational population projections 2023-2032,single-age tables,projection
Ngoma,East,proj_adults_16plus_2026,Projected adults aged 16+ (2026),260430.0,,,,persons,2026,NISR subnational population projections 2023-2032,single-age tables,projection
Ngoma,East,proj_women_16plus_2024,Projected women aged 16+ (2024),134200.0,,,,persons,2024,NISR subnational population projections 2023-2032,single-age tables,projection
Ngoma,East,proj_women_16plus_2026,Projected women aged 16+ (2026),140895.0,,,,persons,2026,NISR subnational population projections 2023-2032,single-age tables,projection
Ngoma,East,proj_youth_16_30_2024,Projected youth aged 16-30 (2024),103689.0,,,,persons,2024,NISR subnational population projections 2023-2032,single-age tables,projection
Ngoma,East,proj_youth_16_30_2026,Projected youth aged 16-30 (2026),108944.0,,,,persons,2026,NISR subnational population projections 2023-2032,single-age tables,projection
Ngoma,East,rssb_active_members,RSSB active (contributing) members,6771.0,,,,persons,2023/24,NISR Statistical Yearbook 2025 (RSSB data),Table 12.2.3,observed
Bugesera,East,calc_establishments_per_1000_adults,"Establishments per 1,000 adults (2023 census / 2024 adults)",32.0142,,,,"per 1,000 adults",2023/24,IMBONIX calculation,ec_establishments / proj_adults_16plus_2024,calculated
Bugesera,East,calc_excluded_adults_2024,"Financially excluded adults, approx. (FinScope rate x 2024 projection)",7006.26,,,,persons,2024,IMBONIX calculation,finscope_excluded x proj_adults_16plus_2024,calculated
Bugesera,East,calc_informal_only_adults_2024,"Adults relying on informal finance only, approx.",17515.65,,,,persons,2024,IMBONIX calculation,finscope_informal_only x proj_adults_16plus_2024,calculated
Bugesera,East,calc_rssb_members_per_100_adults,RSSB active members per 100 adults (formal-sector pension reach proxy),2.7581,,,,per 100 adults,2024,IMBONIX calculation,rssb_active_members / proj_adults_16plus_2024,calculated
Bugesera,East,cbhi_registrations,Mutuelle de Sante (CBHI) registrations,431457.0,,,,persons,2024/25,NISR Statistical Yearbook 2025 (RSSB data),Table 12.2.9,observed
Bugesera,East,census_electricity,Households with access to electricity (%),60.8,,,,%,2022,NISR RPHC5 Main Indicators (tables),Table 74,observed
Bugesera,East,census_female_headed_hh,Households headed by women (%),28.8,,,,%,2022,NISR RPHC5 Main Indicators (tables),Table 59,observed
Bugesera,East,census_hh_mobile_phone,Households with a member owning a mobile phone (%),78.3,,,,%,2022,NISR RPHC5 Main Indicators (tables),Table 25,observed
Bugesera,East,census_internet_use_16plus,"Used the internet, age 16+ (%)",16.9,,,,%,2022,NISR RPHC5 Main Indicators (tables),Table 21,observed
Bugesera,East,census_medical_insurance,Population with medical insurance (%),96.1,,,,%,2022,NISR RPHC5 Main Indicators (tables),Table 28,observed
Bugesera,East,census_moderately_poor,"Moderately poor, census non-monetary measure (% of people)",23.8,,,,%,2022,NISR RPHC5 Non-Monetary Poverty report,Table 4.2,observed
Bugesera,East,census_mpi,"Multidimensional Poverty Index (M0), census",0.148,,,,index 0-1,2022,NISR RPHC5 Non-Monetary Poverty report,Table 7.2,observed
Bugesera,East,census_mpi_headcount,"Multidimensional poverty headcount, census (% of people)",33.4,,,,%,2022,NISR RPHC5 Non-Monetary Poverty report,Table 7.2,observed
Bugesera,East,census_nonpoor,"Non-poor, census non-monetary measure (% of people)",45.2,,,,%,2022,NISR RPHC5 Non-Monetary Poverty report,Table 4.2,observed
Bugesera,East,census_population,Resident population,551103.0,,,,persons,2022,NISR RPHC5 Main Indicators (tables),Table 1,observed
Bugesera,East,census_severely_poor,"Severely poor, census non-monetary measure (% of people)",9.6,,,,%,2022,NISR RPHC5 Non-Monetary Poverty report,Table 4.2,observed
Bugesera,East,census_vulnerable,"Vulnerable, census non-monetary measure (% of people)",21.4,,,,%,2022,NISR RPHC5 Non-Monetary Poverty report,Table 4.2,observed
Bugesera,East,cfsva_fcs_borderline,Households with borderline food consumption (%),19.0,,,,% of households,2024,WFP/MINAGRI/NISR CFSVA 2024 report,Figure 7.3 (chart labels),observed
Bugesera,East,cfsva_fcs_poor,Households with poor food consumption (%),0.0,,,,% of households,2024,WFP/MINAGRI/NISR CFSVA 2024 report,Figure 7.3 (chart labels),observed
Bugesera,East,cfsva_hazard_any,Households affected by a natural hazard in the 12 months before the survey (%),37.0,,,,% of households,2024,WFP/MINAGRI/NISR CFSVA 2024 report,"Figure 8.4 (bar heights digitized, about +/-1 point)",observed
Bugesera,East,cfsva_hazard_drought,Households affected mainly by drought (%),25.0,,,,% of households,2024,WFP/MINAGRI/NISR CFSVA 2024 report,"Figure 8.4 (bar heights digitized, about +/-1 point)",observed
Bugesera,East,cfsva_hazard_floods,Households affected mainly by floods or heavy rains (%),12.0,,,,% of households,2024,WFP/MINAGRI/NISR CFSVA 2024 report,"Figure 8.4 (bar heights digitized, about +/-1 point)",observed
Bugesera,East,cfsva_hazard_landslides,Households affected mainly by landslides (%),0.0,,,,% of households,2024,WFP/MINAGRI/NISR CFSVA 2024 report,"Figure 8.4 (bar heights digitized, about +/-1 point)",observed
Bugesera,East,cfsva_inadequate_food_consumption,Households with inadequate (poor or borderline) food consumption (%),19.0,,,,% of households,2024,WFP/MINAGRI/NISR CFSVA 2024 report,Figure 7.3 (sum of rounded chart labels),calculated
Bugesera,East,dhs_severe_stunting,Severely stunted children under 5 (below -3 SD) (%),4.5,,,,% of children under 5,2025,NISR Rwanda DHS 2025 final report,Table D.4,observed
Bugesera,East,dhs_stunting,Stunted children under 5 (height-for-age below -2 SD) (%),20.8,,,,% of children under 5,2025,NISR Rwanda DHS 2025 final report,Table D.4,observed
Bugesera,East,dhs_underweight,Underweight children under 5 (weight-for-age below -2 SD) (%),4.7,,,,% of children under 5,2025,NISR Rwanda DHS 2025 final report,Table D.4,observed
Bugesera,East,dhs_wasting,Wasted children under 5 (weight-for-height below -2 SD) (%),2.2,,,,% of children under 5,2025,NISR Rwanda DHS 2025 final report,Table D.4,observed
Bugesera,East,ec_establishments,Establishments (all institutional sectors),11215.0,,,,count,2023,NISR Establishment Census 2023 (tables),Table 2.1.4,observed
Bugesera,East,ec_informal_employment_share,Informal employment in establishments (% of workers),54.647,,,,%,2023,NISR Establishment Census 2023 (tables),Table 3. 18 (informal / total counts),calculated
Bugesera,East,ec_informal_enterprises_share,Informal enterprises (% of enterprises),92.641,,,,%,2023,NISR Establishment Census 2023 (tables),Table 3. 10 (informal / total counts),calculated
Bugesera,East,eicv7_electricity_lighting,Households lit mainly by electricity (%),75.0351,2.730104121258698,69.68017120444095,80.39001408882915,%,2023/24,NISR EICV7 Main Indicators Report (tables),Table A5.14,observed
Bugesera,East,eicv7_health_insurance,Has health insurance (% of people),83.7305,2.0399101389240033,79.72938800136659,87.73168978759814,%,2023/24,NISR EICV7 Main Indicators Report (tables),Table A3.7,observed
Bugesera,East,eicv7_hh_mobile_phone,Households owning any mobile phone (%),87.6572,1.8524250013046042,84.02377457084762,91.29059658126172,%,2023/24,NISR EICV7 Main Indicators Report (tables),Table A5.18,observed
Bugesera,East,eicv7_hh_sending_transfers,Households sending transfers to other households (%),91.8626,1.6366265431947133,88.65245894785761,95.07273171384779,%,2023/24,NISR EICV7 Main Indicators Report (tables),Table A8.22,observed
Bugesera,East,eicv7_hh_smartphone,Households owning a smartphone (%),42.7871,2.929409807485964,37.041226202470064,48.53291933529315,%,2023/24,NISR EICV7 Main Indicators Report (tables),Table A5.19,observed
Bugesera,East,eicv7_improved_sanitation,Households using improved sanitation (%),94.5171,1.3995254498591958,91.77205154034185,97.26220759848671,%,2023/24,NISR EICV7 Main Indicators Report (tables),Table A5.17,observed
Bugesera,East,eicv7_improved_water,Households using improved drinking water (%),87.6944,2.867948603493198,82.0690718374476,93.31966067204179,%,2023/24,NISR EICV7 Main Indicators Report (tables),Table A5.16,observed
Bugesera,East,eicv7_internet_home,Households with internet access at home (%),38.4581,2.894615806853356,32.7805023117261,44.135703111823524,%,2023/24,NISR EICV7 Main Indicators Report (tables),Table A5.15,observed
Bugesera,East,eicv7_metal_roof,Households with metal-sheet roof (%),98.0988,0.8601788101075031,96.41156709339347,99.78593653117304,%,2023/24,NISR EICV7 Main Indicators Report (tables),Table A5.13,observed
Bugesera,East,eicv7_poverty_rate,Poverty headcount (% of people),23.6986,2.625944335573044,18.54802637075587,28.84926398222482,%,2023/24,NISR EICV7 Main Indicators Report (tables),Table A9.23,observed
Bugesera,East,eicv7_umudugudu,Households living in umudugudu (%),88.6583,4.018435119029522,80.77636019063368,96.54015778018208,%,2023/24,NISR EICV7 Main Indicators Report (tables),Table A5.12,observed
Bugesera,East,eicv7_workforce_ratio,Workforce-to-population ratio (%),79.7056,1.4700543007201075,76.82217365236505,82.58900520638389,%,2023/24,NISR EICV7 Main Indicators Report (tables),Table A6.20,observed
Bugesera,East,finscope2020_banked_incl_otc,"Adults using bank services, incl. over-the-counter users without an own account (%). Not comparable with finscope_banked",32.0,,,,% of adults 16+,2020,NISR/AFR FinScope 2020 report,Figure 17 (banked by district),observed
Bugesera,East,finscope_banked,Banked adults (%),23.0,,,,% of adults 16+,2024,NISR/AFR FinScope 2024 report,Figure 13 (district access strand),observed
Bugesera,East,finscope_excluded,Financially excluded adults (%),2.0,,,,% of adults 16+,2024,NISR/AFR FinScope 2024 report,Figure 13 (district access strand),observed
Bugesera,East,finscope_formally_included,Formally included adults (banked + other formal) (%),94.0,,,,% of adults 16+,2024,NISR/AFR FinScope 2024 report,Figure 13 (district access strand),calculated
Bugesera,East,finscope_informal_only,Informal only (%),5.0,,,,% of adults 16+,2024,NISR/AFR FinScope 2024 report,Figure 13 (district access strand),observed
Bugesera,East,finscope_not_formally_included,Adults not formally included: informal only or excluded (%),6.0,,,,% of adults 16+,2024,NISR/AFR FinScope 2024 report,Figure 13 (district access strand); 100 - banked - other formal,calculated
Bugesera,East,finscope_other_formal_only,"Formal non-bank only, e.g. mobile money / SACCO (%)",71.0,,,,% of adults 16+,2024,NISR/AFR FinScope 2024 report,Figure 13 (district access strand),observed
Bugesera,East,lfs_employment_ratio,Employment-to-population ratio (%),58.3924,1.661856682904016,55.131972958153895,61.652875839949644,%,2025,NISR LFS 2025 annual (standard errors annex),Annex EPR,observed
Bugesera,East,lfs_labour_underutilisation,Labour underutilisation rate (%),46.6615,1.62886282312875,43.46576455417396,49.85720395244347,%,2025,NISR LFS 2025 annual (standard errors annex),Annex LUUR,observed
Bugesera,East,lfs_median_monthly_earnings,Median monthly earnings at main job,43333.332,,,,RWF,2025,NISR LFS 2025 annual tables,Tables 21-25,observed
Bugesera,East,lfs_neet_youth,"Youth (16-30) not in employment, education or training (%)",21.9751,1.321952868780258,19.381563093221395,24.56872896637222,%,2025,NISR LFS 2025 annual (standard errors annex),Annex NEET,observed
Bugesera,East,lfs_outside_labour_force,Population outside the labour force (%),32.6474,1.7471986750858723,29.219472659093395,36.07524607965569,%,2025,NISR LFS 2025 annual (standard errors annex),Annex POLR,observed
Bugesera,East,lfs_participation_rate,Labour force participation rate (%),67.3526,1.7471986750858721,63.92475392034431,70.7805273409066,%,2025,NISR LFS 2025 annual (standard errors annex),Annex LFPR,observed
Bugesera,East,lfs_unemployment_rate,Unemployment rate (%),13.3034,1.0000903262593666,11.341326976284645,15.265547372453074,%,2025,NISR LFS 2025 annual (standard errors annex),Annex UR,observed
Bugesera,East,proj_adults_16plus_2024,Projected adults aged 16+ (2024),350313.0,,,,persons,2024,NISR subnational population projections 2023-2032,single-age tables,projection
Bugesera,East,proj_adults_16plus_2026,Projected adults aged 16+ (2026),385957.0,,,,persons,2026,NISR subnational population projections 2023-2032,single-age tables,projection
Bugesera,East,proj_women_16plus_2024,Projected women aged 16+ (2024),179424.0,,,,persons,2024,NISR subnational population projections 2023-2032,single-age tables,projection
Bugesera,East,proj_women_16plus_2026,Projected women aged 16+ (2026),196985.0,,,,persons,2026,NISR subnational population projections 2023-2032,single-age tables,projection
Bugesera,East,proj_youth_16_30_2024,Projected youth aged 16-30 (2024),158282.0,,,,persons,2024,NISR subnational population projections 2023-2032,single-age tables,projection
Bugesera,East,proj_youth_16_30_2026,Projected youth aged 16-30 (2026),175065.0,,,,persons,2026,NISR subnational population projections 2023-2032,single-age tables,projection
Bugesera,East,rssb_active_members,RSSB active (contributing) members,9662.0,,,,persons,2023/24,NISR Statistical Yearbook 2025 (RSSB data),Table 12.2.3,observed
