district,province,indicator,year,value
Nyarugenge,Kigali City,Working age population(16+ years),2017,262994.087
Nyarugenge,Kigali City,Working age population(16+ years),2018,260000.141
Nyarugenge,Kigali City,Working age population(16+ years),2019,272092.526
Nyarugenge,Kigali City,Working age population(16+ years),2020,265788.791
Nyarugenge,Kigali City,Working age population(16+ years),2021,271099.843
Nyarugenge,Kigali City,Working age population(16+ years),2022,295789.889
Nyarugenge,Kigali City,Working age population(16+ years),2023,278234.913
Nyarugenge,Kigali City,Working age population(16+ years),2024,286149.169
Nyarugenge,Kigali City,Working age population(16+ years),2025,297069.829
Nyarugenge,Kigali City,Labour force,2017,174602.06
Nyarugenge,Kigali City,Labour force,2018,172504.671
Nyarugenge,Kigali City,Labour force,2019,180809.784
Nyarugenge,Kigali City,Labour force,2020,178476.19
Nyarugenge,Kigali City,Labour force,2021,174541.482
Nyarugenge,Kigali City,Labour force,2022,195919.463
Nyarugenge,Kigali City,Labour force,2023,189877.358
Nyarugenge,Kigali City,Labour force,2024,210862.429
Nyarugenge,Kigali City,Labour force,2025,222858.984
Nyarugenge,Kigali City,Employed,2017,135106.615
Nyarugenge,Kigali City,Employed,2018,135699.727
Nyarugenge,Kigali City,Employed,2019,150499.094
Nyarugenge,Kigali City,Employed,2020,145683.143
Nyarugenge,Kigali City,Employed,2021,130087.827
Nyarugenge,Kigali City,Employed,2022,155687.037
Nyarugenge,Kigali City,Employed,2023,158403.055
Nyarugenge,Kigali City,Employed,2024,182474.104
Nyarugenge,Kigali City,Employed,2025,195198.283
Nyarugenge,Kigali City,Unemployed,2017,39495.445
Nyarugenge,Kigali City,Unemployed,2018,36804.944
Nyarugenge,Kigali City,Unemployed,2019,30310.69
Nyarugenge,Kigali City,Unemployed,2020,32793.047
Nyarugenge,Kigali City,Unemployed,2021,44453.654
Nyarugenge,Kigali City,Unemployed,2022,40232.427
Nyarugenge,Kigali City,Unemployed,2023,31474.304
Nyarugenge,Kigali City,Unemployed,2024,28388.325
Nyarugenge,Kigali City,Unemployed,2025,27660.701
Nyarugenge,Kigali City,out of labour force,2017,88392.027
Nyarugenge,Kigali City,out of labour force,2018,87495.47
Nyarugenge,Kigali City,out of labour force,2019,91282.742
Nyarugenge,Kigali City,out of labour force,2020,87312.601
Nyarugenge,Kigali City,out of labour force,2021,96558.362
Nyarugenge,Kigali City,out of labour force,2022,99870.425
Nyarugenge,Kigali City,out of labour force,2023,88357.554
Nyarugenge,Kigali City,out of labour force,2024,75286.74
Nyarugenge,Kigali City,out of labour force,2025,74210.845
Nyarugenge,Kigali City,Time related underemployed,2017,21390.831
Nyarugenge,Kigali City,Time related underemployed,2018,23205.057
Nyarugenge,Kigali City,Time related underemployed,2019,21609.746
Nyarugenge,Kigali City,Time related underemployed,2021,22625.999
Nyarugenge,Kigali City,Time related underemployed,2022,26765.853
Nyarugenge,Kigali City,Time related underemployed,2023,33376.955
Nyarugenge,Kigali City,Time related underemployed,2024,25720.367
Nyarugenge,Kigali City,Time related underemployed,2025,33057.208
Nyarugenge,Kigali City,Potential labour force,2017,38985.418
Nyarugenge,Kigali City,Potential labour force,2018,38565.389
Nyarugenge,Kigali City,Potential labour force,2019,44484.701
Nyarugenge,Kigali City,Potential labour force,2021,40160.51
Nyarugenge,Kigali City,Potential labour force,2022,37075.883
Nyarugenge,Kigali City,Potential labour force,2023,31595.143
Nyarugenge,Kigali City,Potential labour force,2024,32731.192
Nyarugenge,Kigali City,Potential labour force,2025,36805.827
Nyarugenge,Kigali City,Labour underutilization,2017,99871.694
Nyarugenge,Kigali City,Labour underutilization,2018,98575.39
Nyarugenge,Kigali City,Labour underutilization,2019,96405.137
Nyarugenge,Kigali City,Labour underutilization,2021,107240.163
Nyarugenge,Kigali City,Labour underutilization,2022,104074.163
Nyarugenge,Kigali City,Labour underutilization,2023,96446.402
Nyarugenge,Kigali City,Labour underutilization,2024,86839.883
Nyarugenge,Kigali City,Labour underutilization,2025,97523.736
Nyarugenge,Kigali City,Labour force participation rate(%),2017,66.39
Nyarugenge,Kigali City,Labour force participation rate(%),2018,66.348
Nyarugenge,Kigali City,Labour force participation rate(%),2019,66.452
Nyarugenge,Kigali City,Labour force participation rate(%),2020,67.15
Nyarugenge,Kigali City,Labour force participation rate(%),2021,64.383
Nyarugenge,Kigali City,Labour force participation rate(%),2022,66.236
Nyarugenge,Kigali City,Labour force participation rate(%),2023,68.244
Nyarugenge,Kigali City,Labour force participation rate(%),2024,73.69
Nyarugenge,Kigali City,Labour force participation rate(%),2025,75.019
Nyarugenge,Kigali City,Employment-to-population ratio(%),2017,51.372
Nyarugenge,Kigali City,Employment-to-population ratio(%),2018,52.192
Nyarugenge,Kigali City,Employment-to-population ratio(%),2019,55.312
Nyarugenge,Kigali City,Employment-to-population ratio(%),2020,54.812
Nyarugenge,Kigali City,Employment-to-population ratio(%),2021,47.985
Nyarugenge,Kigali City,Employment-to-population ratio(%),2022,52.634
Nyarugenge,Kigali City,Employment-to-population ratio(%),2023,56.931
Nyarugenge,Kigali City,Employment-to-population ratio(%),2024,63.769
Nyarugenge,Kigali City,Employment-to-population ratio(%),2025,65.708
Nyarugenge,Kigali City,Rate of population outside labour force(%),2017,33.61
Nyarugenge,Kigali City,Rate of population outside labour force(%),2018,33.652
Nyarugenge,Kigali City,Rate of population outside labour force(%),2019,33.548
Nyarugenge,Kigali City,Rate of population outside labour force(%),2020,32.85
Nyarugenge,Kigali City,Rate of population outside labour force(%),2021,35.617
Nyarugenge,Kigali City,Rate of population outside labour force(%),2022,33.764
Nyarugenge,Kigali City,Rate of population outside labour force(%),2023,31.756
Nyarugenge,Kigali City,Rate of population outside labour force(%),2024,26.31
Nyarugenge,Kigali City,Rate of population outside labour force(%),2025,24.981
Nyarugenge,Kigali City,Time related underemployment rate(%),2017,15.833
Nyarugenge,Kigali City,Time related underemployment rate(%),2018,17.1
Nyarugenge,Kigali City,Time related underemployment rate(%),2019,14.359
Nyarugenge,Kigali City,Time related underemployment rate(%),2021,17.393
Nyarugenge,Kigali City,Time related underemployment rate(%),2022,17.192
Nyarugenge,Kigali City,Time related underemployment rate(%),2023,21.071
Nyarugenge,Kigali City,Time related underemployment rate(%),2024,14.095
Nyarugenge,Kigali City,Time related underemployment rate(%),2025,16.935
Nyarugenge,Kigali City,LU1-Unemployment rate (%),2024,13.463
Nyarugenge,Kigali City,LU1-Unemployment rate (%),2025,12.412
Nyarugenge,Kigali City,LU2-Combined rate of unemployment and time-related underemployment(%),2017,34.871
Nyarugenge,Kigali City,LU2-Combined rate of unemployment and time-related underemployment(%),2018,34.787
Nyarugenge,Kigali City,LU2-Combined rate of unemployment and time-related underemployment(%),2019,28.716
Nyarugenge,Kigali City,LU2-Combined rate of unemployment and time-related underemployment(%),2021,38.432
Nyarugenge,Kigali City,LU2-Combined rate of unemployment and time-related underemployment(%),2022,34.197
Nyarugenge,Kigali City,LU2-Combined rate of unemployment and time-related underemployment(%),2023,34.154
Nyarugenge,Kigali City,LU2-Combined rate of unemployment and time-related underemployment(%),2024,25.661
Nyarugenge,Kigali City,LU2-Combined rate of unemployment and time-related underemployment(%),2025,27.245
Nyarugenge,Kigali City,LU3-Combined rate of unemployment and potential labour force(%),2017,36.744
Nyarugenge,Kigali City,LU3-Combined rate of unemployment and potential labour force(%),2018,35.709
Nyarugenge,Kigali City,LU3-Combined rate of unemployment and potential labour force(%),2019,33.199
Nyarugenge,Kigali City,LU3-Combined rate of unemployment and potential labour force(%),2021,39.41
Nyarugenge,Kigali City,LU3-Combined rate of unemployment and potential labour force(%),2022,33.18
Nyarugenge,Kigali City,LU3-Combined rate of unemployment and potential labour force(%),2023,28.477
Nyarugenge,Kigali City,LU3-Combined rate of unemployment and potential labour force(%),2024,25.091
Nyarugenge,Kigali City,LU3-Combined rate of unemployment and potential labour force(%),2025,24.827
Nyarugenge,Kigali City,LU4 - Composite measure of labour underutilization(%),2017,46.759
Nyarugenge,Kigali City,LU4 - Composite measure of labour underutilization(%),2018,46.703
Nyarugenge,Kigali City,LU4 - Composite measure of labour underutilization(%),2019,42.791
Nyarugenge,Kigali City,LU4 - Composite measure of labour underutilization(%),2021,49.948
Nyarugenge,Kigali City,LU4 - Composite measure of labour underutilization(%),2022,44.668
Nyarugenge,Kigali City,LU4 - Composite measure of labour underutilization(%),2023,43.548
Nyarugenge,Kigali City,LU4 - Composite measure of labour underutilization(%),2024,35.649
Nyarugenge,Kigali City,LU4 - Composite measure of labour underutilization(%),2025,37.558
Nyarugenge,Kigali City,NEET rate-Youth not in employment nor currently in education or training(%),2017,29.914
Nyarugenge,Kigali City,NEET rate-Youth not in employment nor currently in education or training(%),2018,29.271
Nyarugenge,Kigali City,NEET rate-Youth not in employment nor currently in education or training(%),2019,27.355
Nyarugenge,Kigali City,NEET rate-Youth not in employment nor currently in education or training(%),2021,31.191
Nyarugenge,Kigali City,NEET rate-Youth not in employment nor currently in education or training(%),2022,29.458
Nyarugenge,Kigali City,NEET rate-Youth not in employment nor currently in education or training(%),2023,26.581
Nyarugenge,Kigali City,NEET rate-Youth not in employment nor currently in education or training(%),2024,22.696
Nyarugenge,Kigali City,NEET rate-Youth not in employment nor currently in education or training(%),2025,19.415
Nyarugenge,Kigali City,Median monthly earnings at main job,2017,50000.0
Nyarugenge,Kigali City,Median monthly earnings at main job,2018,50000.0
Nyarugenge,Kigali City,Median monthly earnings at main job,2019,52000.0
Nyarugenge,Kigali City,Median monthly earnings at main job,2021,60000.0
Nyarugenge,Kigali City,Median monthly earnings at main job,2022,66667.0
Nyarugenge,Kigali City,Median monthly earnings at main job,2023,78000.0
Nyarugenge,Kigali City,Median monthly earnings at main job,2024,78000.0
Nyarugenge,Kigali City,Median monthly earnings at main job,2025,80000.0
Gasabo,Kigali City,Working age population(16+ years),2017,516221.205
Gasabo,Kigali City,Working age population(16+ years),2018,527551.58
Gasabo,Kigali City,Working age population(16+ years),2019,557933.105
Gasabo,Kigali City,Working age population(16+ years),2020,577917.559
Gasabo,Kigali City,Working age population(16+ years),2021,548599.739
Gasabo,Kigali City,Working age population(16+ years),2022,555613.282
Gasabo,Kigali City,Working age population(16+ years),2023,595759.527
Gasabo,Kigali City,Working age population(16+ years),2024,608934.499
Gasabo,Kigali City,Working age population(16+ years),2025,664027.768
Gasabo,Kigali City,Labour force,2017,336941.963
Gasabo,Kigali City,Labour force,2018,347180.595
Gasabo,Kigali City,Labour force,2019,372720.968
Gasabo,Kigali City,Labour force,2020,382406.492
Gasabo,Kigali City,Labour force,2021,345049.298
Gasabo,Kigali City,Labour force,2022,371225.877
Gasabo,Kigali City,Labour force,2023,418158.168
Gasabo,Kigali City,Labour force,2024,450197.765
Gasabo,Kigali City,Labour force,2025,476640.067
Gasabo,Kigali City,Employed,2017,271062.306
Gasabo,Kigali City,Employed,2018,282819.973
Gasabo,Kigali City,Employed,2019,305811.345
Gasabo,Kigali City,Employed,2020,311978.91
Gasabo,Kigali City,Employed,2021,269102.108
Gasabo,Kigali City,Employed,2022,292463.781
Gasabo,Kigali City,Employed,2023,343158.83
Gasabo,Kigali City,Employed,2024,384479.212
Gasabo,Kigali City,Employed,2025,423379.42
Gasabo,Kigali City,Unemployed,2017,65879.657
Gasabo,Kigali City,Unemployed,2018,64360.622
Gasabo,Kigali City,Unemployed,2019,66909.623
Gasabo,Kigali City,Unemployed,2020,70427.582
Gasabo,Kigali City,Unemployed,2021,75947.19
Gasabo,Kigali City,Unemployed,2022,78762.096
Gasabo,Kigali City,Unemployed,2023,74999.338
Gasabo,Kigali City,Unemployed,2024,65718.553
Gasabo,Kigali City,Unemployed,2025,53260.647
Gasabo,Kigali City,out of labour force,2017,179279.242
Gasabo,Kigali City,out of labour force,2018,180370.985
Gasabo,Kigali City,out of labour force,2019,185212.137
Gasabo,Kigali City,out of labour force,2020,195511.067
Gasabo,Kigali City,out of labour force,2021,203550.441
Gasabo,Kigali City,out of labour force,2022,184387.405
Gasabo,Kigali City,out of labour force,2023,177601.359
Gasabo,Kigali City,out of labour force,2024,158736.734
Gasabo,Kigali City,out of labour force,2025,187387.701
Gasabo,Kigali City,Time related underemployed,2017,50401.645
Gasabo,Kigali City,Time related underemployed,2018,46174.965
Gasabo,Kigali City,Time related underemployed,2019,46588.156
Gasabo,Kigali City,Time related underemployed,2021,56955.793
Gasabo,Kigali City,Time related underemployed,2022,54802.182
Gasabo,Kigali City,Time related underemployed,2023,54456.224
Gasabo,Kigali City,Time related underemployed,2024,73785.431
Gasabo,Kigali City,Time related underemployed,2025,94856.782
Gasabo,Kigali City,Potential labour force,2017,81791.993
Gasabo,Kigali City,Potential labour force,2018,67940.218
Gasabo,Kigali City,Potential labour force,2019,73423.66
Gasabo,Kigali City,Potential labour force,2021,88856.038
Gasabo,Kigali City,Potential labour force,2022,63668.534
Gasabo,Kigali City,Potential labour force,2023,68047.323
Gasabo,Kigali City,Potential labour force,2024,72548.166
Gasabo,Kigali City,Potential labour force,2025,90800.257
Gasabo,Kigali City,Labour underutilization,2017,198073.296
Gasabo,Kigali City,Labour underutilization,2018,178475.805
Gasabo,Kigali City,Labour underutilization,2019,186921.438
Gasabo,Kigali City,Labour underutilization,2021,221759.021
Gasabo,Kigali City,Labour underutilization,2022,197232.811
Gasabo,Kigali City,Labour underutilization,2023,197502.885
Gasabo,Kigali City,Labour underutilization,2024,212052.149
Gasabo,Kigali City,Labour underutilization,2025,238917.686
Gasabo,Kigali City,Labour force participation rate(%),2017,65.271
Gasabo,Kigali City,Labour force participation rate(%),2018,65.81
Gasabo,Kigali City,Labour force participation rate(%),2019,66.804
Gasabo,Kigali City,Labour force participation rate(%),2020,66.17
Gasabo,Kigali City,Labour force participation rate(%),2021,62.896
Gasabo,Kigali City,Labour force participation rate(%),2022,66.814
Gasabo,Kigali City,Labour force participation rate(%),2023,70.189
Gasabo,Kigali City,Labour force participation rate(%),2024,73.932
Gasabo,Kigali City,Labour force participation rate(%),2025,71.78
Gasabo,Kigali City,Employment-to-population ratio(%),2017,52.509
Gasabo,Kigali City,Employment-to-population ratio(%),2018,53.61
Gasabo,Kigali City,Employment-to-population ratio(%),2019,54.811
Gasabo,Kigali City,Employment-to-population ratio(%),2020,53.983
Gasabo,Kigali City,Employment-to-population ratio(%),2021,49.053
Gasabo,Kigali City,Employment-to-population ratio(%),2022,52.638
Gasabo,Kigali City,Employment-to-population ratio(%),2023,57.6
Gasabo,Kigali City,Employment-to-population ratio(%),2024,63.14
Gasabo,Kigali City,Employment-to-population ratio(%),2025,63.759
Gasabo,Kigali City,Rate of population outside labour force(%),2017,34.729
Gasabo,Kigali City,Rate of population outside labour force(%),2018,34.19
Gasabo,Kigali City,Rate of population outside labour force(%),2019,33.196
Gasabo,Kigali City,Rate of population outside labour force(%),2020,33.83
Gasabo,Kigali City,Rate of population outside labour force(%),2021,37.104
Gasabo,Kigali City,Rate of population outside labour force(%),2022,33.186
Gasabo,Kigali City,Rate of population outside labour force(%),2023,29.811
Gasabo,Kigali City,Rate of population outside labour force(%),2024,26.068
Gasabo,Kigali City,Rate of population outside labour force(%),2025,28.22
Gasabo,Kigali City,Time related underemployment rate(%),2017,18.594
Gasabo,Kigali City,Time related underemployment rate(%),2018,16.327
Gasabo,Kigali City,Time related underemployment rate(%),2019,15.234
Gasabo,Kigali City,Time related underemployment rate(%),2021,21.165
Gasabo,Kigali City,Time related underemployment rate(%),2022,18.738
Gasabo,Kigali City,Time related underemployment rate(%),2023,15.869
Gasabo,Kigali City,Time related underemployment rate(%),2024,19.191
Gasabo,Kigali City,Time related underemployment rate(%),2025,22.405
Gasabo,Kigali City,LU1-Unemployment rate (%),2024,14.598
Gasabo,Kigali City,LU1-Unemployment rate (%),2025,11.174
Gasabo,Kigali City,LU2-Combined rate of unemployment and time-related underemployment(%),2017,34.511
Gasabo,Kigali City,LU2-Combined rate of unemployment and time-related underemployment(%),2018,31.838
Gasabo,Kigali City,LU2-Combined rate of unemployment and time-related underemployment(%),2019,30.451
Gasabo,Kigali City,LU2-Combined rate of unemployment and time-related underemployment(%),2021,38.517
Gasabo,Kigali City,LU2-Combined rate of unemployment and time-related underemployment(%),2022,35.979
Gasabo,Kigali City,LU2-Combined rate of unemployment and time-related underemployment(%),2023,30.959
Gasabo,Kigali City,LU2-Combined rate of unemployment and time-related underemployment(%),2024,30.987
Gasabo,Kigali City,LU2-Combined rate of unemployment and time-related underemployment(%),2025,31.075
Gasabo,Kigali City,LU3-Combined rate of unemployment and potential labour force(%),2017,35.266
Gasabo,Kigali City,LU3-Combined rate of unemployment and potential labour force(%),2018,31.87
Gasabo,Kigali City,LU3-Combined rate of unemployment and potential labour force(%),2019,31.455
Gasabo,Kigali City,LU3-Combined rate of unemployment and potential labour force(%),2021,37.981
Gasabo,Kigali City,LU3-Combined rate of unemployment and potential labour force(%),2022,32.751
Gasabo,Kigali City,LU3-Combined rate of unemployment and potential labour force(%),2023,29.421
Gasabo,Kigali City,LU3-Combined rate of unemployment and potential labour force(%),2024,26.45
Gasabo,Kigali City,LU3-Combined rate of unemployment and potential labour force(%),2025,25.388
Gasabo,Kigali City,LU4 - Composite measure of labour underutilization(%),2017,47.303
Gasabo,Kigali City,LU4 - Composite measure of labour underutilization(%),2018,42.994
Gasabo,Kigali City,LU4 - Composite measure of labour underutilization(%),2019,41.897
Gasabo,Kigali City,LU4 - Composite measure of labour underutilization(%),2021,51.108
Gasabo,Kigali City,LU4 - Composite measure of labour underutilization(%),2022,45.352
Gasabo,Kigali City,LU4 - Composite measure of labour underutilization(%),2023,40.621
Gasabo,Kigali City,LU4 - Composite measure of labour underutilization(%),2024,40.565
Gasabo,Kigali City,LU4 - Composite measure of labour underutilization(%),2025,42.104
Gasabo,Kigali City,NEET rate-Youth not in employment nor currently in education or training(%),2017,29.084
Gasabo,Kigali City,NEET rate-Youth not in employment nor currently in education or training(%),2018,27.106
Gasabo,Kigali City,NEET rate-Youth not in employment nor currently in education or training(%),2019,24.866
Gasabo,Kigali City,NEET rate-Youth not in employment nor currently in education or training(%),2021,33.729
Gasabo,Kigali City,NEET rate-Youth not in employment nor currently in education or training(%),2022,29.615
Gasabo,Kigali City,NEET rate-Youth not in employment nor currently in education or training(%),2023,26.424
Gasabo,Kigali City,NEET rate-Youth not in employment nor currently in education or training(%),2024,24.64
Gasabo,Kigali City,NEET rate-Youth not in employment nor currently in education or training(%),2025,21.262
Gasabo,Kigali City,Median monthly earnings at main job,2017,50000.0
Gasabo,Kigali City,Median monthly earnings at main job,2018,50000.0
Gasabo,Kigali City,Median monthly earnings at main job,2019,50000.0
Gasabo,Kigali City,Median monthly earnings at main job,2021,52000.0
Gasabo,Kigali City,Median monthly earnings at main job,2022,60000.0
Gasabo,Kigali City,Median monthly earnings at main job,2023,78000.0
Gasabo,Kigali City,Median monthly earnings at main job,2024,78000.0
Gasabo,Kigali City,Median monthly earnings at main job,2025,80000.0
Kicukiro,Kigali City,Working age population(16+ years),2017,348078.023
Kicukiro,Kigali City,Working age population(16+ years),2018,372168.792
Kicukiro,Kigali City,Working age population(16+ years),2019,429588.973
Kicukiro,Kigali City,Working age population(16+ years),2020,440139.102
Kicukiro,Kigali City,Working age population(16+ years),2021,373494.052
Kicukiro,Kigali City,Working age population(16+ years),2022,365378.069
Kicukiro,Kigali City,Working age population(16+ years),2023,372678.613
Kicukiro,Kigali City,Working age population(16+ years),2024,384913.133
Kicukiro,Kigali City,Working age population(16+ years),2025,398938.712
Kicukiro,Kigali City,Labour force,2017,233185.567
Kicukiro,Kigali City,Labour force,2018,263103.654
Kicukiro,Kigali City,Labour force,2019,301733.328
Kicukiro,Kigali City,Labour force,2020,302300.262
Kicukiro,Kigali City,Labour force,2021,235080.791
Kicukiro,Kigali City,Labour force,2022,251567.784
Kicukiro,Kigali City,Labour force,2023,263570.543
Kicukiro,Kigali City,Labour force,2024,283619.986
Kicukiro,Kigali City,Labour force,2025,305030.979
Kicukiro,Kigali City,Employed,2017,193053.547
Kicukiro,Kigali City,Employed,2018,217927.728
Kicukiro,Kigali City,Employed,2019,251642.284
Kicukiro,Kigali City,Employed,2020,233245.26
Kicukiro,Kigali City,Employed,2021,187939.148
Kicukiro,Kigali City,Employed,2022,199478.211
Kicukiro,Kigali City,Employed,2023,225333.389
Kicukiro,Kigali City,Employed,2024,241987.688
Kicukiro,Kigali City,Employed,2025,264772.984
Kicukiro,Kigali City,Unemployed,2017,40132.019
Kicukiro,Kigali City,Unemployed,2018,45175.926
Kicukiro,Kigali City,Unemployed,2019,50091.045
Kicukiro,Kigali City,Unemployed,2020,69055.002
Kicukiro,Kigali City,Unemployed,2021,47141.643
Kicukiro,Kigali City,Unemployed,2022,52089.573
Kicukiro,Kigali City,Unemployed,2023,38237.154
Kicukiro,Kigali City,Unemployed,2024,41632.298
Kicukiro,Kigali City,Unemployed,2025,40257.995
Kicukiro,Kigali City,out of labour force,2017,114892.456
Kicukiro,Kigali City,out of labour force,2018,109065.138
Kicukiro,Kigali City,out of labour force,2019,127855.645
Kicukiro,Kigali City,out of labour force,2020,137838.84
Kicukiro,Kigali City,out of labour force,2021,138413.261
Kicukiro,Kigali City,out of labour force,2022,113810.285
Kicukiro,Kigali City,out of labour force,2023,109108.071
Kicukiro,Kigali City,out of labour force,2024,101293.147
Kicukiro,Kigali City,out of labour force,2025,93907.733
Kicukiro,Kigali City,Time related underemployed,2017,25845.343
Kicukiro,Kigali City,Time related underemployed,2018,27727.851
Kicukiro,Kigali City,Time related underemployed,2019,30845.312
Kicukiro,Kigali City,Time related underemployed,2021,24315.387
Kicukiro,Kigali City,Time related underemployed,2022,31082.534
Kicukiro,Kigali City,Time related underemployed,2023,31057.648
Kicukiro,Kigali City,Time related underemployed,2024,51240.258
Kicukiro,Kigali City,Time related underemployed,2025,59486.056
Kicukiro,Kigali City,Potential labour force,2017,51594.466
Kicukiro,Kigali City,Potential labour force,2018,41511.558
Kicukiro,Kigali City,Potential labour force,2019,50803.17
Kicukiro,Kigali City,Potential labour force,2021,53406.553
Kicukiro,Kigali City,Potential labour force,2022,38835.443
Kicukiro,Kigali City,Potential labour force,2023,36225.479
Kicukiro,Kigali City,Potential labour force,2024,44334.155
Kicukiro,Kigali City,Potential labour force,2025,45047.082
Kicukiro,Kigali City,Labour underutilization,2017,117571.828
Kicukiro,Kigali City,Labour underutilization,2018,114415.335
Kicukiro,Kigali City,Labour underutilization,2019,131739.527
Kicukiro,Kigali City,Labour underutilization,2021,124863.584
Kicukiro,Kigali City,Labour underutilization,2022,122007.549
Kicukiro,Kigali City,Labour underutilization,2023,105520.281
Kicukiro,Kigali City,Labour underutilization,2024,137206.711
Kicukiro,Kigali City,Labour underutilization,2025,144791.134
Kicukiro,Kigali City,Labour force participation rate(%),2017,66.992
Kicukiro,Kigali City,Labour force participation rate(%),2018,70.695
Kicukiro,Kigali City,Labour force participation rate(%),2019,70.238
Kicukiro,Kigali City,Labour force participation rate(%),2020,68.683
Kicukiro,Kigali City,Labour force participation rate(%),2021,62.941
Kicukiro,Kigali City,Labour force participation rate(%),2022,68.851
Kicukiro,Kigali City,Labour force participation rate(%),2023,70.723
Kicukiro,Kigali City,Labour force participation rate(%),2024,73.684
Kicukiro,Kigali City,Labour force participation rate(%),2025,76.461
Kicukiro,Kigali City,Employment-to-population ratio(%),2017,55.463
Kicukiro,Kigali City,Employment-to-population ratio(%),2018,58.556
Kicukiro,Kigali City,Employment-to-population ratio(%),2019,58.577
Kicukiro,Kigali City,Employment-to-population ratio(%),2020,52.994
Kicukiro,Kigali City,Employment-to-population ratio(%),2021,50.319
Kicukiro,Kigali City,Employment-to-population ratio(%),2022,54.595
Kicukiro,Kigali City,Employment-to-population ratio(%),2023,60.463
Kicukiro,Kigali City,Employment-to-population ratio(%),2024,62.868
Kicukiro,Kigali City,Employment-to-population ratio(%),2025,66.369
Kicukiro,Kigali City,Rate of population outside labour force(%),2017,33.008
Kicukiro,Kigali City,Rate of population outside labour force(%),2018,29.305
Kicukiro,Kigali City,Rate of population outside labour force(%),2019,29.762
Kicukiro,Kigali City,Rate of population outside labour force(%),2020,31.317
Kicukiro,Kigali City,Rate of population outside labour force(%),2021,37.059
Kicukiro,Kigali City,Rate of population outside labour force(%),2022,31.149
Kicukiro,Kigali City,Rate of population outside labour force(%),2023,29.277
Kicukiro,Kigali City,Rate of population outside labour force(%),2024,26.316
Kicukiro,Kigali City,Rate of population outside labour force(%),2025,23.539
Kicukiro,Kigali City,Time related underemployment rate(%),2017,13.388
Kicukiro,Kigali City,Time related underemployment rate(%),2018,12.723
Kicukiro,Kigali City,Time related underemployment rate(%),2019,12.258
Kicukiro,Kigali City,Time related underemployment rate(%),2021,12.938
Kicukiro,Kigali City,Time related underemployment rate(%),2022,15.582
Kicukiro,Kigali City,Time related underemployment rate(%),2023,13.783
Kicukiro,Kigali City,Time related underemployment rate(%),2024,21.175
Kicukiro,Kigali City,Time related underemployment rate(%),2025,22.467
Kicukiro,Kigali City,LU1-Unemployment rate (%),2024,14.679
Kicukiro,Kigali City,LU1-Unemployment rate (%),2025,13.198
Kicukiro,Kigali City,LU2-Combined rate of unemployment and time-related underemployment(%),2017,28.294
Kicukiro,Kigali City,LU2-Combined rate of unemployment and time-related underemployment(%),2018,27.709
Kicukiro,Kigali City,LU2-Combined rate of unemployment and time-related underemployment(%),2019,26.824
Kicukiro,Kigali City,LU2-Combined rate of unemployment and time-related underemployment(%),2021,30.397
Kicukiro,Kigali City,LU2-Combined rate of unemployment and time-related underemployment(%),2022,33.062
Kicukiro,Kigali City,LU2-Combined rate of unemployment and time-related underemployment(%),2023,26.291
Kicukiro,Kigali City,LU2-Combined rate of unemployment and time-related underemployment(%),2024,32.745
Kicukiro,Kigali City,LU2-Combined rate of unemployment and time-related underemployment(%),2025,32.7
Kicukiro,Kigali City,LU3-Combined rate of unemployment and potential labour force(%),2017,32.21
Kicukiro,Kigali City,LU3-Combined rate of unemployment and potential labour force(%),2018,28.458
Kicukiro,Kigali City,LU3-Combined rate of unemployment and potential labour force(%),2019,28.62
Kicukiro,Kigali City,LU3-Combined rate of unemployment and potential labour force(%),2021,34.854
Kicukiro,Kigali City,LU3-Combined rate of unemployment and potential labour force(%),2022,31.31
Kicukiro,Kigali City,LU3-Combined rate of unemployment and potential labour force(%),2023,24.838
Kicukiro,Kigali City,LU3-Combined rate of unemployment and potential labour force(%),2024,26.213
Kicukiro,Kigali City,LU3-Combined rate of unemployment and potential labour force(%),2025,24.367
Kicukiro,Kigali City,LU4 - Composite measure of labour underutilization(%),2017,41.285
Kicukiro,Kigali City,LU4 - Composite measure of labour underutilization(%),2018,37.561
Kicukiro,Kigali City,LU4 - Composite measure of labour underutilization(%),2019,37.369
Kicukiro,Kigali City,LU4 - Composite measure of labour underutilization(%),2021,43.282
Kicukiro,Kigali City,LU4 - Composite measure of labour underutilization(%),2022,42.013
Kicukiro,Kigali City,LU4 - Composite measure of labour underutilization(%),2023,35.197
Kicukiro,Kigali City,LU4 - Composite measure of labour underutilization(%),2024,41.837
Kicukiro,Kigali City,LU4 - Composite measure of labour underutilization(%),2025,41.36
Kicukiro,Kigali City,NEET rate-Youth not in employment nor currently in education or training(%),2017,22.66
Kicukiro,Kigali City,NEET rate-Youth not in employment nor currently in education or training(%),2018,21.411
Kicukiro,Kigali City,NEET rate-Youth not in employment nor currently in education or training(%),2019,22.374
Kicukiro,Kigali City,NEET rate-Youth not in employment nor currently in education or training(%),2021,27.774
Kicukiro,Kigali City,NEET rate-Youth not in employment nor currently in education or training(%),2022,25.311
Kicukiro,Kigali City,NEET rate-Youth not in employment nor currently in education or training(%),2023,22.804
Kicukiro,Kigali City,NEET rate-Youth not in employment nor currently in education or training(%),2024,20.893
Kicukiro,Kigali City,NEET rate-Youth not in employment nor currently in education or training(%),2025,19.073
Kicukiro,Kigali City,Median monthly earnings at main job,2017,52000.0
Kicukiro,Kigali City,Median monthly earnings at main job,2018,52000.0
Kicukiro,Kigali City,Median monthly earnings at main job,2019,60000.0
Kicukiro,Kigali City,Median monthly earnings at main job,2021,65000.0
Kicukiro,Kigali City,Median monthly earnings at main job,2022,66667.0
Kicukiro,Kigali City,Median monthly earnings at main job,2023,78000.0
Kicukiro,Kigali City,Median monthly earnings at main job,2024,91000.0
Kicukiro,Kigali City,Median monthly earnings at main job,2025,100000.0
Nyanza,South,Working age population(16+ years),2017,190266.645
Nyanza,South,Working age population(16+ years),2018,191192.792
Nyanza,South,Working age population(16+ years),2019,203943.852
Nyanza,South,Working age population(16+ years),2020,195929.263
Nyanza,South,Working age population(16+ years),2021,193327.608
Nyanza,South,Working age population(16+ years),2022,231924.552
Nyanza,South,Working age population(16+ years),2023,212637.463
Nyanza,South,Working age population(16+ years),2024,216951.427
Nyanza,South,Working age population(16+ years),2025,230946.141
Nyanza,South,Labour force,2017,90791.033
Nyanza,South,Labour force,2018,86484.298
Nyanza,South,Labour force,2019,86733.339
Nyanza,South,Labour force,2020,94271.206
Nyanza,South,Labour force,2021,92310.847
Nyanza,South,Labour force,2022,114592.523
Nyanza,South,Labour force,2023,103630.649
Nyanza,South,Labour force,2024,114366.165
Nyanza,South,Labour force,2025,145559.121
Nyanza,South,Employed,2017,83022.032
Nyanza,South,Employed,2018,74745.048
Nyanza,South,Employed,2019,76224.378
Nyanza,South,Employed,2020,81922.224
Nyanza,South,Employed,2021,74286.532
Nyanza,South,Employed,2022,90186.826
Nyanza,South,Employed,2023,89143.084
Nyanza,South,Employed,2024,99839.876
Nyanza,South,Employed,2025,125914.666
Nyanza,South,Unemployed,2017,7769.001
Nyanza,South,Unemployed,2018,11739.25
Nyanza,South,Unemployed,2019,10508.962
Nyanza,South,Unemployed,2020,12348.982
Nyanza,South,Unemployed,2021,18024.316
Nyanza,South,Unemployed,2022,24405.697
Nyanza,South,Unemployed,2023,14487.565
Nyanza,South,Unemployed,2024,14526.289
Nyanza,South,Unemployed,2025,19644.456
Nyanza,South,out of labour force,2017,99475.613
Nyanza,South,out of labour force,2018,104708.494
Nyanza,South,out of labour force,2019,117210.512
Nyanza,South,out of labour force,2020,101658.056
Nyanza,South,out of labour force,2021,101016.761
Nyanza,South,out of labour force,2022,117332.028
Nyanza,South,out of labour force,2023,109006.814
Nyanza,South,out of labour force,2024,102585.262
Nyanza,South,out of labour force,2025,85387.02
Nyanza,South,Time related underemployed,2017,17323.891
Nyanza,South,Time related underemployed,2018,27546.061
Nyanza,South,Time related underemployed,2019,22502.601
Nyanza,South,Time related underemployed,2021,24603.154
Nyanza,South,Time related underemployed,2022,31340.348
Nyanza,South,Time related underemployed,2023,28437.134
Nyanza,South,Time related underemployed,2024,32694.037
Nyanza,South,Time related underemployed,2025,28838.826
Nyanza,South,Potential labour force,2017,55642.619
Nyanza,South,Potential labour force,2018,55698.953
Nyanza,South,Potential labour force,2019,66103.275
Nyanza,South,Potential labour force,2021,39236.171
Nyanza,South,Potential labour force,2022,44851.865
Nyanza,South,Potential labour force,2023,42091.2
Nyanza,South,Potential labour force,2024,46222.262
Nyanza,South,Potential labour force,2025,44003.366
Nyanza,South,Labour underutilization,2017,80735.51
Nyanza,South,Labour underutilization,2018,94984.265
Nyanza,South,Labour underutilization,2019,99114.838
Nyanza,South,Labour underutilization,2021,81863.64
Nyanza,South,Labour underutilization,2022,100597.91
Nyanza,South,Labour underutilization,2023,85015.898
Nyanza,South,Labour underutilization,2024,93442.588
Nyanza,South,Labour underutilization,2025,92486.647
Nyanza,South,Labour force participation rate(%),2017,47.718
Nyanza,South,Labour force participation rate(%),2018,45.234
Nyanza,South,Labour force participation rate(%),2019,42.528
Nyanza,South,Labour force participation rate(%),2020,48.115
Nyanza,South,Labour force participation rate(%),2021,47.748
Nyanza,South,Labour force participation rate(%),2022,49.409
Nyanza,South,Labour force participation rate(%),2023,48.736
Nyanza,South,Labour force participation rate(%),2024,52.715
Nyanza,South,Labour force participation rate(%),2025,63.027
Nyanza,South,Employment-to-population ratio(%),2017,43.635
Nyanza,South,Employment-to-population ratio(%),2018,39.094
Nyanza,South,Employment-to-population ratio(%),2019,37.375
Nyanza,South,Employment-to-population ratio(%),2020,41.812
Nyanza,South,Employment-to-population ratio(%),2021,38.425
Nyanza,South,Employment-to-population ratio(%),2022,38.886
Nyanza,South,Employment-to-population ratio(%),2023,41.923
Nyanza,South,Employment-to-population ratio(%),2024,46.019
Nyanza,South,Employment-to-population ratio(%),2025,54.521
Nyanza,South,Rate of population outside labour force(%),2017,52.282
Nyanza,South,Rate of population outside labour force(%),2018,54.766
Nyanza,South,Rate of population outside labour force(%),2019,57.472
Nyanza,South,Rate of population outside labour force(%),2020,51.885
Nyanza,South,Rate of population outside labour force(%),2021,52.252
Nyanza,South,Rate of population outside labour force(%),2022,50.591
Nyanza,South,Rate of population outside labour force(%),2023,51.264
Nyanza,South,Rate of population outside labour force(%),2024,47.285
Nyanza,South,Rate of population outside labour force(%),2025,36.973
Nyanza,South,Time related underemployment rate(%),2017,20.867
Nyanza,South,Time related underemployment rate(%),2018,36.853
Nyanza,South,Time related underemployment rate(%),2019,29.522
Nyanza,South,Time related underemployment rate(%),2021,33.119
Nyanza,South,Time related underemployment rate(%),2022,34.75
Nyanza,South,Time related underemployment rate(%),2023,31.901
Nyanza,South,Time related underemployment rate(%),2024,32.746
Nyanza,South,Time related underemployment rate(%),2025,22.903
Nyanza,South,LU1-Unemployment rate (%),2024,12.702
Nyanza,South,LU1-Unemployment rate (%),2025,13.496
Nyanza,South,LU2-Combined rate of unemployment and time-related underemployment(%),2017,27.638
Nyanza,South,LU2-Combined rate of unemployment and time-related underemployment(%),2018,45.425
Nyanza,South,LU2-Combined rate of unemployment and time-related underemployment(%),2019,38.061
Nyanza,South,LU2-Combined rate of unemployment and time-related underemployment(%),2021,46.178
Nyanza,South,LU2-Combined rate of unemployment and time-related underemployment(%),2022,48.647
Nyanza,South,LU2-Combined rate of unemployment and time-related underemployment(%),2023,41.421
Nyanza,South,LU2-Combined rate of unemployment and time-related underemployment(%),2024,41.289
Nyanza,South,LU2-Combined rate of unemployment and time-related underemployment(%),2025,33.308
Nyanza,South,LU3-Combined rate of unemployment and potential labour force(%),2017,43.304
Nyanza,South,LU3-Combined rate of unemployment and potential labour force(%),2018,47.43
Nyanza,South,LU3-Combined rate of unemployment and potential labour force(%),2019,50.127
Nyanza,South,LU3-Combined rate of unemployment and potential labour force(%),2021,43.529
Nyanza,South,LU3-Combined rate of unemployment and potential labour force(%),2022,43.437
Nyanza,South,LU3-Combined rate of unemployment and potential labour force(%),2023,38.827
Nyanza,South,LU3-Combined rate of unemployment and potential labour force(%),2024,37.829
Nyanza,South,LU3-Combined rate of unemployment and potential labour force(%),2025,33.576
Nyanza,South,LU4 - Composite measure of labour underutilization(%),2017,55.135
Nyanza,South,LU4 - Composite measure of labour underutilization(%),2018,66.804
Nyanza,South,LU4 - Composite measure of labour underutilization(%),2019,64.85
Nyanza,South,LU4 - Composite measure of labour underutilization(%),2021,62.231
Nyanza,South,LU4 - Composite measure of labour underutilization(%),2022,63.093
Nyanza,South,LU4 - Composite measure of labour underutilization(%),2023,58.341
Nyanza,South,LU4 - Composite measure of labour underutilization(%),2024,58.188
Nyanza,South,LU4 - Composite measure of labour underutilization(%),2025,48.79
Nyanza,South,NEET rate-Youth not in employment nor currently in education or training(%),2017,32.638
Nyanza,South,NEET rate-Youth not in employment nor currently in education or training(%),2018,37.033
Nyanza,South,NEET rate-Youth not in employment nor currently in education or training(%),2019,39.554
Nyanza,South,NEET rate-Youth not in employment nor currently in education or training(%),2021,36.93
Nyanza,South,NEET rate-Youth not in employment nor currently in education or training(%),2022,33.287
Nyanza,South,NEET rate-Youth not in employment nor currently in education or training(%),2023,40.678
Nyanza,South,NEET rate-Youth not in employment nor currently in education or training(%),2024,34.192
Nyanza,South,NEET rate-Youth not in employment nor currently in education or training(%),2025,26.435
Nyanza,South,Median monthly earnings at main job,2017,19500.0
Nyanza,South,Median monthly earnings at main job,2018,20800.0
Nyanza,South,Median monthly earnings at main job,2019,20800.0
Nyanza,South,Median monthly earnings at main job,2021,20800.0
Nyanza,South,Median monthly earnings at main job,2022,20800.0
Nyanza,South,Median monthly earnings at main job,2023,26000.0
Nyanza,South,Median monthly earnings at main job,2024,26000.0
Nyanza,South,Median monthly earnings at main job,2025,26000.0
Gisagara,South,Working age population(16+ years),2017,179616.725
Gisagara,South,Working age population(16+ years),2018,175923.01
Gisagara,South,Working age population(16+ years),2019,196382.474
Gisagara,South,Working age population(16+ years),2020,180791.203
Gisagara,South,Working age population(16+ years),2021,248824.152
Gisagara,South,Working age population(16+ years),2022,217826.052
Gisagara,South,Working age population(16+ years),2023,238619.141
Gisagara,South,Working age population(16+ years),2024,237754.011
Gisagara,South,Working age population(16+ years),2025,249380.461
Gisagara,South,Labour force,2017,95364.992
Gisagara,South,Labour force,2018,86967.876
Gisagara,South,Labour force,2019,107019.593
Gisagara,South,Labour force,2020,112118.443
Gisagara,South,Labour force,2021,128428.224
Gisagara,South,Labour force,2022,117671.971
Gisagara,South,Labour force,2023,136419.656
Gisagara,South,Labour force,2024,129198.22
Gisagara,South,Labour force,2025,146516.324
Gisagara,South,Employed,2017,87469.697
Gisagara,South,Employed,2018,78192.728
Gisagara,South,Employed,2019,93592.717
Gisagara,South,Employed,2020,86641.872
Gisagara,South,Employed,2021,90278.802
Gisagara,South,Employed,2022,93129.622
Gisagara,South,Employed,2023,107818.492
Gisagara,South,Employed,2024,108960.334
Gisagara,South,Employed,2025,128467.195
Gisagara,South,Unemployed,2017,7895.294
Gisagara,South,Unemployed,2018,8775.148
Gisagara,South,Unemployed,2019,13426.876
Gisagara,South,Unemployed,2020,25476.572
Gisagara,South,Unemployed,2021,38149.423
Gisagara,South,Unemployed,2022,24542.349
Gisagara,South,Unemployed,2023,28601.164
Gisagara,South,Unemployed,2024,20237.886
Gisagara,South,Unemployed,2025,18049.13
Gisagara,South,out of labour force,2017,84251.733
Gisagara,South,out of labour force,2018,88955.133
Gisagara,South,out of labour force,2019,89362.881
Gisagara,South,out of labour force,2020,68672.759
Gisagara,South,out of labour force,2021,120395.928
Gisagara,South,out of labour force,2022,100154.081
Gisagara,South,out of labour force,2023,102199.485
Gisagara,South,out of labour force,2024,108555.791
Gisagara,South,out of labour force,2025,102864.137
Gisagara,South,Time related underemployed,2017,17348.361
Gisagara,South,Time related underemployed,2018,18881.798
Gisagara,South,Time related underemployed,2019,26126.403
Gisagara,South,Time related underemployed,2021,35016.021
Gisagara,South,Time related underemployed,2022,34602.853
Gisagara,South,Time related underemployed,2023,47277.771
Gisagara,South,Time related underemployed,2024,40495.555
Gisagara,South,Time related underemployed,2025,59071.703
Gisagara,South,Potential labour force,2017,41235.144
Gisagara,South,Potential labour force,2018,39353.235
Gisagara,South,Potential labour force,2019,43773.932
Gisagara,South,Potential labour force,2021,37250.754
Gisagara,South,Potential labour force,2022,28591.809
Gisagara,South,Potential labour force,2023,46832.058
Gisagara,South,Potential labour force,2024,52420.966
Gisagara,South,Potential labour force,2025,51327.128
Gisagara,South,Labour underutilization,2017,66478.799
Gisagara,South,Labour underutilization,2018,67010.181
Gisagara,South,Labour underutilization,2019,83327.21
Gisagara,South,Labour underutilization,2021,110416.198
Gisagara,South,Labour underutilization,2022,87737.012
Gisagara,South,Labour underutilization,2023,122710.992
Gisagara,South,Labour underutilization,2024,113154.407
Gisagara,South,Labour underutilization,2025,128447.961
Gisagara,South,Labour force participation rate(%),2017,53.094
Gisagara,South,Labour force participation rate(%),2018,49.435
Gisagara,South,Labour force participation rate(%),2019,54.495
Gisagara,South,Labour force participation rate(%),2020,62.015
Gisagara,South,Labour force participation rate(%),2021,51.614
Gisagara,South,Labour force participation rate(%),2022,54.021
Gisagara,South,Labour force participation rate(%),2023,57.17
Gisagara,South,Labour force participation rate(%),2024,54.341
Gisagara,South,Labour force participation rate(%),2025,58.752
Gisagara,South,Employment-to-population ratio(%),2017,48.698
Gisagara,South,Employment-to-population ratio(%),2018,44.447
Gisagara,South,Employment-to-population ratio(%),2019,47.658
Gisagara,South,Employment-to-population ratio(%),2020,47.924
Gisagara,South,Employment-to-population ratio(%),2021,36.282
Gisagara,South,Employment-to-population ratio(%),2022,42.754
Gisagara,South,Employment-to-population ratio(%),2023,45.184
Gisagara,South,Employment-to-population ratio(%),2024,45.829
Gisagara,South,Employment-to-population ratio(%),2025,51.515
Gisagara,South,Rate of population outside labour force(%),2017,46.906
Gisagara,South,Rate of population outside labour force(%),2018,50.565
Gisagara,South,Rate of population outside labour force(%),2019,45.505
Gisagara,South,Rate of population outside labour force(%),2020,37.985
Gisagara,South,Rate of population outside labour force(%),2021,48.386
Gisagara,South,Rate of population outside labour force(%),2022,45.979
Gisagara,South,Rate of population outside labour force(%),2023,42.83
Gisagara,South,Rate of population outside labour force(%),2024,45.659
Gisagara,South,Rate of population outside labour force(%),2025,41.248
Gisagara,South,Time related underemployment rate(%),2017,19.834
Gisagara,South,Time related underemployment rate(%),2018,24.148
Gisagara,South,Time related underemployment rate(%),2019,27.915
Gisagara,South,Time related underemployment rate(%),2021,38.787
Gisagara,South,Time related underemployment rate(%),2022,37.156
Gisagara,South,Time related underemployment rate(%),2023,43.849
Gisagara,South,Time related underemployment rate(%),2024,37.165
Gisagara,South,Time related underemployment rate(%),2025,45.982
Gisagara,South,LU1-Unemployment rate (%),2024,15.664
Gisagara,South,LU1-Unemployment rate (%),2025,12.319
Gisagara,South,LU2-Combined rate of unemployment and time-related underemployment(%),2017,26.471
Gisagara,South,LU2-Combined rate of unemployment and time-related underemployment(%),2018,31.801
Gisagara,South,LU2-Combined rate of unemployment and time-related underemployment(%),2019,36.959
Gisagara,South,LU2-Combined rate of unemployment and time-related underemployment(%),2021,56.97
Gisagara,South,LU2-Combined rate of unemployment and time-related underemployment(%),2022,50.263
Gisagara,South,LU2-Combined rate of unemployment and time-related underemployment(%),2023,55.622
Gisagara,South,LU2-Combined rate of unemployment and time-related underemployment(%),2024,47.008
Gisagara,South,LU2-Combined rate of unemployment and time-related underemployment(%),2025,52.636
Gisagara,South,LU3-Combined rate of unemployment and potential labour force(%),2017,35.967
Gisagara,South,LU3-Combined rate of unemployment and potential labour force(%),2018,38.1
Gisagara,South,LU3-Combined rate of unemployment and potential labour force(%),2019,37.933
Gisagara,South,LU3-Combined rate of unemployment and potential labour force(%),2021,45.51
Gisagara,South,LU3-Combined rate of unemployment and potential labour force(%),2022,36.328
Gisagara,South,LU3-Combined rate of unemployment and potential labour force(%),2023,41.164
Gisagara,South,LU3-Combined rate of unemployment and potential labour force(%),2024,40.006
Gisagara,South,LU3-Combined rate of unemployment and potential labour force(%),2025,35.066
Gisagara,South,LU4 - Composite measure of labour underutilization(%),2017,48.667
Gisagara,South,LU4 - Composite measure of labour underutilization(%),2018,53.047
Gisagara,South,LU4 - Composite measure of labour underutilization(%),2019,55.259
Gisagara,South,LU4 - Composite measure of labour underutilization(%),2021,66.645
Gisagara,South,LU4 - Composite measure of labour underutilization(%),2022,59.985
Gisagara,South,LU4 - Composite measure of labour underutilization(%),2023,66.963
Gisagara,South,LU4 - Composite measure of labour underutilization(%),2024,62.303
Gisagara,South,LU4 - Composite measure of labour underutilization(%),2025,64.924
Gisagara,South,NEET rate-Youth not in employment nor currently in education or training(%),2017,35.684
Gisagara,South,NEET rate-Youth not in employment nor currently in education or training(%),2018,42.902
Gisagara,South,NEET rate-Youth not in employment nor currently in education or training(%),2019,31.809
Gisagara,South,NEET rate-Youth not in employment nor currently in education or training(%),2021,37.991
Gisagara,South,NEET rate-Youth not in employment nor currently in education or training(%),2022,33.338
Gisagara,South,NEET rate-Youth not in employment nor currently in education or training(%),2023,41.65
Gisagara,South,NEET rate-Youth not in employment nor currently in education or training(%),2024,38.916
Gisagara,South,NEET rate-Youth not in employment nor currently in education or training(%),2025,35.491
Gisagara,South,Median monthly earnings at main job,2017,18200.0
Gisagara,South,Median monthly earnings at main job,2018,18200.0
Gisagara,South,Median monthly earnings at main job,2019,18200.0
Gisagara,South,Median monthly earnings at main job,2021,20800.0
Gisagara,South,Median monthly earnings at main job,2022,20800.0
Gisagara,South,Median monthly earnings at main job,2023,26000.0
Gisagara,South,Median monthly earnings at main job,2024,26000.0
Gisagara,South,Median monthly earnings at main job,2025,26000.0
Nyaruguru,South,Working age population(16+ years),2017,172767.145
Nyaruguru,South,Working age population(16+ years),2018,183519.482
Nyaruguru,South,Working age population(16+ years),2019,154913.209
Nyaruguru,South,Working age population(16+ years),2020,179073.307
Nyaruguru,South,Working age population(16+ years),2021,224877.223
Nyaruguru,South,Working age population(16+ years),2022,248063.193
Nyaruguru,South,Working age population(16+ years),2023,194267.973
Nyaruguru,South,Working age population(16+ years),2024,177798.038
Nyaruguru,South,Working age population(16+ years),2025,185624.376
Nyaruguru,South,Labour force,2017,55526.305
Nyaruguru,South,Labour force,2018,62539.775
Nyaruguru,South,Labour force,2019,61514.711
Nyaruguru,South,Labour force,2020,100091.247
Nyaruguru,South,Labour force,2021,93168.148
Nyaruguru,South,Labour force,2022,108547.928
Nyaruguru,South,Labour force,2023,98491.122
Nyaruguru,South,Labour force,2024,89272.312
Nyaruguru,South,Labour force,2025,94898.92
Nyaruguru,South,Employed,2017,49709.283
Nyaruguru,South,Employed,2018,55055.29
Nyaruguru,South,Employed,2019,53768.245
Nyaruguru,South,Employed,2020,89681.828
Nyaruguru,South,Employed,2021,75086.885
Nyaruguru,South,Employed,2022,84801.252
Nyaruguru,South,Employed,2023,78447.196
Nyaruguru,South,Employed,2024,71997.769
Nyaruguru,South,Employed,2025,78408.18
Nyaruguru,South,Unemployed,2017,5817.023
Nyaruguru,South,Unemployed,2018,7484.486
Nyaruguru,South,Unemployed,2019,7746.466
Nyaruguru,South,Unemployed,2020,10409.419
Nyaruguru,South,Unemployed,2021,18081.263
Nyaruguru,South,Unemployed,2022,23746.677
Nyaruguru,South,Unemployed,2023,20043.925
Nyaruguru,South,Unemployed,2024,17274.543
Nyaruguru,South,Unemployed,2025,16490.74
Nyaruguru,South,out of labour force,2017,117240.84
Nyaruguru,South,out of labour force,2018,120979.707
Nyaruguru,South,out of labour force,2019,93398.498
Nyaruguru,South,out of labour force,2020,78982.06
Nyaruguru,South,out of labour force,2021,131709.076
Nyaruguru,South,out of labour force,2022,139515.265
Nyaruguru,South,out of labour force,2023,95776.852
Nyaruguru,South,out of labour force,2024,88525.726
Nyaruguru,South,out of labour force,2025,90725.457
Nyaruguru,South,Time related underemployed,2017,14998.789
Nyaruguru,South,Time related underemployed,2018,20353.849
Nyaruguru,South,Time related underemployed,2019,17793.147
Nyaruguru,South,Time related underemployed,2021,25830.663
Nyaruguru,South,Time related underemployed,2022,36007.393
Nyaruguru,South,Time related underemployed,2023,23265.936
Nyaruguru,South,Time related underemployed,2024,33878.546
Nyaruguru,South,Time related underemployed,2025,41903.257
Nyaruguru,South,Potential labour force,2017,65216.363
Nyaruguru,South,Potential labour force,2018,63204.212
Nyaruguru,South,Potential labour force,2019,40439.181
Nyaruguru,South,Potential labour force,2021,43723.2
Nyaruguru,South,Potential labour force,2022,48491.017
Nyaruguru,South,Potential labour force,2023,44535.985
Nyaruguru,South,Potential labour force,2024,41913.335
Nyaruguru,South,Potential labour force,2025,44576.516
Nyaruguru,South,Labour underutilization,2017,86032.175
Nyaruguru,South,Labour underutilization,2018,91042.546
Nyaruguru,South,Labour underutilization,2019,65978.795
Nyaruguru,South,Labour underutilization,2021,87635.126
Nyaruguru,South,Labour underutilization,2022,108245.087
Nyaruguru,South,Labour underutilization,2023,87845.846
Nyaruguru,South,Labour underutilization,2024,93066.424
Nyaruguru,South,Labour underutilization,2025,102970.513
Nyaruguru,South,Labour force participation rate(%),2017,32.139
Nyaruguru,South,Labour force participation rate(%),2018,34.078
Nyaruguru,South,Labour force participation rate(%),2019,39.709
Nyaruguru,South,Labour force participation rate(%),2020,55.894
Nyaruguru,South,Labour force participation rate(%),2021,41.431
Nyaruguru,South,Labour force participation rate(%),2022,43.758
Nyaruguru,South,Labour force participation rate(%),2023,50.699
Nyaruguru,South,Labour force participation rate(%),2024,50.21
Nyaruguru,South,Labour force participation rate(%),2025,51.124
Nyaruguru,South,Employment-to-population ratio(%),2017,28.772
Nyaruguru,South,Employment-to-population ratio(%),2018,30.0
Nyaruguru,South,Employment-to-population ratio(%),2019,34.709
Nyaruguru,South,Employment-to-population ratio(%),2020,50.081
Nyaruguru,South,Employment-to-population ratio(%),2021,33.39
Nyaruguru,South,Employment-to-population ratio(%),2022,34.185
Nyaruguru,South,Employment-to-population ratio(%),2023,40.381
Nyaruguru,South,Employment-to-population ratio(%),2024,40.494
Nyaruguru,South,Employment-to-population ratio(%),2025,42.24
Nyaruguru,South,Rate of population outside labour force(%),2017,67.861
Nyaruguru,South,Rate of population outside labour force(%),2018,65.922
Nyaruguru,South,Rate of population outside labour force(%),2019,60.291
Nyaruguru,South,Rate of population outside labour force(%),2020,44.106
Nyaruguru,South,Rate of population outside labour force(%),2021,58.569
Nyaruguru,South,Rate of population outside labour force(%),2022,56.242
Nyaruguru,South,Rate of population outside labour force(%),2023,49.301
Nyaruguru,South,Rate of population outside labour force(%),2024,49.79
Nyaruguru,South,Rate of population outside labour force(%),2025,48.876
Nyaruguru,South,Time related underemployment rate(%),2017,30.173
Nyaruguru,South,Time related underemployment rate(%),2018,36.97
Nyaruguru,South,Time related underemployment rate(%),2019,33.092
Nyaruguru,South,Time related underemployment rate(%),2021,34.401
Nyaruguru,South,Time related underemployment rate(%),2022,42.461
Nyaruguru,South,Time related underemployment rate(%),2023,29.658
Nyaruguru,South,Time related underemployment rate(%),2024,47.055
Nyaruguru,South,Time related underemployment rate(%),2025,53.442
Nyaruguru,South,LU1-Unemployment rate (%),2024,19.35
Nyaruguru,South,LU1-Unemployment rate (%),2025,17.377
Nyaruguru,South,LU2-Combined rate of unemployment and time-related underemployment(%),2017,37.488
Nyaruguru,South,LU2-Combined rate of unemployment and time-related underemployment(%),2018,44.513
Nyaruguru,South,LU2-Combined rate of unemployment and time-related underemployment(%),2019,41.518
Nyaruguru,South,LU2-Combined rate of unemployment and time-related underemployment(%),2021,47.132
Nyaruguru,South,LU2-Combined rate of unemployment and time-related underemployment(%),2022,55.049
Nyaruguru,South,LU2-Combined rate of unemployment and time-related underemployment(%),2023,43.973
Nyaruguru,South,LU2-Combined rate of unemployment and time-related underemployment(%),2024,57.3
Nyaruguru,South,LU2-Combined rate of unemployment and time-related underemployment(%),2025,61.533
Nyaruguru,South,LU3-Combined rate of unemployment and potential labour force(%),2017,58.83
Nyaruguru,South,LU3-Combined rate of unemployment and potential labour force(%),2018,56.216
Nyaruguru,South,LU3-Combined rate of unemployment and potential labour force(%),2019,47.262
Nyaruguru,South,LU3-Combined rate of unemployment and potential labour force(%),2021,45.149
Nyaruguru,South,LU3-Combined rate of unemployment and potential labour force(%),2022,46.0
Nyaruguru,South,LU3-Combined rate of unemployment and potential labour force(%),2023,45.152
Nyaruguru,South,LU3-Combined rate of unemployment and potential labour force(%),2024,45.118
Nyaruguru,South,LU3-Combined rate of unemployment and potential labour force(%),2025,43.784
Nyaruguru,South,LU4 - Composite measure of labour underutilization(%),2017,71.253
Nyaruguru,South,LU4 - Composite measure of labour underutilization(%),2018,72.403
Nyaruguru,South,LU4 - Composite measure of labour underutilization(%),2019,64.714
Nyaruguru,South,LU4 - Composite measure of labour underutilization(%),2021,64.018
Nyaruguru,South,LU4 - Composite measure of labour underutilization(%),2022,68.929
Nyaruguru,South,LU4 - Composite measure of labour underutilization(%),2023,61.419
Nyaruguru,South,LU4 - Composite measure of labour underutilization(%),2024,70.943
Nyaruguru,South,LU4 - Composite measure of labour underutilization(%),2025,73.827
Nyaruguru,South,NEET rate-Youth not in employment nor currently in education or training(%),2017,42.579
Nyaruguru,South,NEET rate-Youth not in employment nor currently in education or training(%),2018,43.072
Nyaruguru,South,NEET rate-Youth not in employment nor currently in education or training(%),2019,44.475
Nyaruguru,South,NEET rate-Youth not in employment nor currently in education or training(%),2021,34.436
Nyaruguru,South,NEET rate-Youth not in employment nor currently in education or training(%),2022,38.72
Nyaruguru,South,NEET rate-Youth not in employment nor currently in education or training(%),2023,41.582
Nyaruguru,South,NEET rate-Youth not in employment nor currently in education or training(%),2024,41.802
Nyaruguru,South,NEET rate-Youth not in employment nor currently in education or training(%),2025,32.92
Nyaruguru,South,Median monthly earnings at main job,2017,18200.0
Nyaruguru,South,Median monthly earnings at main job,2018,20800.0
Nyaruguru,South,Median monthly earnings at main job,2019,18200.0
Nyaruguru,South,Median monthly earnings at main job,2021,26000.0
Nyaruguru,South,Median monthly earnings at main job,2022,26000.0
Nyaruguru,South,Median monthly earnings at main job,2023,26000.0
Nyaruguru,South,Median monthly earnings at main job,2024,31200.0
Nyaruguru,South,Median monthly earnings at main job,2025,31200.0
Huye,South,Working age population(16+ years),2017,205798.677
Huye,South,Working age population(16+ years),2018,212937.105
Huye,South,Working age population(16+ years),2019,217271.992
Huye,South,Working age population(16+ years),2020,205648.24
Huye,South,Working age population(16+ years),2021,205321.727
Huye,South,Working age population(16+ years),2022,243338.134
Huye,South,Working age population(16+ years),2023,236856.41
Huye,South,Working age population(16+ years),2024,236438.044
Huye,South,Working age population(16+ years),2025,224695.24
Huye,South,Labour force,2017,108064.439
Huye,South,Labour force,2018,111872.94
Huye,South,Labour force,2019,118378.784
Huye,South,Labour force,2020,134458.844
Huye,South,Labour force,2021,112506.11
Huye,South,Labour force,2022,140422.103
Huye,South,Labour force,2023,132264.479
Huye,South,Labour force,2024,133286.281
Huye,South,Labour force,2025,136799.172
Huye,South,Employed,2017,94312.003
Huye,South,Employed,2018,97489.705
Huye,South,Employed,2019,104017.306
Huye,South,Employed,2020,101955.049
Huye,South,Employed,2021,94363.704
Huye,South,Employed,2022,112779.46
Huye,South,Employed,2023,104015.17
Huye,South,Employed,2024,110312.104
Huye,South,Employed,2025,119839.722
Huye,South,Unemployed,2017,13752.436
Huye,South,Unemployed,2018,14383.235
Huye,South,Unemployed,2019,14361.478
Huye,South,Unemployed,2020,32503.795
Huye,South,Unemployed,2021,18142.406
Huye,South,Unemployed,2022,27642.643
Huye,South,Unemployed,2023,28249.309
Huye,South,Unemployed,2024,22974.177
Huye,South,Unemployed,2025,16959.45
Huye,South,out of labour force,2017,97734.238
Huye,South,out of labour force,2018,101064.165
Huye,South,out of labour force,2019,98893.208
Huye,South,out of labour force,2020,71189.396
Huye,South,out of labour force,2021,92815.616
Huye,South,out of labour force,2022,102916.03
Huye,South,out of labour force,2023,104591.931
Huye,South,out of labour force,2024,103151.763
Huye,South,out of labour force,2025,87896.068
Huye,South,Time related underemployed,2017,12284.335
Huye,South,Time related underemployed,2018,9994.615
Huye,South,Time related underemployed,2019,14626.489
Huye,South,Time related underemployed,2021,13673.75
Huye,South,Time related underemployed,2022,22714.797
Huye,South,Time related underemployed,2023,35325.039
Huye,South,Time related underemployed,2024,38329.245
Huye,South,Time related underemployed,2025,45998.364
Huye,South,Potential labour force,2017,43626.113
Huye,South,Potential labour force,2018,43965.627
Huye,South,Potential labour force,2019,43320.674
Huye,South,Potential labour force,2021,36501.586
Huye,South,Potential labour force,2022,38860.111
Huye,South,Potential labour force,2023,48276.131
Huye,South,Potential labour force,2024,42859.954
Huye,South,Potential labour force,2025,39117.166
Huye,South,Labour underutilization,2017,69662.884
Huye,South,Labour underutilization,2018,68343.477
Huye,South,Labour underutilization,2019,72308.641
Huye,South,Labour underutilization,2021,68317.741
Huye,South,Labour underutilization,2022,89217.551
Huye,South,Labour underutilization,2023,111850.478
Huye,South,Labour underutilization,2024,104163.377
Huye,South,Labour underutilization,2025,102074.98
Huye,South,Labour force participation rate(%),2017,52.51
Huye,South,Labour force participation rate(%),2018,52.538
Huye,South,Labour force participation rate(%),2019,54.484
Huye,South,Labour force participation rate(%),2020,65.383
Huye,South,Labour force participation rate(%),2021,54.795
Huye,South,Labour force participation rate(%),2022,57.707
Huye,South,Labour force participation rate(%),2023,55.842
Huye,South,Labour force participation rate(%),2024,56.373
Huye,South,Labour force participation rate(%),2025,60.882
Huye,South,Employment-to-population ratio(%),2017,45.827
Huye,South,Employment-to-population ratio(%),2018,45.783
Huye,South,Employment-to-population ratio(%),2019,47.874
Huye,South,Employment-to-population ratio(%),2020,49.577
Huye,South,Employment-to-population ratio(%),2021,45.959
Huye,South,Employment-to-population ratio(%),2022,46.347
Huye,South,Employment-to-population ratio(%),2023,43.915
Huye,South,Employment-to-population ratio(%),2024,46.656
Huye,South,Employment-to-population ratio(%),2025,53.334
Huye,South,Rate of population outside labour force(%),2017,47.49
Huye,South,Rate of population outside labour force(%),2018,47.462
Huye,South,Rate of population outside labour force(%),2019,45.516
Huye,South,Rate of population outside labour force(%),2020,34.617
Huye,South,Rate of population outside labour force(%),2021,45.205
Huye,South,Rate of population outside labour force(%),2022,42.293
Huye,South,Rate of population outside labour force(%),2023,44.158
Huye,South,Rate of population outside labour force(%),2024,43.627
Huye,South,Rate of population outside labour force(%),2025,39.118
Huye,South,Time related underemployment rate(%),2017,13.025
Huye,South,Time related underemployment rate(%),2018,10.252
Huye,South,Time related underemployment rate(%),2019,14.062
Huye,South,Time related underemployment rate(%),2021,14.49
Huye,South,Time related underemployment rate(%),2022,20.141
Huye,South,Time related underemployment rate(%),2023,33.961
Huye,South,Time related underemployment rate(%),2024,34.746
Huye,South,Time related underemployment rate(%),2025,38.383
Huye,South,LU1-Unemployment rate (%),2024,17.237
Huye,South,LU1-Unemployment rate (%),2025,12.397
Huye,South,LU2-Combined rate of unemployment and time-related underemployment(%),2017,24.094
Huye,South,LU2-Combined rate of unemployment and time-related underemployment(%),2018,21.791
Huye,South,LU2-Combined rate of unemployment and time-related underemployment(%),2019,24.487
Huye,South,LU2-Combined rate of unemployment and time-related underemployment(%),2021,28.279
Huye,South,LU2-Combined rate of unemployment and time-related underemployment(%),2022,35.861
Huye,South,LU2-Combined rate of unemployment and time-related underemployment(%),2023,48.066
Huye,South,LU2-Combined rate of unemployment and time-related underemployment(%),2024,45.994
Huye,South,LU2-Combined rate of unemployment and time-related underemployment(%),2025,46.022
Huye,South,LU3-Combined rate of unemployment and potential labour force(%),2017,37.826
Huye,South,LU3-Combined rate of unemployment and potential labour force(%),2018,37.442
Huye,South,LU3-Combined rate of unemployment and potential labour force(%),2019,35.672
Huye,South,LU3-Combined rate of unemployment and potential labour force(%),2021,36.672
Huye,South,LU3-Combined rate of unemployment and potential labour force(%),2022,37.094
Huye,South,LU3-Combined rate of unemployment and potential labour force(%),2023,42.387
Huye,South,LU3-Combined rate of unemployment and potential labour force(%),2024,37.375
Huye,South,LU3-Combined rate of unemployment and potential labour force(%),2025,31.877
Huye,South,LU4 - Composite measure of labour underutilization(%),2017,45.924
Huye,South,LU4 - Composite measure of labour underutilization(%),2018,43.855
Huye,South,LU4 - Composite measure of labour underutilization(%),2019,44.718
Huye,South,LU4 - Composite measure of labour underutilization(%),2021,45.848
Huye,South,LU4 - Composite measure of labour underutilization(%),2022,49.764
Huye,South,LU4 - Composite measure of labour underutilization(%),2023,61.953
Huye,South,LU4 - Composite measure of labour underutilization(%),2024,59.135
Huye,South,LU4 - Composite measure of labour underutilization(%),2025,58.025
Huye,South,NEET rate-Youth not in employment nor currently in education or training(%),2017,30.425
Huye,South,NEET rate-Youth not in employment nor currently in education or training(%),2018,36.013
Huye,South,NEET rate-Youth not in employment nor currently in education or training(%),2019,32.268
Huye,South,NEET rate-Youth not in employment nor currently in education or training(%),2021,34.781
Huye,South,NEET rate-Youth not in employment nor currently in education or training(%),2022,34.512
Huye,South,NEET rate-Youth not in employment nor currently in education or training(%),2023,29.897
Huye,South,NEET rate-Youth not in employment nor currently in education or training(%),2024,32.176
Huye,South,NEET rate-Youth not in employment nor currently in education or training(%),2025,25.63
Huye,South,Median monthly earnings at main job,2017,20800.0
Huye,South,Median monthly earnings at main job,2018,20800.0
Huye,South,Median monthly earnings at main job,2019,23400.0
Huye,South,Median monthly earnings at main job,2021,26000.0
Huye,South,Median monthly earnings at main job,2022,37500.0
Huye,South,Median monthly earnings at main job,2023,26000.0
Huye,South,Median monthly earnings at main job,2024,26000.0
Huye,South,Median monthly earnings at main job,2025,31200.0
Nyamagabe,South,Working age population(16+ years),2017,227400.35
Nyamagabe,South,Working age population(16+ years),2018,221400.921
Nyamagabe,South,Working age population(16+ years),2019,216775.176
Nyamagabe,South,Working age population(16+ years),2020,247521.501
Nyamagabe,South,Working age population(16+ years),2021,229240.306
Nyamagabe,South,Working age population(16+ years),2022,261987.935
Nyamagabe,South,Working age population(16+ years),2023,209061.325
Nyamagabe,South,Working age population(16+ years),2024,227032.864
Nyamagabe,South,Working age population(16+ years),2025,235368.751
Nyamagabe,South,Labour force,2017,124815.527
Nyamagabe,South,Labour force,2018,119272.428
Nyamagabe,South,Labour force,2019,95771.235
Nyamagabe,South,Labour force,2020,148286.5
Nyamagabe,South,Labour force,2021,121453.002
Nyamagabe,South,Labour force,2022,137078.561
Nyamagabe,South,Labour force,2023,108534.492
Nyamagabe,South,Labour force,2024,133013.594
Nyamagabe,South,Labour force,2025,143066.202
Nyamagabe,South,Employed,2017,109506.701
Nyamagabe,South,Employed,2018,105998.146
Nyamagabe,South,Employed,2019,87980.625
Nyamagabe,South,Employed,2020,131661.447
Nyamagabe,South,Employed,2021,98832.337
Nyamagabe,South,Employed,2022,107077.453
Nyamagabe,South,Employed,2023,93398.167
Nyamagabe,South,Employed,2024,115978.596
Nyamagabe,South,Employed,2025,123702.112
Nyamagabe,South,Unemployed,2017,15308.826
Nyamagabe,South,Unemployed,2018,13274.282
Nyamagabe,South,Unemployed,2019,7790.61
Nyamagabe,South,Unemployed,2020,16625.052
Nyamagabe,South,Unemployed,2021,22620.665
Nyamagabe,South,Unemployed,2022,30001.108
Nyamagabe,South,Unemployed,2023,15136.325
Nyamagabe,South,Unemployed,2024,17034.998
Nyamagabe,South,Unemployed,2025,19364.091
Nyamagabe,South,out of labour force,2017,102584.823
Nyamagabe,South,out of labour force,2018,102128.493
Nyamagabe,South,out of labour force,2019,121003.941
Nyamagabe,South,out of labour force,2020,99235.001
Nyamagabe,South,out of labour force,2021,107787.303
Nyamagabe,South,out of labour force,2022,124909.375
Nyamagabe,South,out of labour force,2023,100526.833
Nyamagabe,South,out of labour force,2024,94019.269
Nyamagabe,South,out of labour force,2025,92302.549
Nyamagabe,South,Time related underemployed,2017,55280.862
Nyamagabe,South,Time related underemployed,2018,51271.391
Nyamagabe,South,Time related underemployed,2019,30445.023
Nyamagabe,South,Time related underemployed,2021,36370.675
Nyamagabe,South,Time related underemployed,2022,48031.955
Nyamagabe,South,Time related underemployed,2023,23640.056
Nyamagabe,South,Time related underemployed,2024,19560.547
Nyamagabe,South,Time related underemployed,2025,32670.79
Nyamagabe,South,Potential labour force,2017,43439.09
Nyamagabe,South,Potential labour force,2018,35552.765
Nyamagabe,South,Potential labour force,2019,55026.893
Nyamagabe,South,Potential labour force,2021,36030.854
Nyamagabe,South,Potential labour force,2022,33387.466
Nyamagabe,South,Potential labour force,2023,44725.299
Nyamagabe,South,Potential labour force,2024,31282.768
Nyamagabe,South,Potential labour force,2025,29423.524
Nyamagabe,South,Labour underutilization,2017,114028.778
Nyamagabe,South,Labour underutilization,2018,100098.438
Nyamagabe,South,Labour underutilization,2019,93262.527
Nyamagabe,South,Labour underutilization,2021,95022.194
Nyamagabe,South,Labour underutilization,2022,111420.528
Nyamagabe,South,Labour underutilization,2023,83501.68
Nyamagabe,South,Labour underutilization,2024,67878.313
Nyamagabe,South,Labour underutilization,2025,81458.404
Nyamagabe,South,Labour force participation rate(%),2017,54.888
Nyamagabe,South,Labour force participation rate(%),2018,53.872
Nyamagabe,South,Labour force participation rate(%),2019,44.18
Nyamagabe,South,Labour force participation rate(%),2020,59.909
Nyamagabe,South,Labour force participation rate(%),2021,52.981
Nyamagabe,South,Labour force participation rate(%),2022,52.322
Nyamagabe,South,Labour force participation rate(%),2023,51.915
Nyamagabe,South,Labour force participation rate(%),2024,58.588
Nyamagabe,South,Labour force participation rate(%),2025,60.784
Nyamagabe,South,Employment-to-population ratio(%),2017,48.156
Nyamagabe,South,Employment-to-population ratio(%),2018,47.876
Nyamagabe,South,Employment-to-population ratio(%),2019,40.586
Nyamagabe,South,Employment-to-population ratio(%),2020,53.192
Nyamagabe,South,Employment-to-population ratio(%),2021,43.113
Nyamagabe,South,Employment-to-population ratio(%),2022,40.871
Nyamagabe,South,Employment-to-population ratio(%),2023,44.675
Nyamagabe,South,Employment-to-population ratio(%),2024,51.084
Nyamagabe,South,Employment-to-population ratio(%),2025,52.557
Nyamagabe,South,Rate of population outside labour force(%),2017,45.112
Nyamagabe,South,Rate of population outside labour force(%),2018,46.128
Nyamagabe,South,Rate of population outside labour force(%),2019,55.82
Nyamagabe,South,Rate of population outside labour force(%),2020,40.091
Nyamagabe,South,Rate of population outside labour force(%),2021,47.019
Nyamagabe,South,Rate of population outside labour force(%),2022,47.678
Nyamagabe,South,Rate of population outside labour force(%),2023,48.085
Nyamagabe,South,Rate of population outside labour force(%),2024,41.412
Nyamagabe,South,Rate of population outside labour force(%),2025,39.216
Nyamagabe,South,Time related underemployment rate(%),2017,50.482
Nyamagabe,South,Time related underemployment rate(%),2018,48.37
Nyamagabe,South,Time related underemployment rate(%),2019,34.604
Nyamagabe,South,Time related underemployment rate(%),2021,36.8
Nyamagabe,South,Time related underemployment rate(%),2022,44.857
Nyamagabe,South,Time related underemployment rate(%),2023,25.311
Nyamagabe,South,Time related underemployment rate(%),2024,16.866
Nyamagabe,South,Time related underemployment rate(%),2025,26.411
Nyamagabe,South,LU1-Unemployment rate (%),2024,12.807
Nyamagabe,South,LU1-Unemployment rate (%),2025,13.535
Nyamagabe,South,LU2-Combined rate of unemployment and time-related underemployment(%),2017,56.555
Nyamagabe,South,LU2-Combined rate of unemployment and time-related underemployment(%),2018,54.116
Nyamagabe,South,LU2-Combined rate of unemployment and time-related underemployment(%),2019,39.924
Nyamagabe,South,LU2-Combined rate of unemployment and time-related underemployment(%),2021,48.571
Nyamagabe,South,LU2-Combined rate of unemployment and time-related underemployment(%),2022,56.926
Nyamagabe,South,LU2-Combined rate of unemployment and time-related underemployment(%),2023,35.727
Nyamagabe,South,LU2-Combined rate of unemployment and time-related underemployment(%),2024,27.513
Nyamagabe,South,LU2-Combined rate of unemployment and time-related underemployment(%),2025,36.371
Nyamagabe,South,LU3-Combined rate of unemployment and potential labour force(%),2017,34.916
Nyamagabe,South,LU3-Combined rate of unemployment and potential labour force(%),2018,31.537
Nyamagabe,South,LU3-Combined rate of unemployment and potential labour force(%),2019,41.657
Nyamagabe,South,LU3-Combined rate of unemployment and potential labour force(%),2021,37.243
Nyamagabe,South,LU3-Combined rate of unemployment and potential labour force(%),2022,37.185
Nyamagabe,South,LU3-Combined rate of unemployment and potential labour force(%),2023,39.059
Nyamagabe,South,LU3-Combined rate of unemployment and potential labour force(%),2024,29.409
Nyamagabe,South,LU3-Combined rate of unemployment and potential labour force(%),2025,28.284
Nyamagabe,South,LU4 - Composite measure of labour underutilization(%),2017,67.772
Nyamagabe,South,LU4 - Composite measure of labour underutilization(%),2018,64.653
Nyamagabe,South,LU4 - Composite measure of labour underutilization(%),2019,61.846
Nyamagabe,South,LU4 - Composite measure of labour underutilization(%),2021,60.338
Nyamagabe,South,LU4 - Composite measure of labour underutilization(%),2022,65.362
Nyamagabe,South,LU4 - Composite measure of labour underutilization(%),2023,54.484
Nyamagabe,South,LU4 - Composite measure of labour underutilization(%),2024,41.315
Nyamagabe,South,LU4 - Composite measure of labour underutilization(%),2025,47.225
Nyamagabe,South,NEET rate-Youth not in employment nor currently in education or training(%),2017,25.8
Nyamagabe,South,NEET rate-Youth not in employment nor currently in education or training(%),2018,33.796
Nyamagabe,South,NEET rate-Youth not in employment nor currently in education or training(%),2019,45.721
Nyamagabe,South,NEET rate-Youth not in employment nor currently in education or training(%),2021,39.332
Nyamagabe,South,NEET rate-Youth not in employment nor currently in education or training(%),2022,42.178
Nyamagabe,South,NEET rate-Youth not in employment nor currently in education or training(%),2023,36.543
Nyamagabe,South,NEET rate-Youth not in employment nor currently in education or training(%),2024,32.989
Nyamagabe,South,NEET rate-Youth not in employment nor currently in education or training(%),2025,25.497
Nyamagabe,South,Median monthly earnings at main job,2017,15600.0
Nyamagabe,South,Median monthly earnings at main job,2018,15600.0
Nyamagabe,South,Median monthly earnings at main job,2019,18200.0
Nyamagabe,South,Median monthly earnings at main job,2021,18200.0
Nyamagabe,South,Median monthly earnings at main job,2022,18200.0
Nyamagabe,South,Median monthly earnings at main job,2023,26000.0
Nyamagabe,South,Median monthly earnings at main job,2024,26000.0
Nyamagabe,South,Median monthly earnings at main job,2025,31200.0
Ruhango,South,Working age population(16+ years),2017,199297.692
Ruhango,South,Working age population(16+ years),2018,180320.627
Ruhango,South,Working age population(16+ years),2019,167613.527
Ruhango,South,Working age population(16+ years),2020,220417.87
Ruhango,South,Working age population(16+ years),2021,223216.791
Ruhango,South,Working age population(16+ years),2022,278380.338
Ruhango,South,Working age population(16+ years),2023,230161.676
Ruhango,South,Working age population(16+ years),2024,226243.338
Ruhango,South,Working age population(16+ years),2025,233232.946
Ruhango,South,Labour force,2017,108490.858
Ruhango,South,Labour force,2018,97384.335
Ruhango,South,Labour force,2019,82641.286
Ruhango,South,Labour force,2020,106500.88
Ruhango,South,Labour force,2021,105947.043
Ruhango,South,Labour force,2022,142718.66
Ruhango,South,Labour force,2023,114027.298
Ruhango,South,Labour force,2024,131302.401
Ruhango,South,Labour force,2025,123847.4
Ruhango,South,Employed,2017,87009.842
Ruhango,South,Employed,2018,81666.288
Ruhango,South,Employed,2019,72583.677
Ruhango,South,Employed,2020,81785.687
Ruhango,South,Employed,2021,84472.429
Ruhango,South,Employed,2022,113407.695
Ruhango,South,Employed,2023,98587.46
Ruhango,South,Employed,2024,108477.499
Ruhango,South,Employed,2025,112190.632
Ruhango,South,Unemployed,2017,21481.016
Ruhango,South,Unemployed,2018,15718.047
Ruhango,South,Unemployed,2019,10057.608
Ruhango,South,Unemployed,2020,24715.194
Ruhango,South,Unemployed,2021,21474.613
Ruhango,South,Unemployed,2022,29310.965
Ruhango,South,Unemployed,2023,15439.838
Ruhango,South,Unemployed,2024,22824.902
Ruhango,South,Unemployed,2025,11656.768
Ruhango,South,out of labour force,2017,90806.834
Ruhango,South,out of labour force,2018,82936.292
Ruhango,South,out of labour force,2019,84972.241
Ruhango,South,out of labour force,2020,113916.99
Ruhango,South,out of labour force,2021,117269.748
Ruhango,South,out of labour force,2022,135661.678
Ruhango,South,out of labour force,2023,116134.377
Ruhango,South,out of labour force,2024,94940.937
Ruhango,South,out of labour force,2025,109385.546
Ruhango,South,Time related underemployed,2017,21812.588
Ruhango,South,Time related underemployed,2018,20608.493
Ruhango,South,Time related underemployed,2019,25296.669
Ruhango,South,Time related underemployed,2021,27371.875
Ruhango,South,Time related underemployed,2022,46021.607
Ruhango,South,Time related underemployed,2023,38041.417
Ruhango,South,Time related underemployed,2024,39386.237
Ruhango,South,Time related underemployed,2025,36432.306
Ruhango,South,Potential labour force,2017,40145.204
Ruhango,South,Potential labour force,2018,32140.63
Ruhango,South,Potential labour force,2019,37107.048
Ruhango,South,Potential labour force,2021,46679.6
Ruhango,South,Potential labour force,2022,45832.304
Ruhango,South,Potential labour force,2023,46955.271
Ruhango,South,Potential labour force,2024,43198.569
Ruhango,South,Potential labour force,2025,54150.525
Ruhango,South,Labour underutilization,2017,83438.808
Ruhango,South,Labour underutilization,2018,68467.17
Ruhango,South,Labour underutilization,2019,72461.325
Ruhango,South,Labour underutilization,2021,95526.088
Ruhango,South,Labour underutilization,2022,121164.876
Ruhango,South,Labour underutilization,2023,100436.526
Ruhango,South,Labour underutilization,2024,105409.708
Ruhango,South,Labour underutilization,2025,102239.6
Ruhango,South,Labour force participation rate(%),2017,54.437
Ruhango,South,Labour force participation rate(%),2018,54.006
Ruhango,South,Labour force participation rate(%),2019,49.305
Ruhango,South,Labour force participation rate(%),2020,48.318
Ruhango,South,Labour force participation rate(%),2021,47.464
Ruhango,South,Labour force participation rate(%),2022,51.268
Ruhango,South,Labour force participation rate(%),2023,49.542
Ruhango,South,Labour force participation rate(%),2024,58.036
Ruhango,South,Labour force participation rate(%),2025,53.1
Ruhango,South,Employment-to-population ratio(%),2017,43.658
Ruhango,South,Employment-to-population ratio(%),2018,45.289
Ruhango,South,Employment-to-population ratio(%),2019,43.304
Ruhango,South,Employment-to-population ratio(%),2020,37.105
Ruhango,South,Employment-to-population ratio(%),2021,37.843
Ruhango,South,Employment-to-population ratio(%),2022,40.738
Ruhango,South,Employment-to-population ratio(%),2023,42.834
Ruhango,South,Employment-to-population ratio(%),2024,47.947
Ruhango,South,Employment-to-population ratio(%),2025,48.102
Ruhango,South,Rate of population outside labour force(%),2017,45.563
Ruhango,South,Rate of population outside labour force(%),2018,45.994
Ruhango,South,Rate of population outside labour force(%),2019,50.695
Ruhango,South,Rate of population outside labour force(%),2020,51.682
Ruhango,South,Rate of population outside labour force(%),2021,52.536
Ruhango,South,Rate of population outside labour force(%),2022,48.732
Ruhango,South,Rate of population outside labour force(%),2023,50.458
Ruhango,South,Rate of population outside labour force(%),2024,41.964
Ruhango,South,Rate of population outside labour force(%),2025,46.9
Ruhango,South,Time related underemployment rate(%),2017,25.069
Ruhango,South,Time related underemployment rate(%),2018,25.235
Ruhango,South,Time related underemployment rate(%),2019,34.852
Ruhango,South,Time related underemployment rate(%),2021,32.403
Ruhango,South,Time related underemployment rate(%),2022,40.581
Ruhango,South,Time related underemployment rate(%),2023,38.586
Ruhango,South,Time related underemployment rate(%),2024,36.308
Ruhango,South,Time related underemployment rate(%),2025,32.474
Ruhango,South,LU1-Unemployment rate (%),2024,17.383
Ruhango,South,LU1-Unemployment rate (%),2025,9.412
Ruhango,South,LU2-Combined rate of unemployment and time-related underemployment(%),2017,39.905
Ruhango,South,LU2-Combined rate of unemployment and time-related underemployment(%),2018,37.302
Ruhango,South,LU2-Combined rate of unemployment and time-related underemployment(%),2019,42.78
Ruhango,South,LU2-Combined rate of unemployment and time-related underemployment(%),2021,46.105
Ruhango,South,LU2-Combined rate of unemployment and time-related underemployment(%),2022,52.784
Ruhango,South,LU2-Combined rate of unemployment and time-related underemployment(%),2023,46.902
Ruhango,South,LU2-Combined rate of unemployment and time-related underemployment(%),2024,47.38
Ruhango,South,LU2-Combined rate of unemployment and time-related underemployment(%),2025,38.829
Ruhango,South,LU3-Combined rate of unemployment and potential labour force(%),2017,41.461
Ruhango,South,LU3-Combined rate of unemployment and potential labour force(%),2018,36.949
Ruhango,South,LU3-Combined rate of unemployment and potential labour force(%),2019,39.386
Ruhango,South,LU3-Combined rate of unemployment and potential labour force(%),2021,44.654
Ruhango,South,LU3-Combined rate of unemployment and potential labour force(%),2022,39.853
Ruhango,South,LU3-Combined rate of unemployment and potential labour force(%),2023,38.759
Ruhango,South,LU3-Combined rate of unemployment and potential labour force(%),2024,37.836
Ruhango,South,LU3-Combined rate of unemployment and potential labour force(%),2025,36.971
Ruhango,South,LU4 - Composite measure of labour underutilization(%),2017,56.136
Ruhango,South,LU4 - Composite measure of labour underutilization(%),2018,52.86
Ruhango,South,LU4 - Composite measure of labour underutilization(%),2019,60.511
Ruhango,South,LU4 - Composite measure of labour underutilization(%),2021,62.588
Ruhango,South,LU4 - Composite measure of labour underutilization(%),2022,64.261
Ruhango,South,LU4 - Composite measure of labour underutilization(%),2023,62.39
Ruhango,South,LU4 - Composite measure of labour underutilization(%),2024,60.406
Ruhango,South,LU4 - Composite measure of labour underutilization(%),2025,57.439
Ruhango,South,NEET rate-Youth not in employment nor currently in education or training(%),2017,31.703
Ruhango,South,NEET rate-Youth not in employment nor currently in education or training(%),2018,28.581
Ruhango,South,NEET rate-Youth not in employment nor currently in education or training(%),2019,32.561
Ruhango,South,NEET rate-Youth not in employment nor currently in education or training(%),2021,42.775
Ruhango,South,NEET rate-Youth not in employment nor currently in education or training(%),2022,39.112
Ruhango,South,NEET rate-Youth not in employment nor currently in education or training(%),2023,37.486
Ruhango,South,NEET rate-Youth not in employment nor currently in education or training(%),2024,35.721
Ruhango,South,NEET rate-Youth not in employment nor currently in education or training(%),2025,28.298
Ruhango,South,Median monthly earnings at main job,2017,20800.0
Ruhango,South,Median monthly earnings at main job,2018,20800.0
Ruhango,South,Median monthly earnings at main job,2019,20800.0
Ruhango,South,Median monthly earnings at main job,2021,18200.0
Ruhango,South,Median monthly earnings at main job,2022,20800.0
Ruhango,South,Median monthly earnings at main job,2023,26000.0
Ruhango,South,Median monthly earnings at main job,2024,26000.0
Ruhango,South,Median monthly earnings at main job,2025,31200.0
Muhanga,South,Working age population(16+ years),2017,216852.429
Muhanga,South,Working age population(16+ years),2018,212389.907
Muhanga,South,Working age population(16+ years),2019,212809.606
Muhanga,South,Working age population(16+ years),2020,227172.93
Muhanga,South,Working age population(16+ years),2021,241393.941
Muhanga,South,Working age population(16+ years),2022,257923.157
Muhanga,South,Working age population(16+ years),2023,224735.86
Muhanga,South,Working age population(16+ years),2024,251760.957
Muhanga,South,Working age population(16+ years),2025,244389.182
Muhanga,South,Labour force,2017,90789.453
Muhanga,South,Labour force,2018,89520.673
Muhanga,South,Labour force,2019,87919.308
Muhanga,South,Labour force,2020,118903.539
Muhanga,South,Labour force,2021,131995.651
Muhanga,South,Labour force,2022,142983.431
Muhanga,South,Labour force,2023,104218.825
Muhanga,South,Labour force,2024,137352.471
Muhanga,South,Labour force,2025,139828.664
Muhanga,South,Employed,2017,71580.467
Muhanga,South,Employed,2018,76666.425
Muhanga,South,Employed,2019,72879.608
Muhanga,South,Employed,2020,100460.213
Muhanga,South,Employed,2021,100715.013
Muhanga,South,Employed,2022,108598.304
Muhanga,South,Employed,2023,89788.217
Muhanga,South,Employed,2024,113816.405
Muhanga,South,Employed,2025,122239.15
Muhanga,South,Unemployed,2017,19208.986
Muhanga,South,Unemployed,2018,12854.248
Muhanga,South,Unemployed,2019,15039.699
Muhanga,South,Unemployed,2020,18443.326
Muhanga,South,Unemployed,2021,31280.638
Muhanga,South,Unemployed,2022,34385.127
Muhanga,South,Unemployed,2023,14430.608
Muhanga,South,Unemployed,2024,23536.066
Muhanga,South,Unemployed,2025,17589.514
Muhanga,South,out of labour force,2017,126062.976
Muhanga,South,out of labour force,2018,122869.234
Muhanga,South,out of labour force,2019,124890.299
Muhanga,South,out of labour force,2020,108269.39
Muhanga,South,out of labour force,2021,109398.29
Muhanga,South,out of labour force,2022,114939.726
Muhanga,South,out of labour force,2023,120517.035
Muhanga,South,out of labour force,2024,114408.486
Muhanga,South,out of labour force,2025,104560.518
Muhanga,South,Time related underemployed,2017,23238.614
Muhanga,South,Time related underemployed,2018,31406.347
Muhanga,South,Time related underemployed,2019,17035.658
Muhanga,South,Time related underemployed,2021,31054.572
Muhanga,South,Time related underemployed,2022,32325.631
Muhanga,South,Time related underemployed,2023,16694.589
Muhanga,South,Time related underemployed,2024,32256.239
Muhanga,South,Time related underemployed,2025,54559.686
Muhanga,South,Potential labour force,2017,69104.2
Muhanga,South,Potential labour force,2018,66082.74
Muhanga,South,Potential labour force,2019,70334.031
Muhanga,South,Potential labour force,2021,40383.811
Muhanga,South,Potential labour force,2022,49920.414
Muhanga,South,Potential labour force,2023,44733.685
Muhanga,South,Potential labour force,2024,52174.709
Muhanga,South,Potential labour force,2025,55057.716
Muhanga,South,Labour underutilization,2017,111551.8
Muhanga,South,Labour underutilization,2018,110343.335
Muhanga,South,Labour underutilization,2019,102409.389
Muhanga,South,Labour underutilization,2021,102719.021
Muhanga,South,Labour underutilization,2022,116631.172
Muhanga,South,Labour underutilization,2023,75858.883
Muhanga,South,Labour underutilization,2024,107967.013
Muhanga,South,Labour underutilization,2025,127206.916
Muhanga,South,Labour force participation rate(%),2017,41.867
Muhanga,South,Labour force participation rate(%),2018,42.149
Muhanga,South,Labour force participation rate(%),2019,41.314
Muhanga,South,Labour force participation rate(%),2020,52.341
Muhanga,South,Labour force participation rate(%),2021,54.681
Muhanga,South,Labour force participation rate(%),2022,55.436
Muhanga,South,Labour force participation rate(%),2023,46.374
Muhanga,South,Labour force participation rate(%),2024,54.557
Muhanga,South,Labour force participation rate(%),2025,57.216
Muhanga,South,Employment-to-population ratio(%),2017,33.009
Muhanga,South,Employment-to-population ratio(%),2018,36.097
Muhanga,South,Employment-to-population ratio(%),2019,34.246
Muhanga,South,Employment-to-population ratio(%),2020,44.222
Muhanga,South,Employment-to-population ratio(%),2021,41.722
Muhanga,South,Employment-to-population ratio(%),2022,42.105
Muhanga,South,Employment-to-population ratio(%),2023,39.953
Muhanga,South,Employment-to-population ratio(%),2024,45.208
Muhanga,South,Employment-to-population ratio(%),2025,50.018
Muhanga,South,Rate of population outside labour force(%),2017,58.133
Muhanga,South,Rate of population outside labour force(%),2018,57.851
Muhanga,South,Rate of population outside labour force(%),2019,58.686
Muhanga,South,Rate of population outside labour force(%),2020,47.659
Muhanga,South,Rate of population outside labour force(%),2021,45.319
Muhanga,South,Rate of population outside labour force(%),2022,44.564
Muhanga,South,Rate of population outside labour force(%),2023,53.626
Muhanga,South,Rate of population outside labour force(%),2024,45.443
Muhanga,South,Rate of population outside labour force(%),2025,42.784
Muhanga,South,Time related underemployment rate(%),2017,32.465
Muhanga,South,Time related underemployment rate(%),2018,40.965
Muhanga,South,Time related underemployment rate(%),2019,23.375
Muhanga,South,Time related underemployment rate(%),2021,30.834
Muhanga,South,Time related underemployment rate(%),2022,29.766
Muhanga,South,Time related underemployment rate(%),2023,18.593
Muhanga,South,Time related underemployment rate(%),2024,28.341
Muhanga,South,Time related underemployment rate(%),2025,44.634
Muhanga,South,LU1-Unemployment rate (%),2024,17.136
Muhanga,South,LU1-Unemployment rate (%),2025,12.579
Muhanga,South,LU2-Combined rate of unemployment and time-related underemployment(%),2017,46.754
Muhanga,South,LU2-Combined rate of unemployment and time-related underemployment(%),2018,49.442
Muhanga,South,LU2-Combined rate of unemployment and time-related underemployment(%),2019,36.483
Muhanga,South,LU2-Combined rate of unemployment and time-related underemployment(%),2021,47.225
Muhanga,South,LU2-Combined rate of unemployment and time-related underemployment(%),2022,46.656
Muhanga,South,LU2-Combined rate of unemployment and time-related underemployment(%),2023,29.865
Muhanga,South,LU2-Combined rate of unemployment and time-related underemployment(%),2024,40.62
Muhanga,South,LU2-Combined rate of unemployment and time-related underemployment(%),2025,51.598
Muhanga,South,LU3-Combined rate of unemployment and potential labour force(%),2017,55.232
Muhanga,South,LU3-Combined rate of unemployment and potential labour force(%),2018,50.73
Muhanga,South,LU3-Combined rate of unemployment and potential labour force(%),2019,53.948
Muhanga,South,LU3-Combined rate of unemployment and potential labour force(%),2021,41.574
Muhanga,South,LU3-Combined rate of unemployment and potential labour force(%),2022,43.703
Muhanga,South,LU3-Combined rate of unemployment and potential labour force(%),2023,39.72
Muhanga,South,LU3-Combined rate of unemployment and potential labour force(%),2024,39.947
Muhanga,South,LU3-Combined rate of unemployment and potential labour force(%),2025,37.277
Muhanga,South,LU4 - Composite measure of labour underutilization(%),2017,69.766
Muhanga,South,LU4 - Composite measure of labour underutilization(%),2018,70.913
Muhanga,South,LU4 - Composite measure of labour underutilization(%),2019,64.712
Muhanga,South,LU4 - Composite measure of labour underutilization(%),2021,59.589
Muhanga,South,LU4 - Composite measure of labour underutilization(%),2022,60.461
Muhanga,South,LU4 - Composite measure of labour underutilization(%),2023,50.928
Muhanga,South,LU4 - Composite measure of labour underutilization(%),2024,56.967
Muhanga,South,LU4 - Composite measure of labour underutilization(%),2025,65.272
Muhanga,South,NEET rate-Youth not in employment nor currently in education or training(%),2017,43.959
Muhanga,South,NEET rate-Youth not in employment nor currently in education or training(%),2018,38.782
Muhanga,South,NEET rate-Youth not in employment nor currently in education or training(%),2019,44.997
Muhanga,South,NEET rate-Youth not in employment nor currently in education or training(%),2021,39.721
Muhanga,South,NEET rate-Youth not in employment nor currently in education or training(%),2022,38.84
Muhanga,South,NEET rate-Youth not in employment nor currently in education or training(%),2023,40.815
Muhanga,South,NEET rate-Youth not in employment nor currently in education or training(%),2024,31.123
Muhanga,South,NEET rate-Youth not in employment nor currently in education or training(%),2025,32.305
Muhanga,South,Median monthly earnings at main job,2017,26000.0
Muhanga,South,Median monthly earnings at main job,2018,26000.0
Muhanga,South,Median monthly earnings at main job,2019,20800.0
Muhanga,South,Median monthly earnings at main job,2021,20800.0
Muhanga,South,Median monthly earnings at main job,2022,20800.0
Muhanga,South,Median monthly earnings at main job,2023,30000.0
Muhanga,South,Median monthly earnings at main job,2024,31200.0
Muhanga,South,Median monthly earnings at main job,2025,39000.0
Kamonyi,South,Working age population(16+ years),2017,258969.864
Kamonyi,South,Working age population(16+ years),2018,241265.339
Kamonyi,South,Working age population(16+ years),2019,252946.577
Kamonyi,South,Working age population(16+ years),2020,243871.475
Kamonyi,South,Working age population(16+ years),2021,226171.807
Kamonyi,South,Working age population(16+ years),2022,251370.668
Kamonyi,South,Working age population(16+ years),2023,322670.84
Kamonyi,South,Working age population(16+ years),2024,295924.302
Kamonyi,South,Working age population(16+ years),2025,309528.764
Kamonyi,South,Labour force,2017,142627.028
Kamonyi,South,Labour force,2018,124451.817
Kamonyi,South,Labour force,2019,127526.501
Kamonyi,South,Labour force,2020,116336.357
Kamonyi,South,Labour force,2021,112029.838
Kamonyi,South,Labour force,2022,130315.679
Kamonyi,South,Labour force,2023,181102.146
Kamonyi,South,Labour force,2024,173748.026
Kamonyi,South,Labour force,2025,174657.196
Kamonyi,South,Employed,2017,109494.022
Kamonyi,South,Employed,2018,94496.579
Kamonyi,South,Employed,2019,103433.905
Kamonyi,South,Employed,2020,100030.622
Kamonyi,South,Employed,2021,89582.687
Kamonyi,South,Employed,2022,101498.754
Kamonyi,South,Employed,2023,151416.028
Kamonyi,South,Employed,2024,142715.693
Kamonyi,South,Employed,2025,144248.415
Kamonyi,South,Unemployed,2017,33133.006
Kamonyi,South,Unemployed,2018,29955.239
Kamonyi,South,Unemployed,2019,24092.597
Kamonyi,South,Unemployed,2020,16305.736
Kamonyi,South,Unemployed,2021,22447.151
Kamonyi,South,Unemployed,2022,28816.925
Kamonyi,South,Unemployed,2023,29686.118
Kamonyi,South,Unemployed,2024,31032.333
Kamonyi,South,Unemployed,2025,30408.781
Kamonyi,South,out of labour force,2017,116342.836
Kamonyi,South,out of labour force,2018,116813.522
Kamonyi,South,out of labour force,2019,125420.076
Kamonyi,South,out of labour force,2020,127535.118
Kamonyi,South,out of labour force,2021,114141.969
Kamonyi,South,out of labour force,2022,121054.989
Kamonyi,South,out of labour force,2023,141568.694
Kamonyi,South,out of labour force,2024,122176.276
Kamonyi,South,out of labour force,2025,134871.567
Kamonyi,South,Time related underemployed,2017,24005.567
Kamonyi,South,Time related underemployed,2018,25500.233
Kamonyi,South,Time related underemployed,2019,31782.058
Kamonyi,South,Time related underemployed,2021,37134.707
Kamonyi,South,Time related underemployed,2022,40626.113
Kamonyi,South,Time related underemployed,2023,31211.923
Kamonyi,South,Time related underemployed,2024,43451.927
Kamonyi,South,Time related underemployed,2025,55129.281
Kamonyi,South,Potential labour force,2017,51959.96
Kamonyi,South,Potential labour force,2018,44793.745
Kamonyi,South,Potential labour force,2019,55515.087
Kamonyi,South,Potential labour force,2021,54606.387
Kamonyi,South,Potential labour force,2022,43283.818
Kamonyi,South,Potential labour force,2023,53356.021
Kamonyi,South,Potential labour force,2024,57193.443
Kamonyi,South,Potential labour force,2025,70350.207
Kamonyi,South,Labour underutilization,2017,109098.533
Kamonyi,South,Labour underutilization,2018,100249.217
Kamonyi,South,Labour underutilization,2019,111389.741
Kamonyi,South,Labour underutilization,2021,114188.245
Kamonyi,South,Labour underutilization,2022,112726.857
Kamonyi,South,Labour underutilization,2023,114254.063
Kamonyi,South,Labour underutilization,2024,131677.703
Kamonyi,South,Labour underutilization,2025,155888.269
Kamonyi,South,Labour force participation rate(%),2017,55.075
Kamonyi,South,Labour force participation rate(%),2018,51.583
Kamonyi,South,Labour force participation rate(%),2019,50.416
Kamonyi,South,Labour force participation rate(%),2020,47.704
Kamonyi,South,Labour force participation rate(%),2021,49.533
Kamonyi,South,Labour force participation rate(%),2022,51.842
Kamonyi,South,Labour force participation rate(%),2023,56.126
Kamonyi,South,Labour force participation rate(%),2024,58.714
Kamonyi,South,Labour force participation rate(%),2025,56.427
Kamonyi,South,Employment-to-population ratio(%),2017,42.281
Kamonyi,South,Employment-to-population ratio(%),2018,39.167
Kamonyi,South,Employment-to-population ratio(%),2019,40.892
Kamonyi,South,Employment-to-population ratio(%),2020,41.018
Kamonyi,South,Employment-to-population ratio(%),2021,39.608
Kamonyi,South,Employment-to-population ratio(%),2022,40.378
Kamonyi,South,Employment-to-population ratio(%),2023,46.926
Kamonyi,South,Employment-to-population ratio(%),2024,48.227
Kamonyi,South,Employment-to-population ratio(%),2025,46.603
Kamonyi,South,Rate of population outside labour force(%),2017,44.925
Kamonyi,South,Rate of population outside labour force(%),2018,48.417
Kamonyi,South,Rate of population outside labour force(%),2019,49.584
Kamonyi,South,Rate of population outside labour force(%),2020,52.296
Kamonyi,South,Rate of population outside labour force(%),2021,50.467
Kamonyi,South,Rate of population outside labour force(%),2022,48.158
Kamonyi,South,Rate of population outside labour force(%),2023,43.874
Kamonyi,South,Rate of population outside labour force(%),2024,41.286
Kamonyi,South,Rate of population outside labour force(%),2025,43.573
Kamonyi,South,Time related underemployment rate(%),2017,21.924
Kamonyi,South,Time related underemployment rate(%),2018,26.985
Kamonyi,South,Time related underemployment rate(%),2019,30.727
Kamonyi,South,Time related underemployment rate(%),2021,41.453
Kamonyi,South,Time related underemployment rate(%),2022,40.026
Kamonyi,South,Time related underemployment rate(%),2023,20.613
Kamonyi,South,Time related underemployment rate(%),2024,30.446
Kamonyi,South,Time related underemployment rate(%),2025,38.218
Kamonyi,South,LU1-Unemployment rate (%),2024,17.861
Kamonyi,South,LU1-Unemployment rate (%),2025,17.411
Kamonyi,South,LU2-Combined rate of unemployment and time-related underemployment(%),2017,40.062
Kamonyi,South,LU2-Combined rate of unemployment and time-related underemployment(%),2018,44.56
Kamonyi,South,LU2-Combined rate of unemployment and time-related underemployment(%),2019,43.814
Kamonyi,South,LU2-Combined rate of unemployment and time-related underemployment(%),2021,53.184
Kamonyi,South,LU2-Combined rate of unemployment and time-related underemployment(%),2022,53.288
Kamonyi,South,LU2-Combined rate of unemployment and time-related underemployment(%),2023,33.626
Kamonyi,South,LU2-Combined rate of unemployment and time-related underemployment(%),2024,42.869
Kamonyi,South,LU2-Combined rate of unemployment and time-related underemployment(%),2025,48.975
Kamonyi,South,LU3-Combined rate of unemployment and potential labour force(%),2017,43.73
Kamonyi,South,LU3-Combined rate of unemployment and potential labour force(%),2018,44.166
Kamonyi,South,LU3-Combined rate of unemployment and potential labour force(%),2019,43.492
Kamonyi,South,LU3-Combined rate of unemployment and potential labour force(%),2021,46.241
Kamonyi,South,LU3-Combined rate of unemployment and potential labour force(%),2022,41.533
Kamonyi,South,LU3-Combined rate of unemployment and potential labour force(%),2023,35.419
Kamonyi,South,LU3-Combined rate of unemployment and potential labour force(%),2024,38.203
Kamonyi,South,LU3-Combined rate of unemployment and potential labour force(%),2025,41.125
Kamonyi,South,LU4 - Composite measure of labour underutilization(%),2017,56.067
Kamonyi,South,LU4 - Composite measure of labour underutilization(%),2018,59.233
Kamonyi,South,LU4 - Composite measure of labour underutilization(%),2019,60.855
Kamonyi,South,LU4 - Composite measure of labour underutilization(%),2021,68.525
Kamonyi,South,LU4 - Composite measure of labour underutilization(%),2022,64.935
Kamonyi,South,LU4 - Composite measure of labour underutilization(%),2023,48.731
Kamonyi,South,LU4 - Composite measure of labour underutilization(%),2024,57.018
Kamonyi,South,LU4 - Composite measure of labour underutilization(%),2025,63.626
Kamonyi,South,NEET rate-Youth not in employment nor currently in education or training(%),2017,31.654
Kamonyi,South,NEET rate-Youth not in employment nor currently in education or training(%),2018,36.665
Kamonyi,South,NEET rate-Youth not in employment nor currently in education or training(%),2019,37.307
Kamonyi,South,NEET rate-Youth not in employment nor currently in education or training(%),2021,36.544
Kamonyi,South,NEET rate-Youth not in employment nor currently in education or training(%),2022,32.931
Kamonyi,South,NEET rate-Youth not in employment nor currently in education or training(%),2023,34.601
Kamonyi,South,NEET rate-Youth not in employment nor currently in education or training(%),2024,30.875
Kamonyi,South,NEET rate-Youth not in employment nor currently in education or training(%),2025,28.758
Kamonyi,South,Median monthly earnings at main job,2017,26000.0
Kamonyi,South,Median monthly earnings at main job,2018,26000.0
Kamonyi,South,Median monthly earnings at main job,2019,26000.0
Kamonyi,South,Median monthly earnings at main job,2021,26000.0
Kamonyi,South,Median monthly earnings at main job,2022,26000.0
Kamonyi,South,Median monthly earnings at main job,2023,31200.0
Kamonyi,South,Median monthly earnings at main job,2024,39000.0
Kamonyi,South,Median monthly earnings at main job,2025,46800.0
Karongi,West,Working age population(16+ years),2017,195557.63
Karongi,West,Working age population(16+ years),2018,183332.375
Karongi,West,Working age population(16+ years),2019,193683.439
Karongi,West,Working age population(16+ years),2020,176922.697
Karongi,West,Working age population(16+ years),2021,220201.813
Karongi,West,Working age population(16+ years),2022,258874.574
Karongi,West,Working age population(16+ years),2023,210375.905
Karongi,West,Working age population(16+ years),2024,224109.928
Karongi,West,Working age population(16+ years),2025,228591.719
Karongi,West,Labour force,2017,108660.197
Karongi,West,Labour force,2018,90235.792
Karongi,West,Labour force,2019,95954.139
Karongi,West,Labour force,2020,83020.703
Karongi,West,Labour force,2021,99951.468
Karongi,West,Labour force,2022,132654.491
Karongi,West,Labour force,2023,113644.384
Karongi,West,Labour force,2024,130875.383
Karongi,West,Labour force,2025,144192.759
Karongi,West,Employed,2017,81209.218
Karongi,West,Employed,2018,77891.035
Karongi,West,Employed,2019,77241.31
Karongi,West,Employed,2020,66281.626
Karongi,West,Employed,2021,74858.168
Karongi,West,Employed,2022,102607.582
Karongi,West,Employed,2023,89787.503
Karongi,West,Employed,2024,104452.348
Karongi,West,Employed,2025,126801.039
Karongi,West,Unemployed,2017,27450.979
Karongi,West,Unemployed,2018,12344.757
Karongi,West,Unemployed,2019,18712.829
Karongi,West,Unemployed,2020,16739.076
Karongi,West,Unemployed,2021,25093.3
Karongi,West,Unemployed,2022,30046.909
Karongi,West,Unemployed,2023,23856.881
Karongi,West,Unemployed,2024,26423.035
Karongi,West,Unemployed,2025,17391.72
Karongi,West,out of labour force,2017,86897.433
Karongi,West,out of labour force,2018,93096.583
Karongi,West,out of labour force,2019,97729.3
Karongi,West,out of labour force,2020,93901.994
Karongi,West,out of labour force,2021,120250.345
Karongi,West,out of labour force,2022,126220.084
Karongi,West,out of labour force,2023,96731.521
Karongi,West,out of labour force,2024,93234.545
Karongi,West,out of labour force,2025,84398.96
Karongi,West,Time related underemployed,2017,26424.394
Karongi,West,Time related underemployed,2018,20313.96
Karongi,West,Time related underemployed,2019,29102.858
Karongi,West,Time related underemployed,2021,27059.118
Karongi,West,Time related underemployed,2022,30856.284
Karongi,West,Time related underemployed,2023,38611.67
Karongi,West,Time related underemployed,2024,52644.489
Karongi,West,Time related underemployed,2025,66844.587
Karongi,West,Potential labour force,2017,27022.396
Karongi,West,Potential labour force,2018,26263.986
Karongi,West,Potential labour force,2019,39535.635
Karongi,West,Potential labour force,2021,36982.275
Karongi,West,Potential labour force,2022,33009.409
Karongi,West,Potential labour force,2023,46829.437
Karongi,West,Potential labour force,2024,40719.247
Karongi,West,Potential labour force,2025,36899.361
Karongi,West,Labour underutilization,2017,80897.769
Karongi,West,Labour underutilization,2018,58922.704
Karongi,West,Labour underutilization,2019,87351.321
Karongi,West,Labour underutilization,2021,89134.693
Karongi,West,Labour underutilization,2022,93912.601
Karongi,West,Labour underutilization,2023,109297.989
Karongi,West,Labour underutilization,2024,119786.77
Karongi,West,Labour underutilization,2025,121135.668
Karongi,West,Labour force participation rate(%),2017,55.564
Karongi,West,Labour force participation rate(%),2018,49.22
Karongi,West,Labour force participation rate(%),2019,49.542
Karongi,West,Labour force participation rate(%),2020,46.925
Karongi,West,Labour force participation rate(%),2021,45.391
Karongi,West,Labour force participation rate(%),2022,51.243
Karongi,West,Labour force participation rate(%),2023,54.02
Karongi,West,Labour force participation rate(%),2024,58.398
Karongi,West,Labour force participation rate(%),2025,63.079
Karongi,West,Employment-to-population ratio(%),2017,41.527
Karongi,West,Employment-to-population ratio(%),2018,42.486
Karongi,West,Employment-to-population ratio(%),2019,39.88
Karongi,West,Employment-to-population ratio(%),2020,37.464
Karongi,West,Employment-to-population ratio(%),2021,33.995
Karongi,West,Employment-to-population ratio(%),2022,39.636
Karongi,West,Employment-to-population ratio(%),2023,42.68
Karongi,West,Employment-to-population ratio(%),2024,46.608
Karongi,West,Employment-to-population ratio(%),2025,55.471
Karongi,West,Rate of population outside labour force(%),2017,44.436
Karongi,West,Rate of population outside labour force(%),2018,50.78
Karongi,West,Rate of population outside labour force(%),2019,50.458
Karongi,West,Rate of population outside labour force(%),2020,53.075
Karongi,West,Rate of population outside labour force(%),2021,54.609
Karongi,West,Rate of population outside labour force(%),2022,48.757
Karongi,West,Rate of population outside labour force(%),2023,45.98
Karongi,West,Rate of population outside labour force(%),2024,41.602
Karongi,West,Rate of population outside labour force(%),2025,36.921
Karongi,West,Time related underemployment rate(%),2017,32.539
Karongi,West,Time related underemployment rate(%),2018,26.08
Karongi,West,Time related underemployment rate(%),2019,37.678
Karongi,West,Time related underemployment rate(%),2021,36.147
Karongi,West,Time related underemployment rate(%),2022,30.072
Karongi,West,Time related underemployment rate(%),2023,43.003
Karongi,West,Time related underemployment rate(%),2024,50.4
Karongi,West,Time related underemployment rate(%),2025,52.716
Karongi,West,LU1-Unemployment rate (%),2024,20.189
Karongi,West,LU1-Unemployment rate (%),2025,12.061
Karongi,West,LU2-Combined rate of unemployment and time-related underemployment(%),2017,49.582
Karongi,West,LU2-Combined rate of unemployment and time-related underemployment(%),2018,36.193
Karongi,West,LU2-Combined rate of unemployment and time-related underemployment(%),2019,49.832
Karongi,West,LU2-Combined rate of unemployment and time-related underemployment(%),2021,52.178
Karongi,West,LU2-Combined rate of unemployment and time-related underemployment(%),2022,45.911
Karongi,West,LU2-Combined rate of unemployment and time-related underemployment(%),2023,54.968
Karongi,West,LU2-Combined rate of unemployment and time-related underemployment(%),2024,60.414
Karongi,West,LU2-Combined rate of unemployment and time-related underemployment(%),2025,58.419
Karongi,West,LU3-Combined rate of unemployment and potential labour force(%),2017,40.148
Karongi,West,LU3-Combined rate of unemployment and potential labour force(%),2018,33.141
Karongi,West,LU3-Combined rate of unemployment and potential labour force(%),2019,42.991
Karongi,West,LU3-Combined rate of unemployment and potential labour force(%),2021,45.333
Karongi,West,LU3-Combined rate of unemployment and potential labour force(%),2022,38.063
Karongi,West,LU3-Combined rate of unemployment and potential labour force(%),2023,44.049
Karongi,West,LU3-Combined rate of unemployment and potential labour force(%),2024,39.128
Karongi,West,LU3-Combined rate of unemployment and potential labour force(%),2025,29.98
Karongi,West,LU4 - Composite measure of labour underutilization(%),2017,59.623
Karongi,West,LU4 - Composite measure of labour underutilization(%),2018,50.578
Karongi,West,LU4 - Composite measure of labour underutilization(%),2019,64.471
Karongi,West,LU4 - Composite measure of labour underutilization(%),2021,65.093
Karongi,West,LU4 - Composite measure of labour underutilization(%),2022,56.689
Karongi,West,LU4 - Composite measure of labour underutilization(%),2023,68.11
Karongi,West,LU4 - Composite measure of labour underutilization(%),2024,69.808
Karongi,West,LU4 - Composite measure of labour underutilization(%),2025,66.892
Karongi,West,NEET rate-Youth not in employment nor currently in education or training(%),2017,29.973
Karongi,West,NEET rate-Youth not in employment nor currently in education or training(%),2018,27.916
Karongi,West,NEET rate-Youth not in employment nor currently in education or training(%),2019,29.022
Karongi,West,NEET rate-Youth not in employment nor currently in education or training(%),2021,39.592
Karongi,West,NEET rate-Youth not in employment nor currently in education or training(%),2022,32.355
Karongi,West,NEET rate-Youth not in employment nor currently in education or training(%),2023,43.178
Karongi,West,NEET rate-Youth not in employment nor currently in education or training(%),2024,31.535
Karongi,West,NEET rate-Youth not in employment nor currently in education or training(%),2025,22.206
Karongi,West,Median monthly earnings at main job,2017,20800.0
Karongi,West,Median monthly earnings at main job,2018,26000.0
Karongi,West,Median monthly earnings at main job,2019,18200.0
Karongi,West,Median monthly earnings at main job,2021,20800.0
Karongi,West,Median monthly earnings at main job,2022,26000.0
Karongi,West,Median monthly earnings at main job,2023,26000.0
Karongi,West,Median monthly earnings at main job,2024,31200.0
Karongi,West,Median monthly earnings at main job,2025,31200.0
Rutsiro,West,Working age population(16+ years),2017,172322.601
Rutsiro,West,Working age population(16+ years),2018,155498.454
Rutsiro,West,Working age population(16+ years),2019,191098.719
Rutsiro,West,Working age population(16+ years),2020,229258.202
Rutsiro,West,Working age population(16+ years),2021,193500.934
Rutsiro,West,Working age population(16+ years),2022,207953.973
Rutsiro,West,Working age population(16+ years),2023,182054.936
Rutsiro,West,Working age population(16+ years),2024,207645.671
Rutsiro,West,Working age population(16+ years),2025,226020.143
Rutsiro,West,Labour force,2017,94125.883
Rutsiro,West,Labour force,2018,80814.708
Rutsiro,West,Labour force,2019,100466.199
Rutsiro,West,Labour force,2020,115455.438
Rutsiro,West,Labour force,2021,109759.522
Rutsiro,West,Labour force,2022,115005.391
Rutsiro,West,Labour force,2023,96737.414
Rutsiro,West,Labour force,2024,134920.911
Rutsiro,West,Labour force,2025,151369.885
Rutsiro,West,Employed,2017,69302.984
Rutsiro,West,Employed,2018,65515.921
Rutsiro,West,Employed,2019,85904.897
Rutsiro,West,Employed,2020,95166.993
Rutsiro,West,Employed,2021,91640.673
Rutsiro,West,Employed,2022,92072.864
Rutsiro,West,Employed,2023,82706.258
Rutsiro,West,Employed,2024,118430.825
Rutsiro,West,Employed,2025,127801.574
Rutsiro,West,Unemployed,2017,24822.899
Rutsiro,West,Unemployed,2018,15298.787
Rutsiro,West,Unemployed,2019,14561.302
Rutsiro,West,Unemployed,2020,20288.444
Rutsiro,West,Unemployed,2021,18118.849
Rutsiro,West,Unemployed,2022,22932.527
Rutsiro,West,Unemployed,2023,14031.156
Rutsiro,West,Unemployed,2024,16490.086
Rutsiro,West,Unemployed,2025,23568.311
Rutsiro,West,out of labour force,2017,78196.718
Rutsiro,West,out of labour force,2018,74683.747
Rutsiro,West,out of labour force,2019,90632.52
Rutsiro,West,out of labour force,2020,113802.764
Rutsiro,West,out of labour force,2021,83741.412
Rutsiro,West,out of labour force,2022,92948.582
Rutsiro,West,out of labour force,2023,85317.523
Rutsiro,West,out of labour force,2024,72724.76
Rutsiro,West,out of labour force,2025,74650.258
Rutsiro,West,Time related underemployed,2017,35869.957
Rutsiro,West,Time related underemployed,2018,32255.165
Rutsiro,West,Time related underemployed,2019,40363.793
Rutsiro,West,Time related underemployed,2021,36007.037
Rutsiro,West,Time related underemployed,2022,39524.263
Rutsiro,West,Time related underemployed,2023,30807.881
Rutsiro,West,Time related underemployed,2024,40692.054
Rutsiro,West,Time related underemployed,2025,57636.63
Rutsiro,West,Potential labour force,2017,44086.485
Rutsiro,West,Potential labour force,2018,42766.045
Rutsiro,West,Potential labour force,2019,47666.73
Rutsiro,West,Potential labour force,2021,35455.388
Rutsiro,West,Potential labour force,2022,30819.084
Rutsiro,West,Potential labour force,2023,40627.764
Rutsiro,West,Potential labour force,2024,34206.717
Rutsiro,West,Potential labour force,2025,41183.67
Rutsiro,West,Labour underutilization,2017,104779.342
Rutsiro,West,Labour underutilization,2018,90319.997
Rutsiro,West,Labour underutilization,2019,102591.825
Rutsiro,West,Labour underutilization,2021,89581.273
Rutsiro,West,Labour underutilization,2022,93275.873
Rutsiro,West,Labour underutilization,2023,85466.801
Rutsiro,West,Labour underutilization,2024,91388.857
Rutsiro,West,Labour underutilization,2025,122388.61
Rutsiro,West,Labour force participation rate(%),2017,54.622
Rutsiro,West,Labour force participation rate(%),2018,51.971
Rutsiro,West,Labour force participation rate(%),2019,52.573
Rutsiro,West,Labour force participation rate(%),2020,50.36
Rutsiro,West,Labour force participation rate(%),2021,56.723
Rutsiro,West,Labour force participation rate(%),2022,55.303
Rutsiro,West,Labour force participation rate(%),2023,53.136
Rutsiro,West,Labour force participation rate(%),2024,64.977
Rutsiro,West,Labour force participation rate(%),2025,66.972
Rutsiro,West,Employment-to-population ratio(%),2017,40.217
Rutsiro,West,Employment-to-population ratio(%),2018,42.133
Rutsiro,West,Employment-to-population ratio(%),2019,44.953
Rutsiro,West,Employment-to-population ratio(%),2020,41.511
Rutsiro,West,Employment-to-population ratio(%),2021,47.359
Rutsiro,West,Employment-to-population ratio(%),2022,44.276
Rutsiro,West,Employment-to-population ratio(%),2023,45.429
Rutsiro,West,Employment-to-population ratio(%),2024,57.035
Rutsiro,West,Employment-to-population ratio(%),2025,56.544
Rutsiro,West,Rate of population outside labour force(%),2017,45.378
Rutsiro,West,Rate of population outside labour force(%),2018,48.029
Rutsiro,West,Rate of population outside labour force(%),2019,47.427
Rutsiro,West,Rate of population outside labour force(%),2020,49.64
Rutsiro,West,Rate of population outside labour force(%),2021,43.277
Rutsiro,West,Rate of population outside labour force(%),2022,44.697
Rutsiro,West,Rate of population outside labour force(%),2023,46.864
Rutsiro,West,Rate of population outside labour force(%),2024,35.023
Rutsiro,West,Rate of population outside labour force(%),2025,33.028
Rutsiro,West,Time related underemployment rate(%),2017,51.758
Rutsiro,West,Time related underemployment rate(%),2018,49.233
Rutsiro,West,Time related underemployment rate(%),2019,46.987
Rutsiro,West,Time related underemployment rate(%),2021,39.292
Rutsiro,West,Time related underemployment rate(%),2022,42.927
Rutsiro,West,Time related underemployment rate(%),2023,37.25
Rutsiro,West,Time related underemployment rate(%),2024,34.359
Rutsiro,West,Time related underemployment rate(%),2025,45.099
Rutsiro,West,LU1-Unemployment rate (%),2024,12.222
Rutsiro,West,LU1-Unemployment rate (%),2025,15.57
Rutsiro,West,LU2-Combined rate of unemployment and time-related underemployment(%),2017,64.481
Rutsiro,West,LU2-Combined rate of unemployment and time-related underemployment(%),2018,58.843
Rutsiro,West,LU2-Combined rate of unemployment and time-related underemployment(%),2019,54.67
Rutsiro,West,LU2-Combined rate of unemployment and time-related underemployment(%),2021,49.313
Rutsiro,West,LU2-Combined rate of unemployment and time-related underemployment(%),2022,54.308
Rutsiro,West,LU2-Combined rate of unemployment and time-related underemployment(%),2023,46.351
Rutsiro,West,LU2-Combined rate of unemployment and time-related underemployment(%),2024,42.382
Rutsiro,West,LU2-Combined rate of unemployment and time-related underemployment(%),2025,53.647
Rutsiro,West,LU3-Combined rate of unemployment and potential labour force(%),2017,49.858
Rutsiro,West,LU3-Combined rate of unemployment and potential labour force(%),2018,46.985
Rutsiro,West,LU3-Combined rate of unemployment and potential labour force(%),2019,42.008
Rutsiro,West,LU3-Combined rate of unemployment and potential labour force(%),2021,36.893
Rutsiro,West,LU3-Combined rate of unemployment and potential labour force(%),2022,36.86
Rutsiro,West,LU3-Combined rate of unemployment and potential labour force(%),2023,39.791
Rutsiro,West,LU3-Combined rate of unemployment and potential labour force(%),2024,29.975
Rutsiro,West,LU3-Combined rate of unemployment and potential labour force(%),2025,33.628
Rutsiro,West,LU4 - Composite measure of labour underutilization(%),2017,75.81
Rutsiro,West,LU4 - Composite measure of labour underutilization(%),2018,73.086
Rutsiro,West,LU4 - Composite measure of labour underutilization(%),2019,69.257
Rutsiro,West,LU4 - Composite measure of labour underutilization(%),2021,61.689
Rutsiro,West,LU4 - Composite measure of labour underutilization(%),2022,63.964
Rutsiro,West,LU4 - Composite measure of labour underutilization(%),2023,62.219
Rutsiro,West,LU4 - Composite measure of labour underutilization(%),2024,54.035
Rutsiro,West,LU4 - Composite measure of labour underutilization(%),2025,63.561
Rutsiro,West,NEET rate-Youth not in employment nor currently in education or training(%),2017,47.419
Rutsiro,West,NEET rate-Youth not in employment nor currently in education or training(%),2018,40.157
Rutsiro,West,NEET rate-Youth not in employment nor currently in education or training(%),2019,40.338
Rutsiro,West,NEET rate-Youth not in employment nor currently in education or training(%),2021,35.763
Rutsiro,West,NEET rate-Youth not in employment nor currently in education or training(%),2022,38.242
Rutsiro,West,NEET rate-Youth not in employment nor currently in education or training(%),2023,32.49
Rutsiro,West,NEET rate-Youth not in employment nor currently in education or training(%),2024,26.312
Rutsiro,West,NEET rate-Youth not in employment nor currently in education or training(%),2025,26.315
Rutsiro,West,Median monthly earnings at main job,2017,17333.334
Rutsiro,West,Median monthly earnings at main job,2018,20000.0
Rutsiro,West,Median monthly earnings at main job,2019,15600.0
Rutsiro,West,Median monthly earnings at main job,2021,20800.0
Rutsiro,West,Median monthly earnings at main job,2022,20800.0
Rutsiro,West,Median monthly earnings at main job,2023,26000.0
Rutsiro,West,Median monthly earnings at main job,2024,31200.0
Rutsiro,West,Median monthly earnings at main job,2025,31200.0
Rubavu,West,Working age population(16+ years),2017,218031.385
Rubavu,West,Working age population(16+ years),2018,218856.419
Rubavu,West,Working age population(16+ years),2019,235953.972
Rubavu,West,Working age population(16+ years),2020,242464.635
Rubavu,West,Working age population(16+ years),2021,268873.568
Rubavu,West,Working age population(16+ years),2022,245433.414
Rubavu,West,Working age population(16+ years),2023,319809.587
Rubavu,West,Working age population(16+ years),2024,308795.576
Rubavu,West,Working age population(16+ years),2025,307831.629
Rubavu,West,Labour force,2017,134118.557
Rubavu,West,Labour force,2018,117572.128
Rubavu,West,Labour force,2019,131554.11
Rubavu,West,Labour force,2020,135941.403
Rubavu,West,Labour force,2021,154922.377
Rubavu,West,Labour force,2022,149432.931
Rubavu,West,Labour force,2023,199991.197
Rubavu,West,Labour force,2024,208374.94
Rubavu,West,Labour force,2025,211617.34
Rubavu,West,Employed,2017,110942.595
Rubavu,West,Employed,2018,98265.801
Rubavu,West,Employed,2019,112219.83
Rubavu,West,Employed,2020,112597.405
Rubavu,West,Employed,2021,122898.213
Rubavu,West,Employed,2022,119900.101
Rubavu,West,Employed,2023,172830.281
Rubavu,West,Employed,2024,179334.519
Rubavu,West,Employed,2025,184780.21
Rubavu,West,Unemployed,2017,23175.962
Rubavu,West,Unemployed,2018,19306.327
Rubavu,West,Unemployed,2019,19334.281
Rubavu,West,Unemployed,2020,23343.998
Rubavu,West,Unemployed,2021,32024.164
Rubavu,West,Unemployed,2022,29532.83
Rubavu,West,Unemployed,2023,27160.917
Rubavu,West,Unemployed,2024,29040.421
Rubavu,West,Unemployed,2025,26837.13
Rubavu,West,out of labour force,2017,83912.828
Rubavu,West,out of labour force,2018,101284.29
Rubavu,West,out of labour force,2019,104399.862
Rubavu,West,out of labour force,2020,106523.233
Rubavu,West,out of labour force,2021,113951.191
Rubavu,West,out of labour force,2022,96000.484
Rubavu,West,out of labour force,2023,119818.39
Rubavu,West,out of labour force,2024,100420.636
Rubavu,West,out of labour force,2025,96214.289
Rubavu,West,Time related underemployed,2017,32328.926
Rubavu,West,Time related underemployed,2018,26338.663
Rubavu,West,Time related underemployed,2019,31117.883
Rubavu,West,Time related underemployed,2021,42642.801
Rubavu,West,Time related underemployed,2022,26038.01
Rubavu,West,Time related underemployed,2023,54640.12
Rubavu,West,Time related underemployed,2024,52268.484
Rubavu,West,Time related underemployed,2025,58409.411
Rubavu,West,Potential labour force,2017,34085.7
Rubavu,West,Potential labour force,2018,39376.015
Rubavu,West,Potential labour force,2019,47216.373
Rubavu,West,Potential labour force,2021,37383.406
Rubavu,West,Potential labour force,2022,27677.939
Rubavu,West,Potential labour force,2023,40594.189
Rubavu,West,Potential labour force,2024,36925.831
Rubavu,West,Potential labour force,2025,44126.782
Rubavu,West,Labour underutilization,2017,89590.588
Rubavu,West,Labour underutilization,2018,85021.005
Rubavu,West,Labour underutilization,2019,97668.536
Rubavu,West,Labour underutilization,2021,112050.372
Rubavu,West,Labour underutilization,2022,83248.779
Rubavu,West,Labour underutilization,2023,122395.226
Rubavu,West,Labour underutilization,2024,118234.736
Rubavu,West,Labour underutilization,2025,129373.324
Rubavu,West,Labour force participation rate(%),2017,61.513
Rubavu,West,Labour force participation rate(%),2018,53.721
Rubavu,West,Labour force participation rate(%),2019,55.754
Rubavu,West,Labour force participation rate(%),2020,56.066
Rubavu,West,Labour force participation rate(%),2021,57.619
Rubavu,West,Labour force participation rate(%),2022,60.885
Rubavu,West,Labour force participation rate(%),2023,62.534
Rubavu,West,Labour force participation rate(%),2024,67.48
Rubavu,West,Labour force participation rate(%),2025,68.745
Rubavu,West,Employment-to-population ratio(%),2017,50.884
Rubavu,West,Employment-to-population ratio(%),2018,44.9
Rubavu,West,Employment-to-population ratio(%),2019,47.56
Rubavu,West,Employment-to-population ratio(%),2020,46.439
Rubavu,West,Employment-to-population ratio(%),2021,45.709
Rubavu,West,Employment-to-population ratio(%),2022,48.852
Rubavu,West,Employment-to-population ratio(%),2023,54.042
Rubavu,West,Employment-to-population ratio(%),2024,58.075
Rubavu,West,Employment-to-population ratio(%),2025,60.026
Rubavu,West,Rate of population outside labour force(%),2017,38.487
Rubavu,West,Rate of population outside labour force(%),2018,46.279
Rubavu,West,Rate of population outside labour force(%),2019,44.246
Rubavu,West,Rate of population outside labour force(%),2020,43.934
Rubavu,West,Rate of population outside labour force(%),2021,42.381
Rubavu,West,Rate of population outside labour force(%),2022,39.115
Rubavu,West,Rate of population outside labour force(%),2023,37.466
Rubavu,West,Rate of population outside labour force(%),2024,32.52
Rubavu,West,Rate of population outside labour force(%),2025,31.255
Rubavu,West,Time related underemployment rate(%),2017,29.14
Rubavu,West,Time related underemployment rate(%),2018,26.803
Rubavu,West,Time related underemployment rate(%),2019,27.729
Rubavu,West,Time related underemployment rate(%),2021,34.698
Rubavu,West,Time related underemployment rate(%),2022,21.716
Rubavu,West,Time related underemployment rate(%),2023,31.615
Rubavu,West,Time related underemployment rate(%),2024,29.146
Rubavu,West,Time related underemployment rate(%),2025,31.61
Rubavu,West,LU1-Unemployment rate (%),2024,13.937
Rubavu,West,LU1-Unemployment rate (%),2025,12.682
Rubavu,West,LU2-Combined rate of unemployment and time-related underemployment(%),2017,41.385
Rubavu,West,LU2-Combined rate of unemployment and time-related underemployment(%),2018,38.823
Rubavu,West,LU2-Combined rate of unemployment and time-related underemployment(%),2019,38.351
Rubavu,West,LU2-Combined rate of unemployment and time-related underemployment(%),2021,48.196
Rubavu,West,LU2-Combined rate of unemployment and time-related underemployment(%),2022,37.188
Rubavu,West,LU2-Combined rate of unemployment and time-related underemployment(%),2023,40.902
Rubavu,West,LU2-Combined rate of unemployment and time-related underemployment(%),2024,39.02
Rubavu,West,LU2-Combined rate of unemployment and time-related underemployment(%),2025,40.283
Rubavu,West,LU3-Combined rate of unemployment and potential labour force(%),2017,34.043
Rubavu,West,LU3-Combined rate of unemployment and potential labour force(%),2018,37.39
Rubavu,West,LU3-Combined rate of unemployment and potential labour force(%),2019,37.227
Rubavu,West,LU3-Combined rate of unemployment and potential labour force(%),2021,36.092
Rubavu,West,LU3-Combined rate of unemployment and potential labour force(%),2022,32.302
Rubavu,West,LU3-Combined rate of unemployment and potential labour force(%),2023,28.163
Rubavu,West,LU3-Combined rate of unemployment and potential labour force(%),2024,26.892
Rubavu,West,LU3-Combined rate of unemployment and potential labour force(%),2025,27.748
Rubavu,West,LU4 - Composite measure of labour underutilization(%),2017,53.263
Rubavu,West,LU4 - Composite measure of labour underutilization(%),2018,54.171
Rubavu,West,LU4 - Composite measure of labour underutilization(%),2019,54.633
Rubavu,West,LU4 - Composite measure of labour underutilization(%),2021,58.267
Rubavu,West,LU4 - Composite measure of labour underutilization(%),2022,47.004
Rubavu,West,LU4 - Composite measure of labour underutilization(%),2023,50.874
Rubavu,West,LU4 - Composite measure of labour underutilization(%),2024,48.2
Rubavu,West,LU4 - Composite measure of labour underutilization(%),2025,50.587
Rubavu,West,NEET rate-Youth not in employment nor currently in education or training(%),2017,24.557
Rubavu,West,NEET rate-Youth not in employment nor currently in education or training(%),2018,25.717
Rubavu,West,NEET rate-Youth not in employment nor currently in education or training(%),2019,29.667
Rubavu,West,NEET rate-Youth not in employment nor currently in education or training(%),2021,32.31
Rubavu,West,NEET rate-Youth not in employment nor currently in education or training(%),2022,30.272
Rubavu,West,NEET rate-Youth not in employment nor currently in education or training(%),2023,24.425
Rubavu,West,NEET rate-Youth not in employment nor currently in education or training(%),2024,26.271
Rubavu,West,NEET rate-Youth not in employment nor currently in education or training(%),2025,23.187
Rubavu,West,Median monthly earnings at main job,2017,26000.0
Rubavu,West,Median monthly earnings at main job,2018,26000.0
Rubavu,West,Median monthly earnings at main job,2019,26000.0
Rubavu,West,Median monthly earnings at main job,2021,26000.0
Rubavu,West,Median monthly earnings at main job,2022,26000.0
Rubavu,West,Median monthly earnings at main job,2023,31200.0
Rubavu,West,Median monthly earnings at main job,2024,39000.0
Rubavu,West,Median monthly earnings at main job,2025,52000.0
Nyabihu,West,Working age population(16+ years),2017,134470.377
Nyabihu,West,Working age population(16+ years),2018,153099.984
Nyabihu,West,Working age population(16+ years),2019,156146.684
Nyabihu,West,Working age population(16+ years),2020,179591.428
Nyabihu,West,Working age population(16+ years),2021,200085.225
Nyabihu,West,Working age population(16+ years),2022,200018.983
Nyabihu,West,Working age population(16+ years),2023,215371.381
Nyabihu,West,Working age population(16+ years),2024,184042.906
Nyabihu,West,Working age population(16+ years),2025,194688.199
Nyabihu,West,Labour force,2017,83206.865
Nyabihu,West,Labour force,2018,87271.462
Nyabihu,West,Labour force,2019,86826.086
Nyabihu,West,Labour force,2020,105285.781
Nyabihu,West,Labour force,2021,114592.598
Nyabihu,West,Labour force,2022,116842.943
Nyabihu,West,Labour force,2023,140972.153
Nyabihu,West,Labour force,2024,123880.97
Nyabihu,West,Labour force,2025,127204.343
Nyabihu,West,Employed,2017,67518.316
Nyabihu,West,Employed,2018,71407.5
Nyabihu,West,Employed,2019,64930.169
Nyabihu,West,Employed,2020,91547.424
Nyabihu,West,Employed,2021,85705.452
Nyabihu,West,Employed,2022,94554.359
Nyabihu,West,Employed,2023,121496.541
Nyabihu,West,Employed,2024,111058.661
Nyabihu,West,Employed,2025,118349.043
Nyabihu,West,Unemployed,2017,15688.549
Nyabihu,West,Unemployed,2018,15863.961
Nyabihu,West,Unemployed,2019,21895.917
Nyabihu,West,Unemployed,2020,13738.357
Nyabihu,West,Unemployed,2021,28887.146
Nyabihu,West,Unemployed,2022,22288.583
Nyabihu,West,Unemployed,2023,19475.612
Nyabihu,West,Unemployed,2024,12822.308
Nyabihu,West,Unemployed,2025,8855.3
Nyabihu,West,out of labour force,2017,51263.512
Nyabihu,West,out of labour force,2018,65828.522
Nyabihu,West,out of labour force,2019,69320.598
Nyabihu,West,out of labour force,2020,74305.647
Nyabihu,West,out of labour force,2021,85492.627
Nyabihu,West,out of labour force,2022,83176.04
Nyabihu,West,out of labour force,2023,74399.228
Nyabihu,West,out of labour force,2024,60161.937
Nyabihu,West,out of labour force,2025,67483.856
Nyabihu,West,Time related underemployed,2017,18339.137
Nyabihu,West,Time related underemployed,2018,17575.97
Nyabihu,West,Time related underemployed,2019,25641.375
Nyabihu,West,Time related underemployed,2021,38582.666
Nyabihu,West,Time related underemployed,2022,36664.149
Nyabihu,West,Time related underemployed,2023,61470.561
Nyabihu,West,Time related underemployed,2024,44576.269
Nyabihu,West,Time related underemployed,2025,60398.449
Nyabihu,West,Potential labour force,2017,14391.808
Nyabihu,West,Potential labour force,2018,19961.094
Nyabihu,West,Potential labour force,2019,28398.44
Nyabihu,West,Potential labour force,2021,33914.219
Nyabihu,West,Potential labour force,2022,28608.578
Nyabihu,West,Potential labour force,2023,26700.905
Nyabihu,West,Potential labour force,2024,24086.132
Nyabihu,West,Potential labour force,2025,33816.456
Nyabihu,West,Labour underutilization,2017,48419.493
Nyabihu,West,Labour underutilization,2018,53401.026
Nyabihu,West,Labour underutilization,2019,75935.731
Nyabihu,West,Labour underutilization,2021,101384.031
Nyabihu,West,Labour underutilization,2022,87561.31
Nyabihu,West,Labour underutilization,2023,107647.078
Nyabihu,West,Labour underutilization,2024,81484.709
Nyabihu,West,Labour underutilization,2025,103070.204
Nyabihu,West,Labour force participation rate(%),2017,61.877
Nyabihu,West,Labour force participation rate(%),2018,57.003
Nyabihu,West,Labour force participation rate(%),2019,55.605
Nyabihu,West,Labour force participation rate(%),2020,58.625
Nyabihu,West,Labour force participation rate(%),2021,57.272
Nyabihu,West,Labour force participation rate(%),2022,58.416
Nyabihu,West,Labour force participation rate(%),2023,65.455
Nyabihu,West,Labour force participation rate(%),2024,67.311
Nyabihu,West,Labour force participation rate(%),2025,65.337
Nyabihu,West,Employment-to-population ratio(%),2017,50.211
Nyabihu,West,Employment-to-population ratio(%),2018,46.641
Nyabihu,West,Employment-to-population ratio(%),2019,41.583
Nyabihu,West,Employment-to-population ratio(%),2020,50.975
Nyabihu,West,Employment-to-population ratio(%),2021,42.834
Nyabihu,West,Employment-to-population ratio(%),2022,47.273
Nyabihu,West,Employment-to-population ratio(%),2023,56.413
Nyabihu,West,Employment-to-population ratio(%),2024,60.344
Nyabihu,West,Employment-to-population ratio(%),2025,60.789
Nyabihu,West,Rate of population outside labour force(%),2017,38.123
Nyabihu,West,Rate of population outside labour force(%),2018,42.997
Nyabihu,West,Rate of population outside labour force(%),2019,44.395
Nyabihu,West,Rate of population outside labour force(%),2020,41.375
Nyabihu,West,Rate of population outside labour force(%),2021,42.728
Nyabihu,West,Rate of population outside labour force(%),2022,41.584
Nyabihu,West,Rate of population outside labour force(%),2023,34.545
Nyabihu,West,Rate of population outside labour force(%),2024,32.689
Nyabihu,West,Rate of population outside labour force(%),2025,34.663
Nyabihu,West,Time related underemployment rate(%),2017,27.162
Nyabihu,West,Time related underemployment rate(%),2018,24.614
Nyabihu,West,Time related underemployment rate(%),2019,39.491
Nyabihu,West,Time related underemployment rate(%),2021,45.018
Nyabihu,West,Time related underemployment rate(%),2022,38.776
Nyabihu,West,Time related underemployment rate(%),2023,50.594
Nyabihu,West,Time related underemployment rate(%),2024,40.138
Nyabihu,West,Time related underemployment rate(%),2025,51.034
Nyabihu,West,LU1-Unemployment rate (%),2024,10.351
Nyabihu,West,LU1-Unemployment rate (%),2025,6.961
Nyabihu,West,LU2-Combined rate of unemployment and time-related underemployment(%),2017,40.895
Nyabihu,West,LU2-Combined rate of unemployment and time-related underemployment(%),2018,38.317
Nyabihu,West,LU2-Combined rate of unemployment and time-related underemployment(%),2019,54.75
Nyabihu,West,LU2-Combined rate of unemployment and time-related underemployment(%),2021,58.878
Nyabihu,West,LU2-Combined rate of unemployment and time-related underemployment(%),2022,50.455
Nyabihu,West,LU2-Combined rate of unemployment and time-related underemployment(%),2023,57.42
Nyabihu,West,LU2-Combined rate of unemployment and time-related underemployment(%),2024,46.334
Nyabihu,West,LU2-Combined rate of unemployment and time-related underemployment(%),2025,54.443
Nyabihu,West,LU3-Combined rate of unemployment and potential labour force(%),2017,30.82
Nyabihu,West,LU3-Combined rate of unemployment and potential labour force(%),2018,33.409
Nyabihu,West,LU3-Combined rate of unemployment and potential labour force(%),2019,43.649
Nyabihu,West,LU3-Combined rate of unemployment and potential labour force(%),2021,42.289
Nyabihu,West,LU3-Combined rate of unemployment and potential labour force(%),2022,34.993
Nyabihu,West,LU3-Combined rate of unemployment and potential labour force(%),2023,27.54
Nyabihu,West,LU3-Combined rate of unemployment and potential labour force(%),2024,24.944
Nyabihu,West,LU3-Combined rate of unemployment and potential labour force(%),2025,26.501
Nyabihu,West,LU4 - Composite measure of labour underutilization(%),2017,49.611
Nyabihu,West,LU4 - Composite measure of labour underutilization(%),2018,49.799
Nyabihu,West,LU4 - Composite measure of labour underutilization(%),2019,65.902
Nyabihu,West,LU4 - Composite measure of labour underutilization(%),2021,68.269
Nyabihu,West,LU4 - Composite measure of labour underutilization(%),2022,60.2
Nyabihu,West,LU4 - Composite measure of labour underutilization(%),2023,64.201
Nyabihu,West,LU4 - Composite measure of labour underutilization(%),2024,55.069
Nyabihu,West,LU4 - Composite measure of labour underutilization(%),2025,64.01
Nyabihu,West,NEET rate-Youth not in employment nor currently in education or training(%),2017,26.311
Nyabihu,West,NEET rate-Youth not in employment nor currently in education or training(%),2018,25.992
Nyabihu,West,NEET rate-Youth not in employment nor currently in education or training(%),2019,36.297
Nyabihu,West,NEET rate-Youth not in employment nor currently in education or training(%),2021,32.391
Nyabihu,West,NEET rate-Youth not in employment nor currently in education or training(%),2022,33.068
Nyabihu,West,NEET rate-Youth not in employment nor currently in education or training(%),2023,29.932
Nyabihu,West,NEET rate-Youth not in employment nor currently in education or training(%),2024,22.127
Nyabihu,West,NEET rate-Youth not in employment nor currently in education or training(%),2025,17.48
Nyabihu,West,Median monthly earnings at main job,2017,18200.0
Nyabihu,West,Median monthly earnings at main job,2018,18200.0
Nyabihu,West,Median monthly earnings at main job,2019,18200.0
Nyabihu,West,Median monthly earnings at main job,2021,26000.0
Nyabihu,West,Median monthly earnings at main job,2022,26000.0
Nyabihu,West,Median monthly earnings at main job,2023,26000.0
Nyabihu,West,Median monthly earnings at main job,2024,31200.0
Nyabihu,West,Median monthly earnings at main job,2025,39000.0
Ngororero,West,Working age population(16+ years),2017,162371.874
Ngororero,West,Working age population(16+ years),2018,153187.748
Ngororero,West,Working age population(16+ years),2019,160355.614
Ngororero,West,Working age population(16+ years),2020,173175.522
Ngororero,West,Working age population(16+ years),2021,179080.243
Ngororero,West,Working age population(16+ years),2022,177992.176
Ngororero,West,Working age population(16+ years),2023,205856.716
Ngororero,West,Working age population(16+ years),2024,201772.103
Ngororero,West,Working age population(16+ years),2025,197013.611
Ngororero,West,Labour force,2017,63135.251
Ngororero,West,Labour force,2018,68197.549
Ngororero,West,Labour force,2019,75792.234
Ngororero,West,Labour force,2020,74523.234
Ngororero,West,Labour force,2021,94822.934
Ngororero,West,Labour force,2022,100618.423
Ngororero,West,Labour force,2023,125889.572
Ngororero,West,Labour force,2024,111339.446
Ngororero,West,Labour force,2025,119289.648
Ngororero,West,Employed,2017,47908.809
Ngororero,West,Employed,2018,62039.95
Ngororero,West,Employed,2019,63635.862
Ngororero,West,Employed,2020,51491.277
Ngororero,West,Employed,2021,72729.054
Ngororero,West,Employed,2022,82936.813
Ngororero,West,Employed,2023,105466.693
Ngororero,West,Employed,2024,92299.721
Ngororero,West,Employed,2025,108995.171
Ngororero,West,Unemployed,2017,15226.442
Ngororero,West,Unemployed,2018,6157.599
Ngororero,West,Unemployed,2019,12156.372
Ngororero,West,Unemployed,2020,23031.956
Ngororero,West,Unemployed,2021,22093.88
Ngororero,West,Unemployed,2022,17681.61
Ngororero,West,Unemployed,2023,20422.879
Ngororero,West,Unemployed,2024,19039.725
Ngororero,West,Unemployed,2025,10294.478
Ngororero,West,out of labour force,2017,99236.622
Ngororero,West,out of labour force,2018,84990.199
Ngororero,West,out of labour force,2019,84563.38
Ngororero,West,out of labour force,2020,98652.288
Ngororero,West,out of labour force,2021,84257.309
Ngororero,West,out of labour force,2022,77373.753
Ngororero,West,out of labour force,2023,79967.144
Ngororero,West,out of labour force,2024,90432.657
Ngororero,West,out of labour force,2025,77723.962
Ngororero,West,Time related underemployed,2017,13171.226
Ngororero,West,Time related underemployed,2018,16411.044
Ngororero,West,Time related underemployed,2019,21086.182
Ngororero,West,Time related underemployed,2021,20209.505
Ngororero,West,Time related underemployed,2022,32208.767
Ngororero,West,Time related underemployed,2023,40735.399
Ngororero,West,Time related underemployed,2024,45876.459
Ngororero,West,Time related underemployed,2025,60933.568
Ngororero,West,Potential labour force,2017,50075.067
Ngororero,West,Potential labour force,2018,39723.851
Ngororero,West,Potential labour force,2019,41586.601
Ngororero,West,Potential labour force,2021,30721.175
Ngororero,West,Potential labour force,2022,35841.22
Ngororero,West,Potential labour force,2023,35039.867
Ngororero,West,Potential labour force,2024,50415.405
Ngororero,West,Potential labour force,2025,42729.913
Ngororero,West,Labour underutilization,2017,78472.735
Ngororero,West,Labour underutilization,2018,62292.494
Ngororero,West,Labour underutilization,2019,74829.155
Ngororero,West,Labour underutilization,2021,73024.56
Ngororero,West,Labour underutilization,2022,85731.597
Ngororero,West,Labour underutilization,2023,96198.145
Ngororero,West,Labour underutilization,2024,115331.589
Ngororero,West,Labour underutilization,2025,113957.958
Ngororero,West,Labour force participation rate(%),2017,38.883
Ngororero,West,Labour force participation rate(%),2018,44.519
Ngororero,West,Labour force participation rate(%),2019,47.265
Ngororero,West,Labour force participation rate(%),2020,43.033
Ngororero,West,Labour force participation rate(%),2021,52.95
Ngororero,West,Labour force participation rate(%),2022,56.53
Ngororero,West,Labour force participation rate(%),2023,61.154
Ngororero,West,Labour force participation rate(%),2024,55.181
Ngororero,West,Labour force participation rate(%),2025,60.549
Ngororero,West,Employment-to-population ratio(%),2017,29.506
Ngororero,West,Employment-to-population ratio(%),2018,40.499
Ngororero,West,Employment-to-population ratio(%),2019,39.684
Ngororero,West,Employment-to-population ratio(%),2020,29.734
Ngororero,West,Employment-to-population ratio(%),2021,40.613
Ngororero,West,Employment-to-population ratio(%),2022,46.596
Ngororero,West,Employment-to-population ratio(%),2023,51.233
Ngororero,West,Employment-to-population ratio(%),2024,45.745
Ngororero,West,Employment-to-population ratio(%),2025,55.324
Ngororero,West,Rate of population outside labour force(%),2017,61.117
Ngororero,West,Rate of population outside labour force(%),2018,55.481
Ngororero,West,Rate of population outside labour force(%),2019,52.735
Ngororero,West,Rate of population outside labour force(%),2020,56.967
Ngororero,West,Rate of population outside labour force(%),2021,47.05
Ngororero,West,Rate of population outside labour force(%),2022,43.47
Ngororero,West,Rate of population outside labour force(%),2023,38.846
Ngororero,West,Rate of population outside labour force(%),2024,44.819
Ngororero,West,Rate of population outside labour force(%),2025,39.451
Ngororero,West,Time related underemployment rate(%),2017,27.492
Ngororero,West,Time related underemployment rate(%),2018,26.452
Ngororero,West,Time related underemployment rate(%),2019,33.136
Ngororero,West,Time related underemployment rate(%),2021,27.787
Ngororero,West,Time related underemployment rate(%),2022,38.835
Ngororero,West,Time related underemployment rate(%),2023,38.624
Ngororero,West,Time related underemployment rate(%),2024,49.704
Ngororero,West,Time related underemployment rate(%),2025,55.905
Ngororero,West,LU1-Unemployment rate (%),2024,17.101
Ngororero,West,LU1-Unemployment rate (%),2025,8.63
Ngororero,West,LU2-Combined rate of unemployment and time-related underemployment(%),2017,44.979
Ngororero,West,LU2-Combined rate of unemployment and time-related underemployment(%),2018,33.093
Ngororero,West,LU2-Combined rate of unemployment and time-related underemployment(%),2019,43.86
Ngororero,West,LU2-Combined rate of unemployment and time-related underemployment(%),2021,44.613
Ngororero,West,LU2-Combined rate of unemployment and time-related underemployment(%),2022,49.584
Ngororero,West,LU2-Combined rate of unemployment and time-related underemployment(%),2023,48.581
Ngororero,West,LU2-Combined rate of unemployment and time-related underemployment(%),2024,58.305
Ngororero,West,LU2-Combined rate of unemployment and time-related underemployment(%),2025,59.71
Ngororero,West,LU3-Combined rate of unemployment and potential labour force(%),2017,57.682
Ngororero,West,LU3-Combined rate of unemployment and potential labour force(%),2018,42.514
Ngororero,West,LU3-Combined rate of unemployment and potential labour force(%),2019,45.786
Ngororero,West,LU3-Combined rate of unemployment and potential labour force(%),2021,42.069
Ngororero,West,LU3-Combined rate of unemployment and potential labour force(%),2022,39.222
Ngororero,West,LU3-Combined rate of unemployment and potential labour force(%),2023,34.464
Ngororero,West,LU3-Combined rate of unemployment and potential labour force(%),2024,42.939
Ngororero,West,LU3-Combined rate of unemployment and potential labour force(%),2025,32.727
Ngororero,West,LU4 - Composite measure of labour underutilization(%),2017,69.316
Ngororero,West,LU4 - Composite measure of labour underutilization(%),2018,57.72
Ngororero,West,LU4 - Composite measure of labour underutilization(%),2019,63.75
Ngororero,West,LU4 - Composite measure of labour underutilization(%),2021,58.166
Ngororero,West,LU4 - Composite measure of labour underutilization(%),2022,62.826
Ngororero,West,LU4 - Composite measure of labour underutilization(%),2023,59.777
Ngororero,West,LU4 - Composite measure of labour underutilization(%),2024,71.3
Ngororero,West,LU4 - Composite measure of labour underutilization(%),2025,70.336
Ngororero,West,NEET rate-Youth not in employment nor currently in education or training(%),2017,52.664
Ngororero,West,NEET rate-Youth not in employment nor currently in education or training(%),2018,43.723
Ngororero,West,NEET rate-Youth not in employment nor currently in education or training(%),2019,45.293
Ngororero,West,NEET rate-Youth not in employment nor currently in education or training(%),2021,42.98
Ngororero,West,NEET rate-Youth not in employment nor currently in education or training(%),2022,41.332
Ngororero,West,NEET rate-Youth not in employment nor currently in education or training(%),2023,37.064
Ngororero,West,NEET rate-Youth not in employment nor currently in education or training(%),2024,37.321
Ngororero,West,NEET rate-Youth not in employment nor currently in education or training(%),2025,25.773
Ngororero,West,Median monthly earnings at main job,2017,20000.0
Ngororero,West,Median monthly earnings at main job,2018,18200.0
Ngororero,West,Median monthly earnings at main job,2019,20000.0
Ngororero,West,Median monthly earnings at main job,2021,18200.0
Ngororero,West,Median monthly earnings at main job,2022,18200.0
Ngororero,West,Median monthly earnings at main job,2023,26000.0
Ngororero,West,Median monthly earnings at main job,2024,26000.0
Ngororero,West,Median monthly earnings at main job,2025,31200.0
Rusizi,West,Working age population(16+ years),2017,247065.926
Rusizi,West,Working age population(16+ years),2018,314909.269
Rusizi,West,Working age population(16+ years),2019,292108.882
Rusizi,West,Working age population(16+ years),2020,244996.196
Rusizi,West,Working age population(16+ years),2021,257037.631
Rusizi,West,Working age population(16+ years),2022,244089.627
Rusizi,West,Working age population(16+ years),2023,253125.932
Rusizi,West,Working age population(16+ years),2024,276883.098
Rusizi,West,Working age population(16+ years),2025,269319.251
Rusizi,West,Labour force,2017,122439.003
Rusizi,West,Labour force,2018,157733.745
Rusizi,West,Labour force,2019,125058.764
Rusizi,West,Labour force,2020,122076.834
Rusizi,West,Labour force,2021,120235.756
Rusizi,West,Labour force,2022,122933.643
Rusizi,West,Labour force,2023,122645.32
Rusizi,West,Labour force,2024,154288.431
Rusizi,West,Labour force,2025,151345.929
Rusizi,West,Employed,2017,95947.591
Rusizi,West,Employed,2018,137798.159
Rusizi,West,Employed,2019,108710.687
Rusizi,West,Employed,2020,87269.299
Rusizi,West,Employed,2021,92836.099
Rusizi,West,Employed,2022,96035.173
Rusizi,West,Employed,2023,90514.902
Rusizi,West,Employed,2024,121499.742
Rusizi,West,Employed,2025,128590.893
Rusizi,West,Unemployed,2017,26491.412
Rusizi,West,Unemployed,2018,19935.586
Rusizi,West,Unemployed,2019,16348.078
Rusizi,West,Unemployed,2020,34807.535
Rusizi,West,Unemployed,2021,27399.657
Rusizi,West,Unemployed,2022,26898.471
Rusizi,West,Unemployed,2023,32130.418
Rusizi,West,Unemployed,2024,32788.689
Rusizi,West,Unemployed,2025,22755.036
Rusizi,West,out of labour force,2017,124626.923
Rusizi,West,out of labour force,2018,157175.524
Rusizi,West,out of labour force,2019,167050.117
Rusizi,West,out of labour force,2020,122919.362
Rusizi,West,out of labour force,2021,136801.875
Rusizi,West,out of labour force,2022,121155.984
Rusizi,West,out of labour force,2023,130480.612
Rusizi,West,out of labour force,2024,122594.667
Rusizi,West,out of labour force,2025,117973.322
Rusizi,West,Time related underemployed,2017,38329.085
Rusizi,West,Time related underemployed,2018,42638.763
Rusizi,West,Time related underemployed,2019,34681.029
Rusizi,West,Time related underemployed,2021,29711.874
Rusizi,West,Time related underemployed,2022,29835.434
Rusizi,West,Time related underemployed,2023,30949.046
Rusizi,West,Time related underemployed,2024,49427.518
Rusizi,West,Time related underemployed,2025,58108.809
Rusizi,West,Potential labour force,2017,51468.022
Rusizi,West,Potential labour force,2018,60087.314
Rusizi,West,Potential labour force,2019,85962.244
Rusizi,West,Potential labour force,2021,50267.894
Rusizi,West,Potential labour force,2022,45521.194
Rusizi,West,Potential labour force,2023,55985.92
Rusizi,West,Potential labour force,2024,49787.975
Rusizi,West,Potential labour force,2025,56447.135
Rusizi,West,Labour underutilization,2017,116288.518
Rusizi,West,Labour underutilization,2018,122661.664
Rusizi,West,Labour underutilization,2019,136991.351
Rusizi,West,Labour underutilization,2021,107379.425
Rusizi,West,Labour underutilization,2022,102255.098
Rusizi,West,Labour underutilization,2023,119065.385
Rusizi,West,Labour underutilization,2024,132004.182
Rusizi,West,Labour underutilization,2025,137310.98
Rusizi,West,Labour force participation rate(%),2017,49.557
Rusizi,West,Labour force participation rate(%),2018,50.089
Rusizi,West,Labour force participation rate(%),2019,42.812
Rusizi,West,Labour force participation rate(%),2020,49.828
Rusizi,West,Labour force participation rate(%),2021,46.777
Rusizi,West,Labour force participation rate(%),2022,50.364
Rusizi,West,Labour force participation rate(%),2023,48.452
Rusizi,West,Labour force participation rate(%),2024,55.723
Rusizi,West,Labour force participation rate(%),2025,56.196
Rusizi,West,Employment-to-population ratio(%),2017,38.835
Rusizi,West,Employment-to-population ratio(%),2018,43.758
Rusizi,West,Employment-to-population ratio(%),2019,37.216
Rusizi,West,Employment-to-population ratio(%),2020,35.621
Rusizi,West,Employment-to-population ratio(%),2021,36.118
Rusizi,West,Employment-to-population ratio(%),2022,39.344
Rusizi,West,Employment-to-population ratio(%),2023,35.759
Rusizi,West,Employment-to-population ratio(%),2024,43.881
Rusizi,West,Employment-to-population ratio(%),2025,47.747
Rusizi,West,Rate of population outside labour force(%),2017,50.443
Rusizi,West,Rate of population outside labour force(%),2018,49.911
Rusizi,West,Rate of population outside labour force(%),2019,57.188
Rusizi,West,Rate of population outside labour force(%),2020,50.172
Rusizi,West,Rate of population outside labour force(%),2021,53.223
Rusizi,West,Rate of population outside labour force(%),2022,49.636
Rusizi,West,Rate of population outside labour force(%),2023,51.548
Rusizi,West,Rate of population outside labour force(%),2024,44.277
Rusizi,West,Rate of population outside labour force(%),2025,43.804
Rusizi,West,Time related underemployment rate(%),2017,39.948
Rusizi,West,Time related underemployment rate(%),2018,30.943
Rusizi,West,Time related underemployment rate(%),2019,31.902
Rusizi,West,Time related underemployment rate(%),2021,32.005
Rusizi,West,Time related underemployment rate(%),2022,31.067
Rusizi,West,Time related underemployment rate(%),2023,34.192
Rusizi,West,Time related underemployment rate(%),2024,40.681
Rusizi,West,Time related underemployment rate(%),2025,45.189
Rusizi,West,LU1-Unemployment rate (%),2024,21.252
Rusizi,West,LU1-Unemployment rate (%),2025,15.035
Rusizi,West,LU2-Combined rate of unemployment and time-related underemployment(%),2017,52.941
Rusizi,West,LU2-Combined rate of unemployment and time-related underemployment(%),2018,39.671
Rusizi,West,LU2-Combined rate of unemployment and time-related underemployment(%),2019,40.804
Rusizi,West,LU2-Combined rate of unemployment and time-related underemployment(%),2021,47.5
Rusizi,West,LU2-Combined rate of unemployment and time-related underemployment(%),2022,46.15
Rusizi,West,LU2-Combined rate of unemployment and time-related underemployment(%),2023,51.432
Rusizi,West,LU2-Combined rate of unemployment and time-related underemployment(%),2024,53.287
Rusizi,West,LU2-Combined rate of unemployment and time-related underemployment(%),2025,53.43
Rusizi,West,LU3-Combined rate of unemployment and potential labour force(%),2017,44.828
Rusizi,West,LU3-Combined rate of unemployment and potential labour force(%),2018,36.738
Rusizi,West,LU3-Combined rate of unemployment and potential labour force(%),2019,48.483
Rusizi,West,LU3-Combined rate of unemployment and potential labour force(%),2021,45.552
Rusizi,West,LU3-Combined rate of unemployment and potential labour force(%),2022,42.991
Rusizi,West,LU3-Combined rate of unemployment and potential labour force(%),2023,49.329
Rusizi,West,LU3-Combined rate of unemployment and potential labour force(%),2024,40.464
Rusizi,West,LU3-Combined rate of unemployment and potential labour force(%),2025,38.116
Rusizi,West,LU4 - Composite measure of labour underutilization(%),2017,66.868
Rusizi,West,LU4 - Composite measure of labour underutilization(%),2018,56.313
Rusizi,West,LU4 - Composite measure of labour underutilization(%),2019,64.918
Rusizi,West,LU4 - Composite measure of labour underutilization(%),2021,62.978
Rusizi,West,LU4 - Composite measure of labour underutilization(%),2022,60.702
Rusizi,West,LU4 - Composite measure of labour underutilization(%),2023,66.654
Rusizi,West,LU4 - Composite measure of labour underutilization(%),2024,64.684
Rusizi,West,LU4 - Composite measure of labour underutilization(%),2025,66.081
Rusizi,West,NEET rate-Youth not in employment nor currently in education or training(%),2017,34.972
Rusizi,West,NEET rate-Youth not in employment nor currently in education or training(%),2018,33.908
Rusizi,West,NEET rate-Youth not in employment nor currently in education or training(%),2019,40.202
Rusizi,West,NEET rate-Youth not in employment nor currently in education or training(%),2021,35.644
Rusizi,West,NEET rate-Youth not in employment nor currently in education or training(%),2022,35.324
Rusizi,West,NEET rate-Youth not in employment nor currently in education or training(%),2023,45.815
Rusizi,West,NEET rate-Youth not in employment nor currently in education or training(%),2024,32.231
Rusizi,West,NEET rate-Youth not in employment nor currently in education or training(%),2025,28.073
Rusizi,West,Median monthly earnings at main job,2017,26000.0
Rusizi,West,Median monthly earnings at main job,2018,26000.0
Rusizi,West,Median monthly earnings at main job,2019,26000.0
Rusizi,West,Median monthly earnings at main job,2021,26000.0
Rusizi,West,Median monthly earnings at main job,2022,26000.0
Rusizi,West,Median monthly earnings at main job,2023,31200.0
Rusizi,West,Median monthly earnings at main job,2024,39000.0
Rusizi,West,Median monthly earnings at main job,2025,39000.0
Nyamasheke,West,Working age population(16+ years),2017,215219.549
Nyamasheke,West,Working age population(16+ years),2018,249882.2
Nyamasheke,West,Working age population(16+ years),2019,214761.452
Nyamasheke,West,Working age population(16+ years),2020,223314.985
Nyamasheke,West,Working age population(16+ years),2021,223463.959
Nyamasheke,West,Working age population(16+ years),2022,184019.326
Nyamasheke,West,Working age population(16+ years),2023,209852.065
Nyamasheke,West,Working age population(16+ years),2024,237115.899
Nyamasheke,West,Working age population(16+ years),2025,250536.094
Nyamasheke,West,Labour force,2017,97072.642
Nyamasheke,West,Labour force,2018,112950.594
Nyamasheke,West,Labour force,2019,100848.252
Nyamasheke,West,Labour force,2020,124190.493
Nyamasheke,West,Labour force,2021,111220.22
Nyamasheke,West,Labour force,2022,83492.725
Nyamasheke,West,Labour force,2023,102167.36
Nyamasheke,West,Labour force,2024,139898.711
Nyamasheke,West,Labour force,2025,137045.695
Nyamasheke,West,Employed,2017,63676.738
Nyamasheke,West,Employed,2018,91342.04
Nyamasheke,West,Employed,2019,87288.852
Nyamasheke,West,Employed,2020,98276.706
Nyamasheke,West,Employed,2021,89804.167
Nyamasheke,West,Employed,2022,61936.447
Nyamasheke,West,Employed,2023,77427.244
Nyamasheke,West,Employed,2024,113145.181
Nyamasheke,West,Employed,2025,111811.832
Nyamasheke,West,Unemployed,2017,33395.904
Nyamasheke,West,Unemployed,2018,21608.554
Nyamasheke,West,Unemployed,2019,13559.4
Nyamasheke,West,Unemployed,2020,25913.787
Nyamasheke,West,Unemployed,2021,21416.053
Nyamasheke,West,Unemployed,2022,21556.278
Nyamasheke,West,Unemployed,2023,24740.116
Nyamasheke,West,Unemployed,2024,26753.53
Nyamasheke,West,Unemployed,2025,25233.863
Nyamasheke,West,out of labour force,2017,118146.907
Nyamasheke,West,out of labour force,2018,136931.606
Nyamasheke,West,out of labour force,2019,113913.2
Nyamasheke,West,out of labour force,2020,99124.492
Nyamasheke,West,out of labour force,2021,112243.738
Nyamasheke,West,out of labour force,2022,100526.601
Nyamasheke,West,out of labour force,2023,107684.705
Nyamasheke,West,out of labour force,2024,97217.188
Nyamasheke,West,out of labour force,2025,113490.399
Nyamasheke,West,Time related underemployed,2017,26469.913
Nyamasheke,West,Time related underemployed,2018,19222.506
Nyamasheke,West,Time related underemployed,2019,20203.882
Nyamasheke,West,Time related underemployed,2021,29007.121
Nyamasheke,West,Time related underemployed,2022,26296.748
Nyamasheke,West,Time related underemployed,2023,37554.516
Nyamasheke,West,Time related underemployed,2024,48496.584
Nyamasheke,West,Time related underemployed,2025,52188.987
Nyamasheke,West,Potential labour force,2017,47464.705
Nyamasheke,West,Potential labour force,2018,54154.041
Nyamasheke,West,Potential labour force,2019,50594.611
Nyamasheke,West,Potential labour force,2021,30887.493
Nyamasheke,West,Potential labour force,2022,41507.969
Nyamasheke,West,Potential labour force,2023,44878.833
Nyamasheke,West,Potential labour force,2024,32198.881
Nyamasheke,West,Potential labour force,2025,46927.08
Nyamasheke,West,Labour underutilization,2017,107330.522
Nyamasheke,West,Labour underutilization,2018,94985.101
Nyamasheke,West,Labour underutilization,2019,84357.893
Nyamasheke,West,Labour underutilization,2021,81310.667
Nyamasheke,West,Labour underutilization,2022,89360.996
Nyamasheke,West,Labour underutilization,2023,107173.464
Nyamasheke,West,Labour underutilization,2024,107448.995
Nyamasheke,West,Labour underutilization,2025,124349.929
Nyamasheke,West,Labour force participation rate(%),2017,45.104
Nyamasheke,West,Labour force participation rate(%),2018,45.202
Nyamasheke,West,Labour force participation rate(%),2019,46.958
Nyamasheke,West,Labour force participation rate(%),2020,55.612
Nyamasheke,West,Labour force participation rate(%),2021,49.771
Nyamasheke,West,Labour force participation rate(%),2022,45.372
Nyamasheke,West,Labour force participation rate(%),2023,48.685
Nyamasheke,West,Labour force participation rate(%),2024,59.0
Nyamasheke,West,Labour force participation rate(%),2025,54.701
Nyamasheke,West,Employment-to-population ratio(%),2017,29.587
Nyamasheke,West,Employment-to-population ratio(%),2018,36.554
Nyamasheke,West,Employment-to-population ratio(%),2019,40.645
Nyamasheke,West,Employment-to-population ratio(%),2020,44.008
Nyamasheke,West,Employment-to-population ratio(%),2021,40.187
Nyamasheke,West,Employment-to-population ratio(%),2022,33.658
Nyamasheke,West,Employment-to-population ratio(%),2023,36.896
Nyamasheke,West,Employment-to-population ratio(%),2024,47.717
Nyamasheke,West,Employment-to-population ratio(%),2025,44.629
Nyamasheke,West,Rate of population outside labour force(%),2017,54.896
Nyamasheke,West,Rate of population outside labour force(%),2018,54.798
Nyamasheke,West,Rate of population outside labour force(%),2019,53.042
Nyamasheke,West,Rate of population outside labour force(%),2020,44.388
Nyamasheke,West,Rate of population outside labour force(%),2021,50.229
Nyamasheke,West,Rate of population outside labour force(%),2022,54.628
Nyamasheke,West,Rate of population outside labour force(%),2023,51.315
Nyamasheke,West,Rate of population outside labour force(%),2024,41.0
Nyamasheke,West,Rate of population outside labour force(%),2025,45.299
Nyamasheke,West,Time related underemployment rate(%),2017,41.569
Nyamasheke,West,Time related underemployment rate(%),2018,21.045
Nyamasheke,West,Time related underemployment rate(%),2019,23.146
Nyamasheke,West,Time related underemployment rate(%),2021,32.3
Nyamasheke,West,Time related underemployment rate(%),2022,42.458
Nyamasheke,West,Time related underemployment rate(%),2023,48.503
Nyamasheke,West,Time related underemployment rate(%),2024,42.862
Nyamasheke,West,Time related underemployment rate(%),2025,46.676
Nyamasheke,West,LU1-Unemployment rate (%),2024,19.123
Nyamasheke,West,LU1-Unemployment rate (%),2025,18.413
Nyamasheke,West,LU2-Combined rate of unemployment and time-related underemployment(%),2017,61.671
Nyamasheke,West,LU2-Combined rate of unemployment and time-related underemployment(%),2018,36.149
Nyamasheke,West,LU2-Combined rate of unemployment and time-related underemployment(%),2019,33.479
Nyamasheke,West,LU2-Combined rate of unemployment and time-related underemployment(%),2021,45.336
Nyamasheke,West,LU2-Combined rate of unemployment and time-related underemployment(%),2022,57.314
Nyamasheke,West,LU2-Combined rate of unemployment and time-related underemployment(%),2023,60.973
Nyamasheke,West,LU2-Combined rate of unemployment and time-related underemployment(%),2024,53.789
Nyamasheke,West,LU2-Combined rate of unemployment and time-related underemployment(%),2025,56.494
Nyamasheke,West,LU3-Combined rate of unemployment and potential labour force(%),2017,55.944
Nyamasheke,West,LU3-Combined rate of unemployment and potential labour force(%),2018,45.338
Nyamasheke,West,LU3-Combined rate of unemployment and potential labour force(%),2019,42.362
Nyamasheke,West,LU3-Combined rate of unemployment and potential labour force(%),2021,36.806
Nyamasheke,West,LU3-Combined rate of unemployment and potential labour force(%),2022,50.451
Nyamasheke,West,LU3-Combined rate of unemployment and potential labour force(%),2023,47.345
Nyamasheke,West,LU3-Combined rate of unemployment and potential labour force(%),2024,34.255
Nyamasheke,West,LU3-Combined rate of unemployment and potential labour force(%),2025,39.224
Nyamasheke,West,LU4 - Composite measure of labour underutilization(%),2017,74.258
Nyamasheke,West,LU4 - Composite measure of labour underutilization(%),2018,56.842
Nyamasheke,West,LU4 - Composite measure of labour underutilization(%),2019,55.703
Nyamasheke,West,LU4 - Composite measure of labour underutilization(%),2021,57.218
Nyamasheke,West,LU4 - Composite measure of labour underutilization(%),2022,71.488
Nyamasheke,West,LU4 - Composite measure of labour underutilization(%),2023,72.884
Nyamasheke,West,LU4 - Composite measure of labour underutilization(%),2024,62.435
Nyamasheke,West,LU4 - Composite measure of labour underutilization(%),2025,67.591
Nyamasheke,West,NEET rate-Youth not in employment nor currently in education or training(%),2017,47.307
Nyamasheke,West,NEET rate-Youth not in employment nor currently in education or training(%),2018,37.28
Nyamasheke,West,NEET rate-Youth not in employment nor currently in education or training(%),2019,34.393
Nyamasheke,West,NEET rate-Youth not in employment nor currently in education or training(%),2021,33.431
Nyamasheke,West,NEET rate-Youth not in employment nor currently in education or training(%),2022,38.012
Nyamasheke,West,NEET rate-Youth not in employment nor currently in education or training(%),2023,34.494
Nyamasheke,West,NEET rate-Youth not in employment nor currently in education or training(%),2024,32.963
Nyamasheke,West,NEET rate-Youth not in employment nor currently in education or training(%),2025,28.837
Nyamasheke,West,Median monthly earnings at main job,2017,20800.0
Nyamasheke,West,Median monthly earnings at main job,2018,26000.0
Nyamasheke,West,Median monthly earnings at main job,2019,26000.0
Nyamasheke,West,Median monthly earnings at main job,2021,26000.0
Nyamasheke,West,Median monthly earnings at main job,2022,26000.0
Nyamasheke,West,Median monthly earnings at main job,2023,31200.0
Nyamasheke,West,Median monthly earnings at main job,2024,33800.0
Nyamasheke,West,Median monthly earnings at main job,2025,39000.0
Rwamagana,East,Working age population(16+ years),2017,210659.165
Rwamagana,East,Working age population(16+ years),2018,243560.699
Rwamagana,East,Working age population(16+ years),2019,247087.763
Rwamagana,East,Working age population(16+ years),2020,203845.722
Rwamagana,East,Working age population(16+ years),2021,252200.737
Rwamagana,East,Working age population(16+ years),2022,285118.82
Rwamagana,East,Working age population(16+ years),2023,270108.448
Rwamagana,East,Working age population(16+ years),2024,294890.605
Rwamagana,East,Working age population(16+ years),2025,306932.413
Rwamagana,East,Labour force,2017,109758.417
Rwamagana,East,Labour force,2018,131428.85
Rwamagana,East,Labour force,2019,120229.473
Rwamagana,East,Labour force,2020,93585.422
Rwamagana,East,Labour force,2021,134154.444
Rwamagana,East,Labour force,2022,153946.894
Rwamagana,East,Labour force,2023,165078.721
Rwamagana,East,Labour force,2024,200531.732
Rwamagana,East,Labour force,2025,196635.198
Rwamagana,East,Employed,2017,100362.485
Rwamagana,East,Employed,2018,117321.093
Rwamagana,East,Employed,2019,107404.034
Rwamagana,East,Employed,2020,81993.099
Rwamagana,East,Employed,2021,92079.315
Rwamagana,East,Employed,2022,123758.847
Rwamagana,East,Employed,2023,138130.649
Rwamagana,East,Employed,2024,177363.683
Rwamagana,East,Employed,2025,173664.206
Rwamagana,East,Unemployed,2017,9395.932
Rwamagana,East,Unemployed,2018,14107.756
Rwamagana,East,Unemployed,2019,12825.439
Rwamagana,East,Unemployed,2020,11592.323
Rwamagana,East,Unemployed,2021,42075.129
Rwamagana,East,Unemployed,2022,30188.047
Rwamagana,East,Unemployed,2023,26948.072
Rwamagana,East,Unemployed,2024,23168.049
Rwamagana,East,Unemployed,2025,22970.992
Rwamagana,East,out of labour force,2017,100900.748
Rwamagana,East,out of labour force,2018,112131.849
Rwamagana,East,out of labour force,2019,126858.29
Rwamagana,East,out of labour force,2020,110260.299
Rwamagana,East,out of labour force,2021,118046.293
Rwamagana,East,out of labour force,2022,131171.926
Rwamagana,East,out of labour force,2023,105029.727
Rwamagana,East,out of labour force,2024,94358.873
Rwamagana,East,out of labour force,2025,110297.215
Rwamagana,East,Time related underemployed,2017,35301.722
Rwamagana,East,Time related underemployed,2018,40340.482
Rwamagana,East,Time related underemployed,2019,31599.238
Rwamagana,East,Time related underemployed,2021,30083.358
Rwamagana,East,Time related underemployed,2022,37152.718
Rwamagana,East,Time related underemployed,2023,40424.141
Rwamagana,East,Time related underemployed,2024,49198.356
Rwamagana,East,Time related underemployed,2025,46539.432
Rwamagana,East,Potential labour force,2017,50258.612
Rwamagana,East,Potential labour force,2018,60608.625
Rwamagana,East,Potential labour force,2019,72543.63
Rwamagana,East,Potential labour force,2021,44933.662
Rwamagana,East,Potential labour force,2022,43984.558
Rwamagana,East,Potential labour force,2023,43581.625
Rwamagana,East,Potential labour force,2024,44099.219
Rwamagana,East,Potential labour force,2025,55317.49
Rwamagana,East,Labour underutilization,2017,94956.266
Rwamagana,East,Labour underutilization,2018,115056.863
Rwamagana,East,Labour underutilization,2019,116968.306
Rwamagana,East,Labour underutilization,2021,117092.149
Rwamagana,East,Labour underutilization,2022,111325.323
Rwamagana,East,Labour underutilization,2023,110953.838
Rwamagana,East,Labour underutilization,2024,116465.624
Rwamagana,East,Labour underutilization,2025,124827.914
Rwamagana,East,Labour force participation rate(%),2017,52.102
Rwamagana,East,Labour force participation rate(%),2018,53.961
Rwamagana,East,Labour force participation rate(%),2019,48.659
Rwamagana,East,Labour force participation rate(%),2020,45.91
Rwamagana,East,Labour force participation rate(%),2021,53.194
Rwamagana,East,Labour force participation rate(%),2022,53.994
Rwamagana,East,Labour force participation rate(%),2023,61.116
Rwamagana,East,Labour force participation rate(%),2024,68.002
Rwamagana,East,Labour force participation rate(%),2025,64.065
Rwamagana,East,Employment-to-population ratio(%),2017,47.642
Rwamagana,East,Employment-to-population ratio(%),2018,48.169
Rwamagana,East,Employment-to-population ratio(%),2019,43.468
Rwamagana,East,Employment-to-population ratio(%),2020,40.223
Rwamagana,East,Employment-to-population ratio(%),2021,36.51
Rwamagana,East,Employment-to-population ratio(%),2022,43.406
Rwamagana,East,Employment-to-population ratio(%),2023,51.139
Rwamagana,East,Employment-to-population ratio(%),2024,60.146
Rwamagana,East,Employment-to-population ratio(%),2025,56.581
Rwamagana,East,Rate of population outside labour force(%),2017,47.898
Rwamagana,East,Rate of population outside labour force(%),2018,46.039
Rwamagana,East,Rate of population outside labour force(%),2019,51.341
Rwamagana,East,Rate of population outside labour force(%),2020,54.09
Rwamagana,East,Rate of population outside labour force(%),2021,46.806
Rwamagana,East,Rate of population outside labour force(%),2022,46.006
Rwamagana,East,Rate of population outside labour force(%),2023,38.884
Rwamagana,East,Rate of population outside labour force(%),2024,31.998
Rwamagana,East,Rate of population outside labour force(%),2025,35.935
Rwamagana,East,Time related underemployment rate(%),2017,35.174
Rwamagana,East,Time related underemployment rate(%),2018,34.385
Rwamagana,East,Time related underemployment rate(%),2019,29.421
Rwamagana,East,Time related underemployment rate(%),2021,32.671
Rwamagana,East,Time related underemployment rate(%),2022,30.02
Rwamagana,East,Time related underemployment rate(%),2023,29.265
Rwamagana,East,Time related underemployment rate(%),2024,27.739
Rwamagana,East,Time related underemployment rate(%),2025,26.799
Rwamagana,East,LU1-Unemployment rate (%),2024,11.553
Rwamagana,East,LU1-Unemployment rate (%),2025,11.682
Rwamagana,East,LU2-Combined rate of unemployment and time-related underemployment(%),2017,40.724
Rwamagana,East,LU2-Combined rate of unemployment and time-related underemployment(%),2018,41.428
Rwamagana,East,LU2-Combined rate of unemployment and time-related underemployment(%),2019,36.95
Rwamagana,East,LU2-Combined rate of unemployment and time-related underemployment(%),2021,53.788
Rwamagana,East,LU2-Combined rate of unemployment and time-related underemployment(%),2022,43.743
Rwamagana,East,LU2-Combined rate of unemployment and time-related underemployment(%),2023,40.812
Rwamagana,East,LU2-Combined rate of unemployment and time-related underemployment(%),2024,36.087
Rwamagana,East,LU2-Combined rate of unemployment and time-related underemployment(%),2025,35.35
Rwamagana,East,LU3-Combined rate of unemployment and potential labour force(%),2017,37.28
Rwamagana,East,LU3-Combined rate of unemployment and potential labour force(%),2018,38.907
Rwamagana,East,LU3-Combined rate of unemployment and potential labour force(%),2019,44.285
Rwamagana,East,LU3-Combined rate of unemployment and potential labour force(%),2021,48.584
Rwamagana,East,LU3-Combined rate of unemployment and potential labour force(%),2022,37.474
Rwamagana,East,LU3-Combined rate of unemployment and potential labour force(%),2023,33.801
Rwamagana,East,LU3-Combined rate of unemployment and potential labour force(%),2024,27.497
Rwamagana,East,LU3-Combined rate of unemployment and potential labour force(%),2025,31.073
Rwamagana,East,LU4 - Composite measure of labour underutilization(%),2017,59.341
Rwamagana,East,LU4 - Composite measure of labour underutilization(%),2018,59.914
Rwamagana,East,LU4 - Composite measure of labour underutilization(%),2019,60.677
Rwamagana,East,LU4 - Composite measure of labour underutilization(%),2021,65.382
Rwamagana,East,LU4 - Composite measure of labour underutilization(%),2022,56.244
Rwamagana,East,LU4 - Composite measure of labour underutilization(%),2023,53.174
Rwamagana,East,LU4 - Composite measure of labour underutilization(%),2024,47.609
Rwamagana,East,LU4 - Composite measure of labour underutilization(%),2025,49.544
Rwamagana,East,NEET rate-Youth not in employment nor currently in education or training(%),2017,31.499
Rwamagana,East,NEET rate-Youth not in employment nor currently in education or training(%),2018,34.173
Rwamagana,East,NEET rate-Youth not in employment nor currently in education or training(%),2019,41.139
Rwamagana,East,NEET rate-Youth not in employment nor currently in education or training(%),2021,39.283
Rwamagana,East,NEET rate-Youth not in employment nor currently in education or training(%),2022,34.567
Rwamagana,East,NEET rate-Youth not in employment nor currently in education or training(%),2023,29.526
Rwamagana,East,NEET rate-Youth not in employment nor currently in education or training(%),2024,26.481
Rwamagana,East,NEET rate-Youth not in employment nor currently in education or training(%),2025,22.453
Rwamagana,East,Median monthly earnings at main job,2017,20800.0
Rwamagana,East,Median monthly earnings at main job,2018,32500.0
Rwamagana,East,Median monthly earnings at main job,2019,26000.0
Rwamagana,East,Median monthly earnings at main job,2021,26000.0
Rwamagana,East,Median monthly earnings at main job,2022,26000.0
Rwamagana,East,Median monthly earnings at main job,2023,31200.0
Rwamagana,East,Median monthly earnings at main job,2024,39000.0
Rwamagana,East,Median monthly earnings at main job,2025,39000.0
Nyagatare,East,Working age population(16+ years),2017,314100.061
Nyagatare,East,Working age population(16+ years),2018,288963.921
Nyagatare,East,Working age population(16+ years),2019,243017.012
Nyagatare,East,Working age population(16+ years),2020,256804.636
Nyagatare,East,Working age population(16+ years),2021,362999.745
Nyagatare,East,Working age population(16+ years),2022,317777.966
Nyagatare,East,Working age population(16+ years),2023,381890.657
Nyagatare,East,Working age population(16+ years),2024,424866.11
Nyagatare,East,Working age population(16+ years),2025,434552.658
Nyagatare,East,Labour force,2017,186288.855
Nyagatare,East,Labour force,2018,198379.417
Nyagatare,East,Labour force,2019,145900.216
Nyagatare,East,Labour force,2020,155001.203
Nyagatare,East,Labour force,2021,209965.202
Nyagatare,East,Labour force,2022,169192.162
Nyagatare,East,Labour force,2023,228264.144
Nyagatare,East,Labour force,2024,280139.355
Nyagatare,East,Labour force,2025,272207.873
Nyagatare,East,Employed,2017,140775.108
Nyagatare,East,Employed,2018,156547.782
Nyagatare,East,Employed,2019,125468.254
Nyagatare,East,Employed,2020,132139.173
Nyagatare,East,Employed,2021,174159.279
Nyagatare,East,Employed,2022,136485.406
Nyagatare,East,Employed,2023,187320.319
Nyagatare,East,Employed,2024,242238.432
Nyagatare,East,Employed,2025,245089.29
Nyagatare,East,Unemployed,2017,45513.747
Nyagatare,East,Unemployed,2018,41831.636
Nyagatare,East,Unemployed,2019,20431.962
Nyagatare,East,Unemployed,2020,22862.031
Nyagatare,East,Unemployed,2021,35805.924
Nyagatare,East,Unemployed,2022,32706.756
Nyagatare,East,Unemployed,2023,40943.825
Nyagatare,East,Unemployed,2024,37900.923
Nyagatare,East,Unemployed,2025,27118.583
Nyagatare,East,out of labour force,2017,127811.206
Nyagatare,East,out of labour force,2018,90584.504
Nyagatare,East,out of labour force,2019,97116.795
Nyagatare,East,out of labour force,2020,101803.433
Nyagatare,East,out of labour force,2021,153034.542
Nyagatare,East,out of labour force,2022,148585.803
Nyagatare,East,out of labour force,2023,153626.513
Nyagatare,East,out of labour force,2024,144726.755
Nyagatare,East,out of labour force,2025,162344.785
Nyagatare,East,Time related underemployed,2017,49798.239
Nyagatare,East,Time related underemployed,2018,54254.972
Nyagatare,East,Time related underemployed,2019,24722.51
Nyagatare,East,Time related underemployed,2021,48672.844
Nyagatare,East,Time related underemployed,2022,53166.738
Nyagatare,East,Time related underemployed,2023,47559.309
Nyagatare,East,Time related underemployed,2024,80656.826
Nyagatare,East,Time related underemployed,2025,92095.941
Nyagatare,East,Potential labour force,2017,50932.799
Nyagatare,East,Potential labour force,2018,26658.655
Nyagatare,East,Potential labour force,2019,38049.855
Nyagatare,East,Potential labour force,2021,47517.109
Nyagatare,East,Potential labour force,2022,58263.116
Nyagatare,East,Potential labour force,2023,54428.993
Nyagatare,East,Potential labour force,2024,56368.13
Nyagatare,East,Potential labour force,2025,74748.641
Nyagatare,East,Labour underutilization,2017,146244.785
Nyagatare,East,Labour underutilization,2018,122745.262
Nyagatare,East,Labour underutilization,2019,83204.327
Nyagatare,East,Labour underutilization,2021,131995.877
Nyagatare,East,Labour underutilization,2022,144136.61
Nyagatare,East,Labour underutilization,2023,142932.127
Nyagatare,East,Labour underutilization,2024,174925.878
Nyagatare,East,Labour underutilization,2025,193963.165
Nyagatare,East,Labour force participation rate(%),2017,59.309
Nyagatare,East,Labour force participation rate(%),2018,68.652
Nyagatare,East,Labour force participation rate(%),2019,60.037
Nyagatare,East,Labour force participation rate(%),2020,60.358
Nyagatare,East,Labour force participation rate(%),2021,57.842
Nyagatare,East,Labour force participation rate(%),2022,53.242
Nyagatare,East,Labour force participation rate(%),2023,59.772
Nyagatare,East,Labour force participation rate(%),2024,65.936
Nyagatare,East,Labour force participation rate(%),2025,62.641
Nyagatare,East,Employment-to-population ratio(%),2017,44.819
Nyagatare,East,Employment-to-population ratio(%),2018,54.176
Nyagatare,East,Employment-to-population ratio(%),2019,51.629
Nyagatare,East,Employment-to-population ratio(%),2020,51.455
Nyagatare,East,Employment-to-population ratio(%),2021,47.978
Nyagatare,East,Employment-to-population ratio(%),2022,42.95
Nyagatare,East,Employment-to-population ratio(%),2023,49.051
Nyagatare,East,Employment-to-population ratio(%),2024,57.015
Nyagatare,East,Employment-to-population ratio(%),2025,56.4
Nyagatare,East,Rate of population outside labour force(%),2017,40.691
Nyagatare,East,Rate of population outside labour force(%),2018,31.348
Nyagatare,East,Rate of population outside labour force(%),2019,39.963
Nyagatare,East,Rate of population outside labour force(%),2020,39.642
Nyagatare,East,Rate of population outside labour force(%),2021,42.158
Nyagatare,East,Rate of population outside labour force(%),2022,46.758
Nyagatare,East,Rate of population outside labour force(%),2023,40.228
Nyagatare,East,Rate of population outside labour force(%),2024,34.064
Nyagatare,East,Rate of population outside labour force(%),2025,37.359
Nyagatare,East,Time related underemployment rate(%),2017,35.374
Nyagatare,East,Time related underemployment rate(%),2018,34.657
Nyagatare,East,Time related underemployment rate(%),2019,19.704
Nyagatare,East,Time related underemployment rate(%),2021,27.947
Nyagatare,East,Time related underemployment rate(%),2022,38.954
Nyagatare,East,Time related underemployment rate(%),2023,25.389
Nyagatare,East,Time related underemployment rate(%),2024,33.296
Nyagatare,East,Time related underemployment rate(%),2025,37.576
Nyagatare,East,LU1-Unemployment rate (%),2024,13.529
Nyagatare,East,LU1-Unemployment rate (%),2025,9.962
Nyagatare,East,LU2-Combined rate of unemployment and time-related underemployment(%),2017,51.164
Nyagatare,East,LU2-Combined rate of unemployment and time-related underemployment(%),2018,48.436
Nyagatare,East,LU2-Combined rate of unemployment and time-related underemployment(%),2019,30.949
Nyagatare,East,LU2-Combined rate of unemployment and time-related underemployment(%),2021,40.235
Nyagatare,East,LU2-Combined rate of unemployment and time-related underemployment(%),2022,50.755
Nyagatare,East,LU2-Combined rate of unemployment and time-related underemployment(%),2023,38.772
Nyagatare,East,LU2-Combined rate of unemployment and time-related underemployment(%),2024,42.321
Nyagatare,East,LU2-Combined rate of unemployment and time-related underemployment(%),2025,43.795
Nyagatare,East,LU3-Combined rate of unemployment and potential labour force(%),2017,40.657
Nyagatare,East,LU3-Combined rate of unemployment and potential labour force(%),2018,30.435
Nyagatare,East,LU3-Combined rate of unemployment and potential labour force(%),2019,31.792
Nyagatare,East,LU3-Combined rate of unemployment and potential labour force(%),2021,32.361
Nyagatare,East,LU3-Combined rate of unemployment and potential labour force(%),2022,39.995
Nyagatare,East,LU3-Combined rate of unemployment and potential labour force(%),2023,33.737
Nyagatare,East,LU3-Combined rate of unemployment and potential labour force(%),2024,28.014
Nyagatare,East,LU3-Combined rate of unemployment and potential labour force(%),2025,29.36
Nyagatare,East,LU4 - Composite measure of labour underutilization(%),2017,61.649
Nyagatare,East,LU4 - Composite measure of labour underutilization(%),2018,54.544
Nyagatare,East,LU4 - Composite measure of labour underutilization(%),2019,45.232
Nyagatare,East,LU4 - Composite measure of labour underutilization(%),2021,51.264
Nyagatare,East,LU4 - Composite measure of labour underutilization(%),2022,63.369
Nyagatare,East,LU4 - Composite measure of labour underutilization(%),2023,50.561
Nyagatare,East,LU4 - Composite measure of labour underutilization(%),2024,51.983
Nyagatare,East,LU4 - Composite measure of labour underutilization(%),2025,55.904
Nyagatare,East,NEET rate-Youth not in employment nor currently in education or training(%),2017,30.406
Nyagatare,East,NEET rate-Youth not in employment nor currently in education or training(%),2018,26.453
Nyagatare,East,NEET rate-Youth not in employment nor currently in education or training(%),2019,28.197
Nyagatare,East,NEET rate-Youth not in employment nor currently in education or training(%),2021,28.215
Nyagatare,East,NEET rate-Youth not in employment nor currently in education or training(%),2022,34.848
Nyagatare,East,NEET rate-Youth not in employment nor currently in education or training(%),2023,33.6
Nyagatare,East,NEET rate-Youth not in employment nor currently in education or training(%),2024,25.671
Nyagatare,East,NEET rate-Youth not in employment nor currently in education or training(%),2025,23.417
Nyagatare,East,Median monthly earnings at main job,2017,18200.0
Nyagatare,East,Median monthly earnings at main job,2018,18200.0
Nyagatare,East,Median monthly earnings at main job,2019,18200.0
Nyagatare,East,Median monthly earnings at main job,2021,18200.0
Nyagatare,East,Median monthly earnings at main job,2022,20800.0
Nyagatare,East,Median monthly earnings at main job,2023,26000.0
Nyagatare,East,Median monthly earnings at main job,2024,26000.0
Nyagatare,East,Median monthly earnings at main job,2025,26000.0
Gatsibo,East,Working age population(16+ years),2017,219397.042
Gatsibo,East,Working age population(16+ years),2018,232184.288
Gatsibo,East,Working age population(16+ years),2019,277249.088
Gatsibo,East,Working age population(16+ years),2020,321995.865
Gatsibo,East,Working age population(16+ years),2021,362479.303
Gatsibo,East,Working age population(16+ years),2022,313535.645
Gatsibo,East,Working age population(16+ years),2023,292963.539
Gatsibo,East,Working age population(16+ years),2024,315418.283
Gatsibo,East,Working age population(16+ years),2025,306052.785
Gatsibo,East,Labour force,2017,107605.231
Gatsibo,East,Labour force,2018,127768.211
Gatsibo,East,Labour force,2019,154559.346
Gatsibo,East,Labour force,2020,198114.602
Gatsibo,East,Labour force,2021,192510.626
Gatsibo,East,Labour force,2022,188212.28
Gatsibo,East,Labour force,2023,183313.77
Gatsibo,East,Labour force,2024,204980.932
Gatsibo,East,Labour force,2025,201799.257
Gatsibo,East,Employed,2017,99172.016
Gatsibo,East,Employed,2018,109906.323
Gatsibo,East,Employed,2019,134613.939
Gatsibo,East,Employed,2020,166389.657
Gatsibo,East,Employed,2021,154722.117
Gatsibo,East,Employed,2022,145819.886
Gatsibo,East,Employed,2023,153164.674
Gatsibo,East,Employed,2024,177238.782
Gatsibo,East,Employed,2025,178623.797
Gatsibo,East,Unemployed,2017,8433.215
Gatsibo,East,Unemployed,2018,17861.888
Gatsibo,East,Unemployed,2019,19945.408
Gatsibo,East,Unemployed,2020,31724.945
Gatsibo,East,Unemployed,2021,37788.51
Gatsibo,East,Unemployed,2022,42392.394
Gatsibo,East,Unemployed,2023,30149.096
Gatsibo,East,Unemployed,2024,27742.15
Gatsibo,East,Unemployed,2025,23175.46
Gatsibo,East,out of labour force,2017,111791.811
Gatsibo,East,out of labour force,2018,104416.077
Gatsibo,East,out of labour force,2019,122689.742
Gatsibo,East,out of labour force,2020,123881.263
Gatsibo,East,out of labour force,2021,169968.676
Gatsibo,East,out of labour force,2022,125323.365
Gatsibo,East,out of labour force,2023,109649.769
Gatsibo,East,out of labour force,2024,110437.351
Gatsibo,East,out of labour force,2025,104253.528
Gatsibo,East,Time related underemployed,2017,43517.568
Gatsibo,East,Time related underemployed,2018,41595.757
Gatsibo,East,Time related underemployed,2019,23067.269
Gatsibo,East,Time related underemployed,2021,45367.387
Gatsibo,East,Time related underemployed,2022,53391.498
Gatsibo,East,Time related underemployed,2023,25748.653
Gatsibo,East,Time related underemployed,2024,62190.005
Gatsibo,East,Time related underemployed,2025,59384.784
Gatsibo,East,Potential labour force,2017,57514.692
Gatsibo,East,Potential labour force,2018,49865.232
Gatsibo,East,Potential labour force,2019,55004.81
Gatsibo,East,Potential labour force,2021,59522.535
Gatsibo,East,Potential labour force,2022,46975.153
Gatsibo,East,Potential labour force,2023,49533.567
Gatsibo,East,Potential labour force,2024,39176.913
Gatsibo,East,Potential labour force,2025,46863.279
Gatsibo,East,Labour underutilization,2017,109465.475
Gatsibo,East,Labour underutilization,2018,109322.877
Gatsibo,East,Labour underutilization,2019,98017.486
Gatsibo,East,Labour underutilization,2021,142678.432
Gatsibo,East,Labour underutilization,2022,142759.045
Gatsibo,East,Labour underutilization,2023,105431.315
Gatsibo,East,Labour underutilization,2024,129109.068
Gatsibo,East,Labour underutilization,2025,129423.523
Gatsibo,East,Labour force participation rate(%),2017,49.046
Gatsibo,East,Labour force participation rate(%),2018,55.029
Gatsibo,East,Labour force participation rate(%),2019,55.747
Gatsibo,East,Labour force participation rate(%),2020,61.527
Gatsibo,East,Labour force participation rate(%),2021,53.109
Gatsibo,East,Labour force participation rate(%),2022,60.029
Gatsibo,East,Labour force participation rate(%),2023,62.572
Gatsibo,East,Labour force participation rate(%),2024,64.987
Gatsibo,East,Labour force participation rate(%),2025,65.936
Gatsibo,East,Employment-to-population ratio(%),2017,45.202
Gatsibo,East,Employment-to-population ratio(%),2018,47.336
Gatsibo,East,Employment-to-population ratio(%),2019,48.553
Gatsibo,East,Employment-to-population ratio(%),2020,51.674
Gatsibo,East,Employment-to-population ratio(%),2021,42.684
Gatsibo,East,Employment-to-population ratio(%),2022,46.508
Gatsibo,East,Employment-to-population ratio(%),2023,52.281
Gatsibo,East,Employment-to-population ratio(%),2024,56.192
Gatsibo,East,Employment-to-population ratio(%),2025,58.364
Gatsibo,East,Rate of population outside labour force(%),2017,50.954
Gatsibo,East,Rate of population outside labour force(%),2018,44.971
Gatsibo,East,Rate of population outside labour force(%),2019,44.253
Gatsibo,East,Rate of population outside labour force(%),2020,38.473
Gatsibo,East,Rate of population outside labour force(%),2021,46.891
Gatsibo,East,Rate of population outside labour force(%),2022,39.971
Gatsibo,East,Rate of population outside labour force(%),2023,37.428
Gatsibo,East,Rate of population outside labour force(%),2024,35.013
Gatsibo,East,Rate of population outside labour force(%),2025,34.064
Gatsibo,East,Time related underemployment rate(%),2017,43.881
Gatsibo,East,Time related underemployment rate(%),2018,37.847
Gatsibo,East,Time related underemployment rate(%),2019,17.136
Gatsibo,East,Time related underemployment rate(%),2021,29.322
Gatsibo,East,Time related underemployment rate(%),2022,36.615
Gatsibo,East,Time related underemployment rate(%),2023,16.811
Gatsibo,East,Time related underemployment rate(%),2024,35.088
Gatsibo,East,Time related underemployment rate(%),2025,33.246
Gatsibo,East,LU1-Unemployment rate (%),2024,13.534
Gatsibo,East,LU1-Unemployment rate (%),2025,11.484
Gatsibo,East,LU2-Combined rate of unemployment and time-related underemployment(%),2017,48.279
Gatsibo,East,LU2-Combined rate of unemployment and time-related underemployment(%),2018,46.536
Gatsibo,East,LU2-Combined rate of unemployment and time-related underemployment(%),2019,27.829
Gatsibo,East,LU2-Combined rate of unemployment and time-related underemployment(%),2021,43.195
Gatsibo,East,LU2-Combined rate of unemployment and time-related underemployment(%),2022,50.891
Gatsibo,East,LU2-Combined rate of unemployment and time-related underemployment(%),2023,30.493
Gatsibo,East,LU2-Combined rate of unemployment and time-related underemployment(%),2024,43.873
Gatsibo,East,LU2-Combined rate of unemployment and time-related underemployment(%),2025,40.912
Gatsibo,East,LU3-Combined rate of unemployment and potential labour force(%),2017,39.939
Gatsibo,East,LU3-Combined rate of unemployment and potential labour force(%),2018,38.127
Gatsibo,East,LU3-Combined rate of unemployment and potential labour force(%),2019,35.765
Gatsibo,East,LU3-Combined rate of unemployment and potential labour force(%),2021,38.61
Gatsibo,East,LU3-Combined rate of unemployment and potential labour force(%),2022,37.998
Gatsibo,East,LU3-Combined rate of unemployment and potential labour force(%),2023,34.221
Gatsibo,East,LU3-Combined rate of unemployment and potential labour force(%),2024,27.408
Gatsibo,East,LU3-Combined rate of unemployment and potential labour force(%),2025,28.166
Gatsibo,East,LU4 - Composite measure of labour underutilization(%),2017,66.295
Gatsibo,East,LU4 - Composite measure of labour underutilization(%),2018,61.544
Gatsibo,East,LU4 - Composite measure of labour underutilization(%),2019,46.772
Gatsibo,East,LU4 - Composite measure of labour underutilization(%),2021,56.611
Gatsibo,East,LU4 - Composite measure of labour underutilization(%),2022,60.7
Gatsibo,East,LU4 - Composite measure of labour underutilization(%),2023,45.279
Gatsibo,East,LU4 - Composite measure of labour underutilization(%),2024,52.879
Gatsibo,East,LU4 - Composite measure of labour underutilization(%),2025,52.048
Gatsibo,East,NEET rate-Youth not in employment nor currently in education or training(%),2017,36.631
Gatsibo,East,NEET rate-Youth not in employment nor currently in education or training(%),2018,38.531
Gatsibo,East,NEET rate-Youth not in employment nor currently in education or training(%),2019,33.833
Gatsibo,East,NEET rate-Youth not in employment nor currently in education or training(%),2021,37.302
Gatsibo,East,NEET rate-Youth not in employment nor currently in education or training(%),2022,36.518
Gatsibo,East,NEET rate-Youth not in employment nor currently in education or training(%),2023,34.137
Gatsibo,East,NEET rate-Youth not in employment nor currently in education or training(%),2024,29.111
Gatsibo,East,NEET rate-Youth not in employment nor currently in education or training(%),2025,24.281
Gatsibo,East,Median monthly earnings at main job,2017,15600.0
Gatsibo,East,Median monthly earnings at main job,2018,15600.0
Gatsibo,East,Median monthly earnings at main job,2019,15600.0
Gatsibo,East,Median monthly earnings at main job,2021,18200.0
Gatsibo,East,Median monthly earnings at main job,2022,18200.0
Gatsibo,East,Median monthly earnings at main job,2023,20800.0
Gatsibo,East,Median monthly earnings at main job,2024,26000.0
Gatsibo,East,Median monthly earnings at main job,2025,26000.0
Kayonza,East,Working age population(16+ years),2017,202044.087
Kayonza,East,Working age population(16+ years),2018,218039.002
Kayonza,East,Working age population(16+ years),2019,237036.853
Kayonza,East,Working age population(16+ years),2020,216849.356
Kayonza,East,Working age population(16+ years),2021,258481.878
Kayonza,East,Working age population(16+ years),2022,315834.504
Kayonza,East,Working age population(16+ years),2023,253711.653
Kayonza,East,Working age population(16+ years),2024,309486.097
Kayonza,East,Working age population(16+ years),2025,313319.695
Kayonza,East,Labour force,2017,109876.854
Kayonza,East,Labour force,2018,118878.588
Kayonza,East,Labour force,2019,121566.68
Kayonza,East,Labour force,2020,139094.854
Kayonza,East,Labour force,2021,132097.514
Kayonza,East,Labour force,2022,156579.424
Kayonza,East,Labour force,2023,151288.016
Kayonza,East,Labour force,2024,195525.302
Kayonza,East,Labour force,2025,200675.024
Kayonza,East,Employed,2017,101679.997
Kayonza,East,Employed,2018,109355.779
Kayonza,East,Employed,2019,108935.09
Kayonza,East,Employed,2020,127106.166
Kayonza,East,Employed,2021,101725.742
Kayonza,East,Employed,2022,131665.751
Kayonza,East,Employed,2023,129385.744
Kayonza,East,Employed,2024,178926.515
Kayonza,East,Employed,2025,182268.645
Kayonza,East,Unemployed,2017,8196.857
Kayonza,East,Unemployed,2018,9522.809
Kayonza,East,Unemployed,2019,12631.59
Kayonza,East,Unemployed,2020,11988.688
Kayonza,East,Unemployed,2021,30371.772
Kayonza,East,Unemployed,2022,24913.673
Kayonza,East,Unemployed,2023,21902.272
Kayonza,East,Unemployed,2024,16598.788
Kayonza,East,Unemployed,2025,18406.378
Kayonza,East,out of labour force,2017,92167.232
Kayonza,East,out of labour force,2018,99160.414
Kayonza,East,out of labour force,2019,115470.172
Kayonza,East,out of labour force,2020,77754.503
Kayonza,East,out of labour force,2021,126384.363
Kayonza,East,out of labour force,2022,159255.08
Kayonza,East,out of labour force,2023,102423.637
Kayonza,East,out of labour force,2024,113960.794
Kayonza,East,out of labour force,2025,112644.671
Kayonza,East,Time related underemployed,2017,23487.885
Kayonza,East,Time related underemployed,2018,19207.513
Kayonza,East,Time related underemployed,2019,26360.992
Kayonza,East,Time related underemployed,2021,30002.394
Kayonza,East,Time related underemployed,2022,30586.879
Kayonza,East,Time related underemployed,2023,28827.276
Kayonza,East,Time related underemployed,2024,67450.825
Kayonza,East,Time related underemployed,2025,63702.197
Kayonza,East,Potential labour force,2017,30488.823
Kayonza,East,Potential labour force,2018,28987.985
Kayonza,East,Potential labour force,2019,43171.322
Kayonza,East,Potential labour force,2021,51755.36
Kayonza,East,Potential labour force,2022,50210.099
Kayonza,East,Potential labour force,2023,44650.073
Kayonza,East,Potential labour force,2024,51410.442
Kayonza,East,Potential labour force,2025,55509.586
Kayonza,East,Labour underutilization,2017,62173.565
Kayonza,East,Labour underutilization,2018,57718.307
Kayonza,East,Labour underutilization,2019,82163.904
Kayonza,East,Labour underutilization,2021,112129.525
Kayonza,East,Labour underutilization,2022,105710.651
Kayonza,East,Labour underutilization,2023,95379.622
Kayonza,East,Labour underutilization,2024,135460.055
Kayonza,East,Labour underutilization,2025,137618.161
Kayonza,East,Labour force participation rate(%),2017,54.383
Kayonza,East,Labour force participation rate(%),2018,54.522
Kayonza,East,Labour force participation rate(%),2019,51.286
Kayonza,East,Labour force participation rate(%),2020,64.144
Kayonza,East,Labour force participation rate(%),2021,51.105
Kayonza,East,Labour force participation rate(%),2022,49.576
Kayonza,East,Labour force participation rate(%),2023,59.63
Kayonza,East,Labour force participation rate(%),2024,63.177
Kayonza,East,Labour force participation rate(%),2025,64.048
Kayonza,East,Employment-to-population ratio(%),2017,50.326
Kayonza,East,Employment-to-population ratio(%),2018,50.154
Kayonza,East,Employment-to-population ratio(%),2019,45.957
Kayonza,East,Employment-to-population ratio(%),2020,58.615
Kayonza,East,Employment-to-population ratio(%),2021,39.355
Kayonza,East,Employment-to-population ratio(%),2022,41.688
Kayonza,East,Employment-to-population ratio(%),2023,50.997
Kayonza,East,Employment-to-population ratio(%),2024,57.814
Kayonza,East,Employment-to-population ratio(%),2025,58.173
Kayonza,East,Rate of population outside labour force(%),2017,45.617
Kayonza,East,Rate of population outside labour force(%),2018,45.478
Kayonza,East,Rate of population outside labour force(%),2019,48.714
Kayonza,East,Rate of population outside labour force(%),2020,35.856
Kayonza,East,Rate of population outside labour force(%),2021,48.895
Kayonza,East,Rate of population outside labour force(%),2022,50.424
Kayonza,East,Rate of population outside labour force(%),2023,40.37
Kayonza,East,Rate of population outside labour force(%),2024,36.823
Kayonza,East,Rate of population outside labour force(%),2025,35.952
Kayonza,East,Time related underemployment rate(%),2017,23.1
Kayonza,East,Time related underemployment rate(%),2018,17.564
Kayonza,East,Time related underemployment rate(%),2019,24.199
Kayonza,East,Time related underemployment rate(%),2021,29.493
Kayonza,East,Time related underemployment rate(%),2022,23.231
Kayonza,East,Time related underemployment rate(%),2023,22.28
Kayonza,East,Time related underemployment rate(%),2024,37.698
Kayonza,East,Time related underemployment rate(%),2025,34.95
Kayonza,East,LU1-Unemployment rate (%),2024,8.489
Kayonza,East,LU1-Unemployment rate (%),2025,9.172
Kayonza,East,LU2-Combined rate of unemployment and time-related underemployment(%),2017,28.837
Kayonza,East,LU2-Combined rate of unemployment and time-related underemployment(%),2018,24.168
Kayonza,East,LU2-Combined rate of unemployment and time-related underemployment(%),2019,32.075
Kayonza,East,LU2-Combined rate of unemployment and time-related underemployment(%),2021,45.704
Kayonza,East,LU2-Combined rate of unemployment and time-related underemployment(%),2022,35.446
Kayonza,East,LU2-Combined rate of unemployment and time-related underemployment(%),2023,33.532
Kayonza,East,LU2-Combined rate of unemployment and time-related underemployment(%),2024,42.987
Kayonza,East,LU2-Combined rate of unemployment and time-related underemployment(%),2025,40.916
Kayonza,East,LU3-Combined rate of unemployment and potential labour force(%),2017,27.561
Kayonza,East,LU3-Combined rate of unemployment and potential labour force(%),2018,26.044
Kayonza,East,LU3-Combined rate of unemployment and potential labour force(%),2019,33.874
Kayonza,East,LU3-Combined rate of unemployment and potential labour force(%),2021,44.67
Kayonza,East,LU3-Combined rate of unemployment and potential labour force(%),2022,36.329
Kayonza,East,LU3-Combined rate of unemployment and potential labour force(%),2023,33.966
Kayonza,East,LU3-Combined rate of unemployment and potential labour force(%),2024,27.541
Kayonza,East,LU3-Combined rate of unemployment and potential labour force(%),2025,28.853
Kayonza,East,LU4 - Composite measure of labour underutilization(%),2017,44.294
Kayonza,East,LU4 - Composite measure of labour underutilization(%),2018,39.034
Kayonza,East,LU4 - Composite measure of labour underutilization(%),2019,49.876
Kayonza,East,LU4 - Composite measure of labour underutilization(%),2021,60.989
Kayonza,East,LU4 - Composite measure of labour underutilization(%),2022,51.12
Kayonza,East,LU4 - Composite measure of labour underutilization(%),2023,48.678
Kayonza,East,LU4 - Composite measure of labour underutilization(%),2024,54.856
Kayonza,East,LU4 - Composite measure of labour underutilization(%),2025,53.718
Kayonza,East,NEET rate-Youth not in employment nor currently in education or training(%),2017,26.196
Kayonza,East,NEET rate-Youth not in employment nor currently in education or training(%),2018,29.386
Kayonza,East,NEET rate-Youth not in employment nor currently in education or training(%),2019,31.803
Kayonza,East,NEET rate-Youth not in employment nor currently in education or training(%),2021,39.633
Kayonza,East,NEET rate-Youth not in employment nor currently in education or training(%),2022,36.951
Kayonza,East,NEET rate-Youth not in employment nor currently in education or training(%),2023,34.504
Kayonza,East,NEET rate-Youth not in employment nor currently in education or training(%),2024,23.148
Kayonza,East,NEET rate-Youth not in employment nor currently in education or training(%),2025,24.376
Kayonza,East,Median monthly earnings at main job,2017,18200.0
Kayonza,East,Median monthly earnings at main job,2018,20800.0
Kayonza,East,Median monthly earnings at main job,2019,18200.0
Kayonza,East,Median monthly earnings at main job,2021,26000.0
Kayonza,East,Median monthly earnings at main job,2022,26000.0
Kayonza,East,Median monthly earnings at main job,2023,26000.0
Kayonza,East,Median monthly earnings at main job,2024,26000.0
Kayonza,East,Median monthly earnings at main job,2025,30000.0
Kirehe,East,Working age population(16+ years),2017,192969.241
Kirehe,East,Working age population(16+ years),2018,211621.279
Kirehe,East,Working age population(16+ years),2019,232864.248
Kirehe,East,Working age population(16+ years),2020,230633.488
Kirehe,East,Working age population(16+ years),2021,269436.47
Kirehe,East,Working age population(16+ years),2022,232181.307
Kirehe,East,Working age population(16+ years),2023,257462.025
Kirehe,East,Working age population(16+ years),2024,252940.191
Kirehe,East,Working age population(16+ years),2025,251301.571
Kirehe,East,Labour force,2017,103671.918
Kirehe,East,Labour force,2018,109341.727
Kirehe,East,Labour force,2019,114171.598
Kirehe,East,Labour force,2020,140872.354
Kirehe,East,Labour force,2021,142867.84
Kirehe,East,Labour force,2022,122653.771
Kirehe,East,Labour force,2023,164542.325
Kirehe,East,Labour force,2024,153184.167
Kirehe,East,Labour force,2025,143665.577
Kirehe,East,Employed,2017,92896.425
Kirehe,East,Employed,2018,92282.072
Kirehe,East,Employed,2019,94101.29
Kirehe,East,Employed,2020,125104.864
Kirehe,East,Employed,2021,111470.361
Kirehe,East,Employed,2022,102948.245
Kirehe,East,Employed,2023,139789.475
Kirehe,East,Employed,2024,124946.677
Kirehe,East,Employed,2025,130355.603
Kirehe,East,Unemployed,2017,10775.493
Kirehe,East,Unemployed,2018,17059.655
Kirehe,East,Unemployed,2019,20070.308
Kirehe,East,Unemployed,2020,15767.49
Kirehe,East,Unemployed,2021,31397.479
Kirehe,East,Unemployed,2022,19705.526
Kirehe,East,Unemployed,2023,24752.85
Kirehe,East,Unemployed,2024,28237.49
Kirehe,East,Unemployed,2025,13309.973
Kirehe,East,out of labour force,2017,89297.323
Kirehe,East,out of labour force,2018,102279.552
Kirehe,East,out of labour force,2019,118692.65
Kirehe,East,out of labour force,2020,89761.134
Kirehe,East,out of labour force,2021,126568.63
Kirehe,East,out of labour force,2022,109527.535
Kirehe,East,out of labour force,2023,92919.7
Kirehe,East,out of labour force,2024,99756.024
Kirehe,East,out of labour force,2025,107635.994
Kirehe,East,Time related underemployed,2017,32603.098
Kirehe,East,Time related underemployed,2018,31980.187
Kirehe,East,Time related underemployed,2019,39918.608
Kirehe,East,Time related underemployed,2021,40463.848
Kirehe,East,Time related underemployed,2022,57121.662
Kirehe,East,Time related underemployed,2023,57087.378
Kirehe,East,Time related underemployed,2024,59364.282
Kirehe,East,Time related underemployed,2025,64030.802
Kirehe,East,Potential labour force,2017,37288.902
Kirehe,East,Potential labour force,2018,45200.517
Kirehe,East,Potential labour force,2019,56969.385
Kirehe,East,Potential labour force,2021,41688.1
Kirehe,East,Potential labour force,2022,44955.529
Kirehe,East,Potential labour force,2023,34675.033
Kirehe,East,Potential labour force,2024,34356.668
Kirehe,East,Potential labour force,2025,57684.534
Kirehe,East,Labour underutilization,2017,80667.494
Kirehe,East,Labour underutilization,2018,94240.359
Kirehe,East,Labour underutilization,2019,116958.301
Kirehe,East,Labour underutilization,2021,113549.427
Kirehe,East,Labour underutilization,2022,121782.717
Kirehe,East,Labour underutilization,2023,116515.261
Kirehe,East,Labour underutilization,2024,121958.44
Kirehe,East,Labour underutilization,2025,135025.309
Kirehe,East,Labour force participation rate(%),2017,53.725
Kirehe,East,Labour force participation rate(%),2018,51.669
Kirehe,East,Labour force participation rate(%),2019,49.029
Kirehe,East,Labour force participation rate(%),2020,61.081
Kirehe,East,Labour force participation rate(%),2021,53.025
Kirehe,East,Labour force participation rate(%),2022,52.827
Kirehe,East,Labour force participation rate(%),2023,63.909
Kirehe,East,Labour force participation rate(%),2024,60.561
Kirehe,East,Labour force participation rate(%),2025,57.169
Kirehe,East,Employment-to-population ratio(%),2017,48.141
Kirehe,East,Employment-to-population ratio(%),2018,43.607
Kirehe,East,Employment-to-population ratio(%),2019,40.41
Kirehe,East,Employment-to-population ratio(%),2020,54.244
Kirehe,East,Employment-to-population ratio(%),2021,41.372
Kirehe,East,Employment-to-population ratio(%),2022,44.34
Kirehe,East,Employment-to-population ratio(%),2023,54.295
Kirehe,East,Employment-to-population ratio(%),2024,49.398
Kirehe,East,Employment-to-population ratio(%),2025,51.872
Kirehe,East,Rate of population outside labour force(%),2017,46.275
Kirehe,East,Rate of population outside labour force(%),2018,48.331
Kirehe,East,Rate of population outside labour force(%),2019,50.971
Kirehe,East,Rate of population outside labour force(%),2020,38.919
Kirehe,East,Rate of population outside labour force(%),2021,46.975
Kirehe,East,Rate of population outside labour force(%),2022,47.173
Kirehe,East,Rate of population outside labour force(%),2023,36.091
Kirehe,East,Rate of population outside labour force(%),2024,39.439
Kirehe,East,Rate of population outside labour force(%),2025,42.831
Kirehe,East,Time related underemployment rate(%),2017,35.096
Kirehe,East,Time related underemployment rate(%),2018,34.655
Kirehe,East,Time related underemployment rate(%),2019,42.421
Kirehe,East,Time related underemployment rate(%),2021,36.3
Kirehe,East,Time related underemployment rate(%),2022,55.486
Kirehe,East,Time related underemployment rate(%),2023,40.838
Kirehe,East,Time related underemployment rate(%),2024,47.512
Kirehe,East,Time related underemployment rate(%),2025,49.12
Kirehe,East,LU1-Unemployment rate (%),2024,18.434
Kirehe,East,LU1-Unemployment rate (%),2025,9.265
Kirehe,East,LU2-Combined rate of unemployment and time-related underemployment(%),2017,41.842
Kirehe,East,LU2-Combined rate of unemployment and time-related underemployment(%),2018,44.85
Kirehe,East,LU2-Combined rate of unemployment and time-related underemployment(%),2019,52.543
Kirehe,East,LU2-Combined rate of unemployment and time-related underemployment(%),2021,50.299
Kirehe,East,LU2-Combined rate of unemployment and time-related underemployment(%),2022,62.637
Kirehe,East,LU2-Combined rate of unemployment and time-related underemployment(%),2023,49.738
Kirehe,East,LU2-Combined rate of unemployment and time-related underemployment(%),2024,57.187
Kirehe,East,LU2-Combined rate of unemployment and time-related underemployment(%),2025,53.834
Kirehe,East,LU3-Combined rate of unemployment and potential labour force(%),2017,34.098
Kirehe,East,LU3-Combined rate of unemployment and potential labour force(%),2018,40.287
Kirehe,East,LU3-Combined rate of unemployment and potential labour force(%),2019,45.015
Kirehe,East,LU3-Combined rate of unemployment and potential labour force(%),2021,39.601
Kirehe,East,LU3-Combined rate of unemployment and potential labour force(%),2022,38.578
Kirehe,East,LU3-Combined rate of unemployment and potential labour force(%),2023,29.831
Kirehe,East,LU3-Combined rate of unemployment and potential labour force(%),2024,33.376
Kirehe,East,LU3-Combined rate of unemployment and potential labour force(%),2025,35.259
Kirehe,East,LU4 - Composite measure of labour underutilization(%),2017,57.227
Kirehe,East,LU4 - Composite measure of labour underutilization(%),2018,60.98
Kirehe,East,LU4 - Composite measure of labour underutilization(%),2019,68.34
Kirehe,East,LU4 - Composite measure of labour underutilization(%),2021,61.526
Kirehe,East,LU4 - Composite measure of labour underutilization(%),2022,72.659
Kirehe,East,LU4 - Composite measure of labour underutilization(%),2023,58.487
Kirehe,East,LU4 - Composite measure of labour underutilization(%),2024,65.03
Kirehe,East,LU4 - Composite measure of labour underutilization(%),2025,67.06
Kirehe,East,NEET rate-Youth not in employment nor currently in education or training(%),2017,33.442
Kirehe,East,NEET rate-Youth not in employment nor currently in education or training(%),2018,35.42
Kirehe,East,NEET rate-Youth not in employment nor currently in education or training(%),2019,39.354
Kirehe,East,NEET rate-Youth not in employment nor currently in education or training(%),2021,37.203
Kirehe,East,NEET rate-Youth not in employment nor currently in education or training(%),2022,31.116
Kirehe,East,NEET rate-Youth not in employment nor currently in education or training(%),2023,25.705
Kirehe,East,NEET rate-Youth not in employment nor currently in education or training(%),2024,30.12
Kirehe,East,NEET rate-Youth not in employment nor currently in education or training(%),2025,29.54
Kirehe,East,Median monthly earnings at main job,2017,18200.0
Kirehe,East,Median monthly earnings at main job,2018,18200.0
Kirehe,East,Median monthly earnings at main job,2019,18200.0
Kirehe,East,Median monthly earnings at main job,2021,18200.0
Kirehe,East,Median monthly earnings at main job,2022,20800.0
Kirehe,East,Median monthly earnings at main job,2023,26000.0
Kirehe,East,Median monthly earnings at main job,2024,26000.0
Kirehe,East,Median monthly earnings at main job,2025,26000.0
Ngoma,East,Working age population(16+ years),2017,182715.781
Ngoma,East,Working age population(16+ years),2018,208129.113
Ngoma,East,Working age population(16+ years),2019,200735.819
Ngoma,East,Working age population(16+ years),2020,211538.77
Ngoma,East,Working age population(16+ years),2021,200697.545
Ngoma,East,Working age population(16+ years),2022,209699.083
Ngoma,East,Working age population(16+ years),2023,221804.734
Ngoma,East,Working age population(16+ years),2024,243090.85
Ngoma,East,Working age population(16+ years),2025,247991.409
Ngoma,East,Labour force,2017,90383.311
Ngoma,East,Labour force,2018,106980.268
Ngoma,East,Labour force,2019,98386.276
Ngoma,East,Labour force,2020,103284.392
Ngoma,East,Labour force,2021,104867.51
Ngoma,East,Labour force,2022,123962.339
Ngoma,East,Labour force,2023,137528.554
Ngoma,East,Labour force,2024,147872.183
Ngoma,East,Labour force,2025,147677.455
Ngoma,East,Employed,2017,79527.993
Ngoma,East,Employed,2018,90262.306
Ngoma,East,Employed,2019,75562.819
Ngoma,East,Employed,2020,86981.301
Ngoma,East,Employed,2021,90416.477
Ngoma,East,Employed,2022,104590.215
Ngoma,East,Employed,2023,113384.553
Ngoma,East,Employed,2024,129097.429
Ngoma,East,Employed,2025,132731.39
Ngoma,East,Unemployed,2017,10855.317
Ngoma,East,Unemployed,2018,16717.961
Ngoma,East,Unemployed,2019,22823.457
Ngoma,East,Unemployed,2020,16303.091
Ngoma,East,Unemployed,2021,14451.033
Ngoma,East,Unemployed,2022,19372.125
Ngoma,East,Unemployed,2023,24144.0
Ngoma,East,Unemployed,2024,18774.754
Ngoma,East,Unemployed,2025,14946.065
Ngoma,East,out of labour force,2017,92332.471
Ngoma,East,out of labour force,2018,101148.845
Ngoma,East,out of labour force,2019,102349.543
Ngoma,East,out of labour force,2020,108254.378
Ngoma,East,out of labour force,2021,95830.035
Ngoma,East,out of labour force,2022,85736.744
Ngoma,East,out of labour force,2023,84276.18
Ngoma,East,out of labour force,2024,95218.667
Ngoma,East,out of labour force,2025,100313.954
Ngoma,East,Time related underemployed,2017,30273.92
Ngoma,East,Time related underemployed,2018,41861.315
Ngoma,East,Time related underemployed,2019,34425.507
Ngoma,East,Time related underemployed,2021,41068.744
Ngoma,East,Time related underemployed,2022,34748.869
Ngoma,East,Time related underemployed,2023,42257.27
Ngoma,East,Time related underemployed,2024,50624.523
Ngoma,East,Time related underemployed,2025,56541.443
Ngoma,East,Potential labour force,2017,44165.11
Ngoma,East,Potential labour force,2018,39201.112
Ngoma,East,Potential labour force,2019,53921.647
Ngoma,East,Potential labour force,2021,52387.066
Ngoma,East,Potential labour force,2022,30372.557
Ngoma,East,Potential labour force,2023,33824.634
Ngoma,East,Potential labour force,2024,45418.764
Ngoma,East,Potential labour force,2025,52111.742
Ngoma,East,Labour underutilization,2017,85294.347
Ngoma,East,Labour underutilization,2018,97780.388
Ngoma,East,Labour underutilization,2019,111170.611
Ngoma,East,Labour underutilization,2021,107906.843
Ngoma,East,Labour underutilization,2022,84493.55
Ngoma,East,Labour underutilization,2023,100225.905
Ngoma,East,Labour underutilization,2024,114818.042
Ngoma,East,Labour underutilization,2025,123599.251
Ngoma,East,Labour force participation rate(%),2017,49.467
Ngoma,East,Labour force participation rate(%),2018,51.401
Ngoma,East,Labour force participation rate(%),2019,49.013
Ngoma,East,Labour force participation rate(%),2020,48.825
Ngoma,East,Labour force participation rate(%),2021,52.252
Ngoma,East,Labour force participation rate(%),2022,59.114
Ngoma,East,Labour force participation rate(%),2023,62.004
Ngoma,East,Labour force participation rate(%),2024,60.83
Ngoma,East,Labour force participation rate(%),2025,59.549
Ngoma,East,Employment-to-population ratio(%),2017,43.526
Ngoma,East,Employment-to-population ratio(%),2018,43.368
Ngoma,East,Employment-to-population ratio(%),2019,37.643
Ngoma,East,Employment-to-population ratio(%),2020,41.118
Ngoma,East,Employment-to-population ratio(%),2021,45.051
Ngoma,East,Employment-to-population ratio(%),2022,49.876
Ngoma,East,Employment-to-population ratio(%),2023,51.119
Ngoma,East,Employment-to-population ratio(%),2024,53.107
Ngoma,East,Employment-to-population ratio(%),2025,53.523
Ngoma,East,Rate of population outside labour force(%),2017,50.533
Ngoma,East,Rate of population outside labour force(%),2018,48.599
Ngoma,East,Rate of population outside labour force(%),2019,50.987
Ngoma,East,Rate of population outside labour force(%),2020,51.175
Ngoma,East,Rate of population outside labour force(%),2021,47.748
Ngoma,East,Rate of population outside labour force(%),2022,40.886
Ngoma,East,Rate of population outside labour force(%),2023,37.996
Ngoma,East,Rate of population outside labour force(%),2024,39.17
Ngoma,East,Rate of population outside labour force(%),2025,40.451
Ngoma,East,Time related underemployment rate(%),2017,38.067
Ngoma,East,Time related underemployment rate(%),2018,46.377
Ngoma,East,Time related underemployment rate(%),2019,45.559
Ngoma,East,Time related underemployment rate(%),2021,45.422
Ngoma,East,Time related underemployment rate(%),2022,33.224
Ngoma,East,Time related underemployment rate(%),2023,37.269
Ngoma,East,Time related underemployment rate(%),2024,39.214
Ngoma,East,Time related underemployment rate(%),2025,42.598
Ngoma,East,LU1-Unemployment rate (%),2024,12.697
Ngoma,East,LU1-Unemployment rate (%),2025,10.121
Ngoma,East,LU2-Combined rate of unemployment and time-related underemployment(%),2017,45.505
Ngoma,East,LU2-Combined rate of unemployment and time-related underemployment(%),2018,54.757
Ngoma,East,LU2-Combined rate of unemployment and time-related underemployment(%),2019,58.188
Ngoma,East,LU2-Combined rate of unemployment and time-related underemployment(%),2021,52.943
Ngoma,East,LU2-Combined rate of unemployment and time-related underemployment(%),2022,43.659
Ngoma,East,LU2-Combined rate of unemployment and time-related underemployment(%),2023,48.282
Ngoma,East,LU2-Combined rate of unemployment and time-related underemployment(%),2024,46.932
Ngoma,East,LU2-Combined rate of unemployment and time-related underemployment(%),2025,48.408
Ngoma,East,LU3-Combined rate of unemployment and potential labour force(%),2017,40.893
Ngoma,East,LU3-Combined rate of unemployment and potential labour force(%),2018,38.253
Ngoma,East,LU3-Combined rate of unemployment and potential labour force(%),2019,50.388
Ngoma,East,LU3-Combined rate of unemployment and potential labour force(%),2021,42.503
Ngoma,East,LU3-Combined rate of unemployment and potential labour force(%),2022,32.232
Ngoma,East,LU3-Combined rate of unemployment and potential labour force(%),2023,33.83
Ngoma,East,LU3-Combined rate of unemployment and potential labour force(%),2024,33.211
Ngoma,East,LU3-Combined rate of unemployment and potential labour force(%),2025,33.564
Ngoma,East,LU4 - Composite measure of labour underutilization(%),2017,63.393
Ngoma,East,LU4 - Composite measure of labour underutilization(%),2018,66.89
Ngoma,East,LU4 - Composite measure of labour underutilization(%),2019,72.991
Ngoma,East,LU4 - Composite measure of labour underutilization(%),2021,68.619
Ngoma,East,LU4 - Composite measure of labour underutilization(%),2022,54.747
Ngoma,East,LU4 - Composite measure of labour underutilization(%),2023,58.491
Ngoma,East,LU4 - Composite measure of labour underutilization(%),2024,59.402
Ngoma,East,LU4 - Composite measure of labour underutilization(%),2025,61.865
Ngoma,East,NEET rate-Youth not in employment nor currently in education or training(%),2017,42.869
Ngoma,East,NEET rate-Youth not in employment nor currently in education or training(%),2018,37.049
Ngoma,East,NEET rate-Youth not in employment nor currently in education or training(%),2019,45.448
Ngoma,East,NEET rate-Youth not in employment nor currently in education or training(%),2021,46.481
Ngoma,East,NEET rate-Youth not in employment nor currently in education or training(%),2022,31.906
Ngoma,East,NEET rate-Youth not in employment nor currently in education or training(%),2023,32.548
Ngoma,East,NEET rate-Youth not in employment nor currently in education or training(%),2024,31.055
Ngoma,East,NEET rate-Youth not in employment nor currently in education or training(%),2025,28.043
Ngoma,East,Median monthly earnings at main job,2017,15600.0
Ngoma,East,Median monthly earnings at main job,2018,15600.0
Ngoma,East,Median monthly earnings at main job,2019,18200.0
Ngoma,East,Median monthly earnings at main job,2021,18200.0
Ngoma,East,Median monthly earnings at main job,2022,19500.0
Ngoma,East,Median monthly earnings at main job,2023,20000.0
Ngoma,East,Median monthly earnings at main job,2024,26000.0
Ngoma,East,Median monthly earnings at main job,2025,26000.0
Bugesera,East,Working age population(16+ years),2017,230479.481
Bugesera,East,Working age population(16+ years),2018,236452.527
Bugesera,East,Working age population(16+ years),2019,252740.22
Bugesera,East,Working age population(16+ years),2020,360627.708
Bugesera,East,Working age population(16+ years),2021,227283.16
Bugesera,East,Working age population(16+ years),2022,222551.904
Bugesera,East,Working age population(16+ years),2023,380883.25
Bugesera,East,Working age population(16+ years),2024,344114.448
Bugesera,East,Working age population(16+ years),2025,396246.897
Bugesera,East,Labour force,2017,131717.13
Bugesera,East,Labour force,2018,125080.135
Bugesera,East,Labour force,2019,123959.761
Bugesera,East,Labour force,2020,196627.573
Bugesera,East,Labour force,2021,121161.377
Bugesera,East,Labour force,2022,120669.472
Bugesera,East,Labour force,2023,237589.213
Bugesera,East,Labour force,2024,239009.699
Bugesera,East,Labour force,2025,266882.748
Bugesera,East,Employed,2017,116931.678
Bugesera,East,Employed,2018,107128.664
Bugesera,East,Employed,2019,104358.981
Bugesera,East,Employed,2020,160029.622
Bugesera,East,Employed,2021,97139.473
Bugesera,East,Employed,2022,92044.476
Bugesera,East,Employed,2023,199693.181
Bugesera,East,Employed,2024,204344.255
Bugesera,East,Employed,2025,231378.17
Bugesera,East,Unemployed,2017,14785.452
Bugesera,East,Unemployed,2018,17951.471
Bugesera,East,Unemployed,2019,19600.781
Bugesera,East,Unemployed,2020,36597.951
Bugesera,East,Unemployed,2021,24021.904
Bugesera,East,Unemployed,2022,28624.996
Bugesera,East,Unemployed,2023,37896.032
Bugesera,East,Unemployed,2024,34665.444
Bugesera,East,Unemployed,2025,35504.579
Bugesera,East,out of labour force,2017,98762.35
Bugesera,East,out of labour force,2018,111372.391
Bugesera,East,out of labour force,2019,128780.458
Bugesera,East,out of labour force,2020,164000.134
Bugesera,East,out of labour force,2021,106121.783
Bugesera,East,out of labour force,2022,101882.431
Bugesera,East,out of labour force,2023,143294.037
Bugesera,East,out of labour force,2024,105104.749
Bugesera,East,out of labour force,2025,129364.148
Bugesera,East,Time related underemployed,2017,35923.702
Bugesera,East,Time related underemployed,2018,28896.741
Bugesera,East,Time related underemployed,2019,28116.196
Bugesera,East,Time related underemployed,2021,32821.733
Bugesera,East,Time related underemployed,2022,25379.158
Bugesera,East,Time related underemployed,2023,55878.577
Bugesera,East,Time related underemployed,2024,51667.256
Bugesera,East,Time related underemployed,2025,63389.295
Bugesera,East,Potential labour force,2017,50476.646
Bugesera,East,Potential labour force,2018,47942.069
Bugesera,East,Potential labour force,2019,54531.533
Bugesera,East,Potential labour force,2021,38668.4
Bugesera,East,Potential labour force,2022,34276.623
Bugesera,East,Potential labour force,2023,52527.752
Bugesera,East,Potential labour force,2024,38983.382
Bugesera,East,Potential labour force,2025,48065.788
Bugesera,East,Labour underutilization,2017,101185.801
Bugesera,East,Labour underutilization,2018,94790.281
Bugesera,East,Labour underutilization,2019,102248.509
Bugesera,East,Labour underutilization,2021,95512.038
Bugesera,East,Labour underutilization,2022,88280.778
Bugesera,East,Labour underutilization,2023,146302.361
Bugesera,East,Labour underutilization,2024,125316.082
Bugesera,East,Labour underutilization,2025,146959.662
Bugesera,East,Labour force participation rate(%),2017,57.149
Bugesera,East,Labour force participation rate(%),2018,52.899
Bugesera,East,Labour force participation rate(%),2019,49.046
Bugesera,East,Labour force participation rate(%),2020,54.524
Bugesera,East,Labour force participation rate(%),2021,53.309
Bugesera,East,Labour force participation rate(%),2022,54.221
Bugesera,East,Labour force participation rate(%),2023,62.378
Bugesera,East,Labour force participation rate(%),2024,69.456
Bugesera,East,Labour force participation rate(%),2025,67.353
Bugesera,East,Employment-to-population ratio(%),2017,50.734
Bugesera,East,Employment-to-population ratio(%),2018,45.307
Bugesera,East,Employment-to-population ratio(%),2019,41.291
Bugesera,East,Employment-to-population ratio(%),2020,44.375
Bugesera,East,Employment-to-population ratio(%),2021,42.739
Bugesera,East,Employment-to-population ratio(%),2022,41.359
Bugesera,East,Employment-to-population ratio(%),2023,52.429
Bugesera,East,Employment-to-population ratio(%),2024,59.383
Bugesera,East,Employment-to-population ratio(%),2025,58.392
Bugesera,East,Rate of population outside labour force(%),2017,42.851
Bugesera,East,Rate of population outside labour force(%),2018,47.101
Bugesera,East,Rate of population outside labour force(%),2019,50.954
Bugesera,East,Rate of population outside labour force(%),2020,45.476
Bugesera,East,Rate of population outside labour force(%),2021,46.691
Bugesera,East,Rate of population outside labour force(%),2022,45.779
Bugesera,East,Rate of population outside labour force(%),2023,37.622
Bugesera,East,Rate of population outside labour force(%),2024,30.544
Bugesera,East,Rate of population outside labour force(%),2025,32.647
Bugesera,East,Time related underemployment rate(%),2017,30.722
Bugesera,East,Time related underemployment rate(%),2018,26.974
Bugesera,East,Time related underemployment rate(%),2019,26.942
Bugesera,East,Time related underemployment rate(%),2021,33.788
Bugesera,East,Time related underemployment rate(%),2022,27.573
Bugesera,East,Time related underemployment rate(%),2023,27.982
Bugesera,East,Time related underemployment rate(%),2024,25.284
Bugesera,East,Time related underemployment rate(%),2025,27.396
Bugesera,East,LU1-Unemployment rate (%),2024,14.504
Bugesera,East,LU1-Unemployment rate (%),2025,13.303
Bugesera,East,LU2-Combined rate of unemployment and time-related underemployment(%),2017,38.499
Bugesera,East,LU2-Combined rate of unemployment and time-related underemployment(%),2018,37.455
Bugesera,East,LU2-Combined rate of unemployment and time-related underemployment(%),2019,38.494
Bugesera,East,LU2-Combined rate of unemployment and time-related underemployment(%),2021,46.916
Bugesera,East,LU2-Combined rate of unemployment and time-related underemployment(%),2022,44.754
Bugesera,East,LU2-Combined rate of unemployment and time-related underemployment(%),2023,39.469
Bugesera,East,LU2-Combined rate of unemployment and time-related underemployment(%),2024,36.121
Bugesera,East,LU2-Combined rate of unemployment and time-related underemployment(%),2025,37.055
Bugesera,East,LU3-Combined rate of unemployment and potential labour force(%),2017,35.82
Bugesera,East,LU3-Combined rate of unemployment and potential labour force(%),2018,38.084
Bugesera,East,LU3-Combined rate of unemployment and potential labour force(%),2019,41.533
Bugesera,East,LU3-Combined rate of unemployment and potential labour force(%),2021,39.223
Bugesera,East,LU3-Combined rate of unemployment and potential labour force(%),2022,40.596
Bugesera,East,LU3-Combined rate of unemployment and potential labour force(%),2023,31.168
Bugesera,East,LU3-Combined rate of unemployment and potential labour force(%),2024,26.493
Bugesera,East,LU3-Combined rate of unemployment and potential labour force(%),2025,26.535
Bugesera,East,LU4 - Composite measure of labour underutilization(%),2017,55.537
Bugesera,East,LU4 - Composite measure of labour underutilization(%),2018,54.785
Bugesera,East,LU4 - Composite measure of labour underutilization(%),2019,57.285
Bugesera,East,LU4 - Composite measure of labour underutilization(%),2021,59.759
Bugesera,East,LU4 - Composite measure of labour underutilization(%),2022,56.975
Bugesera,East,LU4 - Composite measure of labour underutilization(%),2023,50.429
Bugesera,East,LU4 - Composite measure of labour underutilization(%),2024,45.079
Bugesera,East,LU4 - Composite measure of labour underutilization(%),2025,46.661
Bugesera,East,NEET rate-Youth not in employment nor currently in education or training(%),2017,36.418
Bugesera,East,NEET rate-Youth not in employment nor currently in education or training(%),2018,34.877
Bugesera,East,NEET rate-Youth not in employment nor currently in education or training(%),2019,37.58
Bugesera,East,NEET rate-Youth not in employment nor currently in education or training(%),2021,28.811
Bugesera,East,NEET rate-Youth not in employment nor currently in education or training(%),2022,35.373
Bugesera,East,NEET rate-Youth not in employment nor currently in education or training(%),2023,24.883
Bugesera,East,NEET rate-Youth not in employment nor currently in education or training(%),2024,23.66
Bugesera,East,NEET rate-Youth not in employment nor currently in education or training(%),2025,21.975
Bugesera,East,Median monthly earnings at main job,2017,20800.0
Bugesera,East,Median monthly earnings at main job,2018,26000.0
Bugesera,East,Median monthly earnings at main job,2019,26000.0
Bugesera,East,Median monthly earnings at main job,2021,26000.0
Bugesera,East,Median monthly earnings at main job,2022,26000.0
Bugesera,East,Median monthly earnings at main job,2023,39000.0
Bugesera,East,Median monthly earnings at main job,2024,39000.0
Bugesera,East,Median monthly earnings at main job,2025,43333.332
Rulindo,North,Working age population(16+ years),2017,172281.775
Rulindo,North,Working age population(16+ years),2018,210913.527
Rulindo,North,Working age population(16+ years),2019,277524.093
Rulindo,North,Working age population(16+ years),2020,230872.926
Rulindo,North,Working age population(16+ years),2021,211819.066
Rulindo,North,Working age population(16+ years),2022,219308.5
Rulindo,North,Working age population(16+ years),2023,251604.83
Rulindo,North,Working age population(16+ years),2024,239598.08
Rulindo,North,Working age population(16+ years),2025,243374.51
Rulindo,North,Labour force,2017,85185.411
Rulindo,North,Labour force,2018,120037.666
Rulindo,North,Labour force,2019,145190.108
Rulindo,North,Labour force,2020,102415.8
Rulindo,North,Labour force,2021,109310.833
Rulindo,North,Labour force,2022,119831.321
Rulindo,North,Labour force,2023,157499.484
Rulindo,North,Labour force,2024,157504.378
Rulindo,North,Labour force,2025,170398.864
Rulindo,North,Employed,2017,72706.818
Rulindo,North,Employed,2018,105593.918
Rulindo,North,Employed,2019,117857.035
Rulindo,North,Employed,2020,80160.026
Rulindo,North,Employed,2021,90424.843
Rulindo,North,Employed,2022,92053.984
Rulindo,North,Employed,2023,137435.449
Rulindo,North,Employed,2024,130992.533
Rulindo,North,Employed,2025,149213.978
Rulindo,North,Unemployed,2017,12478.592
Rulindo,North,Unemployed,2018,14443.748
Rulindo,North,Unemployed,2019,27333.073
Rulindo,North,Unemployed,2020,22255.775
Rulindo,North,Unemployed,2021,18885.99
Rulindo,North,Unemployed,2022,27777.337
Rulindo,North,Unemployed,2023,20064.035
Rulindo,North,Unemployed,2024,26511.846
Rulindo,North,Unemployed,2025,21184.886
Rulindo,North,out of labour force,2017,87096.364
Rulindo,North,out of labour force,2018,90875.862
Rulindo,North,out of labour force,2019,132333.985
Rulindo,North,out of labour force,2020,128457.126
Rulindo,North,out of labour force,2021,102508.233
Rulindo,North,out of labour force,2022,99477.179
Rulindo,North,out of labour force,2023,94105.347
Rulindo,North,out of labour force,2024,82093.701
Rulindo,North,out of labour force,2025,72975.646
Rulindo,North,Time related underemployed,2017,23713.192
Rulindo,North,Time related underemployed,2018,31470.976
Rulindo,North,Time related underemployed,2019,29178.281
Rulindo,North,Time related underemployed,2021,31720.7
Rulindo,North,Time related underemployed,2022,33629.281
Rulindo,North,Time related underemployed,2023,37552.21
Rulindo,North,Time related underemployed,2024,43165.433
Rulindo,North,Time related underemployed,2025,56251.805
Rulindo,North,Potential labour force,2017,37158.199
Rulindo,North,Potential labour force,2018,36236.284
Rulindo,North,Potential labour force,2019,52481.305
Rulindo,North,Potential labour force,2021,37074.044
Rulindo,North,Potential labour force,2022,39189.243
Rulindo,North,Potential labour force,2023,34262.627
Rulindo,North,Potential labour force,2024,41327.98
Rulindo,North,Potential labour force,2025,37748.209
Rulindo,North,Labour underutilization,2017,73349.984
Rulindo,North,Labour underutilization,2018,82151.008
Rulindo,North,Labour underutilization,2019,108992.66
Rulindo,North,Labour underutilization,2021,87680.734
Rulindo,North,Labour underutilization,2022,100595.862
Rulindo,North,Labour underutilization,2023,91878.871
Rulindo,North,Labour underutilization,2024,111005.26
Rulindo,North,Labour underutilization,2025,115184.9
Rulindo,North,Labour force participation rate(%),2017,49.445
Rulindo,North,Labour force participation rate(%),2018,56.913
Rulindo,North,Labour force participation rate(%),2019,52.316
Rulindo,North,Labour force participation rate(%),2020,44.36
Rulindo,North,Labour force participation rate(%),2021,51.606
Rulindo,North,Labour force participation rate(%),2022,54.641
Rulindo,North,Labour force participation rate(%),2023,62.598
Rulindo,North,Labour force participation rate(%),2024,65.737
Rulindo,North,Labour force participation rate(%),2025,70.015
Rulindo,North,Employment-to-population ratio(%),2017,42.202
Rulindo,North,Employment-to-population ratio(%),2018,50.065
Rulindo,North,Employment-to-population ratio(%),2019,42.467
Rulindo,North,Employment-to-population ratio(%),2020,34.72
Rulindo,North,Employment-to-population ratio(%),2021,42.69
Rulindo,North,Employment-to-population ratio(%),2022,41.975
Rulindo,North,Employment-to-population ratio(%),2023,54.624
Rulindo,North,Employment-to-population ratio(%),2024,54.672
Rulindo,North,Employment-to-population ratio(%),2025,61.31
Rulindo,North,Rate of population outside labour force(%),2017,50.555
Rulindo,North,Rate of population outside labour force(%),2018,43.087
Rulindo,North,Rate of population outside labour force(%),2019,47.684
Rulindo,North,Rate of population outside labour force(%),2020,55.64
Rulindo,North,Rate of population outside labour force(%),2021,48.394
Rulindo,North,Rate of population outside labour force(%),2022,45.359
Rulindo,North,Rate of population outside labour force(%),2023,37.402
Rulindo,North,Rate of population outside labour force(%),2024,34.263
Rulindo,North,Rate of population outside labour force(%),2025,29.985
Rulindo,North,Time related underemployment rate(%),2017,32.615
Rulindo,North,Time related underemployment rate(%),2018,29.804
Rulindo,North,Time related underemployment rate(%),2019,24.757
Rulindo,North,Time related underemployment rate(%),2021,35.08
Rulindo,North,Time related underemployment rate(%),2022,36.532
Rulindo,North,Time related underemployment rate(%),2023,27.324
Rulindo,North,Time related underemployment rate(%),2024,32.953
Rulindo,North,Time related underemployment rate(%),2025,37.699
Rulindo,North,LU1-Unemployment rate (%),2024,16.832
Rulindo,North,LU1-Unemployment rate (%),2025,12.433
Rulindo,North,LU2-Combined rate of unemployment and time-related underemployment(%),2017,42.486
Rulindo,North,LU2-Combined rate of unemployment and time-related underemployment(%),2018,38.25
Rulindo,North,LU2-Combined rate of unemployment and time-related underemployment(%),2019,38.922
Rulindo,North,LU2-Combined rate of unemployment and time-related underemployment(%),2021,46.296
Rulindo,North,LU2-Combined rate of unemployment and time-related underemployment(%),2022,51.244
Rulindo,North,LU2-Combined rate of unemployment and time-related underemployment(%),2023,36.582
Rulindo,North,LU2-Combined rate of unemployment and time-related underemployment(%),2024,44.238
Rulindo,North,LU2-Combined rate of unemployment and time-related underemployment(%),2025,45.444
Rulindo,North,LU3-Combined rate of unemployment and potential labour force(%),2017,40.572
Rulindo,North,LU3-Combined rate of unemployment and potential labour force(%),2018,32.43
Rulindo,North,LU3-Combined rate of unemployment and potential labour force(%),2019,40.377
Rulindo,North,LU3-Combined rate of unemployment and potential labour force(%),2021,38.228
Rulindo,North,LU3-Combined rate of unemployment and potential labour force(%),2022,42.112
Rulindo,North,LU3-Combined rate of unemployment and potential labour force(%),2023,28.33
Rulindo,North,LU3-Combined rate of unemployment and potential labour force(%),2024,34.119
Rulindo,North,LU3-Combined rate of unemployment and potential labour force(%),2025,28.313
Rulindo,North,LU4 - Composite measure of labour underutilization(%),2017,59.954
Rulindo,North,LU4 - Composite measure of labour underutilization(%),2018,52.569
Rulindo,North,LU4 - Composite measure of labour underutilization(%),2019,55.138
Rulindo,North,LU4 - Composite measure of labour underutilization(%),2021,59.897
Rulindo,North,LU4 - Composite measure of labour underutilization(%),2022,63.26
Rulindo,North,LU4 - Composite measure of labour underutilization(%),2023,47.913
Rulindo,North,LU4 - Composite measure of labour underutilization(%),2024,55.829
Rulindo,North,LU4 - Composite measure of labour underutilization(%),2025,55.338
Rulindo,North,NEET rate-Youth not in employment nor currently in education or training(%),2017,41.414
Rulindo,North,NEET rate-Youth not in employment nor currently in education or training(%),2018,33.017
Rulindo,North,NEET rate-Youth not in employment nor currently in education or training(%),2019,35.974
Rulindo,North,NEET rate-Youth not in employment nor currently in education or training(%),2021,43.255
Rulindo,North,NEET rate-Youth not in employment nor currently in education or training(%),2022,40.994
Rulindo,North,NEET rate-Youth not in employment nor currently in education or training(%),2023,27.422
Rulindo,North,NEET rate-Youth not in employment nor currently in education or training(%),2024,28.067
Rulindo,North,NEET rate-Youth not in employment nor currently in education or training(%),2025,18.482
Rulindo,North,Median monthly earnings at main job,2017,18200.0
Rulindo,North,Median monthly earnings at main job,2018,20800.0
Rulindo,North,Median monthly earnings at main job,2019,18200.0
Rulindo,North,Median monthly earnings at main job,2021,20800.0
Rulindo,North,Median monthly earnings at main job,2022,20800.0
Rulindo,North,Median monthly earnings at main job,2023,26000.0
Rulindo,North,Median monthly earnings at main job,2024,26000.0
Rulindo,North,Median monthly earnings at main job,2025,31200.0
Gakenke,North,Working age population(16+ years),2017,218929.087
Gakenke,North,Working age population(16+ years),2018,230130.35
Gakenke,North,Working age population(16+ years),2019,240114.503
Gakenke,North,Working age population(16+ years),2020,232013.192
Gakenke,North,Working age population(16+ years),2021,250887.667
Gakenke,North,Working age population(16+ years),2022,279042.96
Gakenke,North,Working age population(16+ years),2023,245278.084
Gakenke,North,Working age population(16+ years),2024,239548.247
Gakenke,North,Working age population(16+ years),2025,233543.44
Gakenke,North,Labour force,2017,98572.761
Gakenke,North,Labour force,2018,116893.843
Gakenke,North,Labour force,2019,127935.444
Gakenke,North,Labour force,2020,109135.17
Gakenke,North,Labour force,2021,117701.289
Gakenke,North,Labour force,2022,144539.674
Gakenke,North,Labour force,2023,131012.394
Gakenke,North,Labour force,2024,141701.942
Gakenke,North,Labour force,2025,143419.173
Gakenke,North,Employed,2017,84875.672
Gakenke,North,Employed,2018,102986.197
Gakenke,North,Employed,2019,112444.582
Gakenke,North,Employed,2020,86170.758
Gakenke,North,Employed,2021,93861.968
Gakenke,North,Employed,2022,120169.885
Gakenke,North,Employed,2023,107370.808
Gakenke,North,Employed,2024,124208.569
Gakenke,North,Employed,2025,133431.815
Gakenke,North,Unemployed,2017,13697.089
Gakenke,North,Unemployed,2018,13907.646
Gakenke,North,Unemployed,2019,15490.862
Gakenke,North,Unemployed,2020,22964.411
Gakenke,North,Unemployed,2021,23839.322
Gakenke,North,Unemployed,2022,24369.789
Gakenke,North,Unemployed,2023,23641.586
Gakenke,North,Unemployed,2024,17493.373
Gakenke,North,Unemployed,2025,9987.358
Gakenke,North,out of labour force,2017,120356.326
Gakenke,North,out of labour force,2018,113236.506
Gakenke,North,out of labour force,2019,112179.059
Gakenke,North,out of labour force,2020,122878.022
Gakenke,North,out of labour force,2021,133186.378
Gakenke,North,out of labour force,2022,134503.286
Gakenke,North,out of labour force,2023,114265.691
Gakenke,North,out of labour force,2024,97846.304
Gakenke,North,out of labour force,2025,90124.267
Gakenke,North,Time related underemployed,2017,32599.542
Gakenke,North,Time related underemployed,2018,41984.741
Gakenke,North,Time related underemployed,2019,50673.704
Gakenke,North,Time related underemployed,2021,50113.683
Gakenke,North,Time related underemployed,2022,32139.947
Gakenke,North,Time related underemployed,2023,41429.57
Gakenke,North,Time related underemployed,2024,43064.959
Gakenke,North,Time related underemployed,2025,66997.879
Gakenke,North,Potential labour force,2017,53422.587
Gakenke,North,Potential labour force,2018,48278.053
Gakenke,North,Potential labour force,2019,52412.495
Gakenke,North,Potential labour force,2021,62953.301
Gakenke,North,Potential labour force,2022,48848.835
Gakenke,North,Potential labour force,2023,52015.431
Gakenke,North,Potential labour force,2024,43504.989
Gakenke,North,Potential labour force,2025,43881.255
Gakenke,North,Labour underutilization,2017,99719.219
Gakenke,North,Labour underutilization,2018,104170.44
Gakenke,North,Labour underutilization,2019,118577.061
Gakenke,North,Labour underutilization,2021,136906.306
Gakenke,North,Labour underutilization,2022,105358.572
Gakenke,North,Labour underutilization,2023,117086.587
Gakenke,North,Labour underutilization,2024,104063.321
Gakenke,North,Labour underutilization,2025,120866.492
Gakenke,North,Labour force participation rate(%),2017,45.025
Gakenke,North,Labour force participation rate(%),2018,50.795
Gakenke,North,Labour force participation rate(%),2019,53.281
Gakenke,North,Labour force participation rate(%),2020,47.038
Gakenke,North,Labour force participation rate(%),2021,46.914
Gakenke,North,Labour force participation rate(%),2022,51.798
Gakenke,North,Labour force participation rate(%),2023,53.414
Gakenke,North,Labour force participation rate(%),2024,59.154
Gakenke,North,Labour force participation rate(%),2025,61.41
Gakenke,North,Employment-to-population ratio(%),2017,38.769
Gakenke,North,Employment-to-population ratio(%),2018,44.751
Gakenke,North,Employment-to-population ratio(%),2019,46.83
Gakenke,North,Employment-to-population ratio(%),2020,37.14
Gakenke,North,Employment-to-population ratio(%),2021,37.412
Gakenke,North,Employment-to-population ratio(%),2022,43.065
Gakenke,North,Employment-to-population ratio(%),2023,43.775
Gakenke,North,Employment-to-population ratio(%),2024,51.851
Gakenke,North,Employment-to-population ratio(%),2025,57.134
Gakenke,North,Rate of population outside labour force(%),2017,54.975
Gakenke,North,Rate of population outside labour force(%),2018,49.205
Gakenke,North,Rate of population outside labour force(%),2019,46.719
Gakenke,North,Rate of population outside labour force(%),2020,52.962
Gakenke,North,Rate of population outside labour force(%),2021,53.086
Gakenke,North,Rate of population outside labour force(%),2022,48.202
Gakenke,North,Rate of population outside labour force(%),2023,46.586
Gakenke,North,Rate of population outside labour force(%),2024,40.846
Gakenke,North,Rate of population outside labour force(%),2025,38.59
Gakenke,North,Time related underemployment rate(%),2017,38.409
Gakenke,North,Time related underemployment rate(%),2018,40.767
Gakenke,North,Time related underemployment rate(%),2019,45.065
Gakenke,North,Time related underemployment rate(%),2021,53.391
Gakenke,North,Time related underemployment rate(%),2022,26.745
Gakenke,North,Time related underemployment rate(%),2023,38.586
Gakenke,North,Time related underemployment rate(%),2024,34.671
Gakenke,North,Time related underemployment rate(%),2025,50.211
Gakenke,North,LU1-Unemployment rate (%),2024,12.345
Gakenke,North,LU1-Unemployment rate (%),2025,6.964
Gakenke,North,LU2-Combined rate of unemployment and time-related underemployment(%),2017,46.967
Gakenke,North,LU2-Combined rate of unemployment and time-related underemployment(%),2018,47.815
Gakenke,North,LU2-Combined rate of unemployment and time-related underemployment(%),2019,51.717
Gakenke,North,LU2-Combined rate of unemployment and time-related underemployment(%),2021,62.831
Gakenke,North,LU2-Combined rate of unemployment and time-related underemployment(%),2022,39.096
Gakenke,North,LU2-Combined rate of unemployment and time-related underemployment(%),2023,49.668
Gakenke,North,LU2-Combined rate of unemployment and time-related underemployment(%),2024,42.736
Gakenke,North,LU2-Combined rate of unemployment and time-related underemployment(%),2025,53.678
Gakenke,North,LU3-Combined rate of unemployment and potential labour force(%),2017,44.159
Gakenke,North,LU3-Combined rate of unemployment and potential labour force(%),2018,37.649
Gakenke,North,LU3-Combined rate of unemployment and potential labour force(%),2019,37.651
Gakenke,North,LU3-Combined rate of unemployment and potential labour force(%),2021,48.043
Gakenke,North,LU3-Combined rate of unemployment and potential labour force(%),2022,37.861
Gakenke,North,LU3-Combined rate of unemployment and potential labour force(%),2023,41.336
Gakenke,North,LU3-Combined rate of unemployment and potential labour force(%),2024,32.935
Gakenke,North,LU3-Combined rate of unemployment and potential labour force(%),2025,28.761
Gakenke,North,LU4 - Composite measure of labour underutilization(%),2017,65.607
Gakenke,North,LU4 - Composite measure of labour underutilization(%),2018,63.068
Gakenke,North,LU4 - Composite measure of labour underutilization(%),2019,65.749
Gakenke,North,LU4 - Composite measure of labour underutilization(%),2021,75.783
Gakenke,North,LU4 - Composite measure of labour underutilization(%),2022,54.48
Gakenke,North,LU4 - Composite measure of labour underutilization(%),2023,63.972
Gakenke,North,LU4 - Composite measure of labour underutilization(%),2024,56.188
Gakenke,North,LU4 - Composite measure of labour underutilization(%),2025,64.531
Gakenke,North,NEET rate-Youth not in employment nor currently in education or training(%),2017,47.251
Gakenke,North,NEET rate-Youth not in employment nor currently in education or training(%),2018,38.497
Gakenke,North,NEET rate-Youth not in employment nor currently in education or training(%),2019,37.868
Gakenke,North,NEET rate-Youth not in employment nor currently in education or training(%),2021,41.195
Gakenke,North,NEET rate-Youth not in employment nor currently in education or training(%),2022,32.241
Gakenke,North,NEET rate-Youth not in employment nor currently in education or training(%),2023,36.45
Gakenke,North,NEET rate-Youth not in employment nor currently in education or training(%),2024,28.633
Gakenke,North,NEET rate-Youth not in employment nor currently in education or training(%),2025,25.36
Gakenke,North,Median monthly earnings at main job,2017,17333.334
Gakenke,North,Median monthly earnings at main job,2018,20000.0
Gakenke,North,Median monthly earnings at main job,2019,15600.0
Gakenke,North,Median monthly earnings at main job,2021,15600.0
Gakenke,North,Median monthly earnings at main job,2022,18200.0
Gakenke,North,Median monthly earnings at main job,2023,26000.0
Gakenke,North,Median monthly earnings at main job,2024,26000.0
Gakenke,North,Median monthly earnings at main job,2025,26000.0
Musanze,North,Working age population(16+ years),2017,241414.305
Musanze,North,Working age population(16+ years),2018,250712.146
Musanze,North,Working age population(16+ years),2019,273110.428
Musanze,North,Working age population(16+ years),2020,282098.458
Musanze,North,Working age population(16+ years),2021,298105.159
Musanze,North,Working age population(16+ years),2022,318098.753
Musanze,North,Working age population(16+ years),2023,301058.231
Musanze,North,Working age population(16+ years),2024,327356.333
Musanze,North,Working age population(16+ years),2025,332846.662
Musanze,North,Labour force,2017,127025.897
Musanze,North,Labour force,2018,133604.189
Musanze,North,Labour force,2019,167871.996
Musanze,North,Labour force,2020,183891.169
Musanze,North,Labour force,2021,183379.627
Musanze,North,Labour force,2022,192800.608
Musanze,North,Labour force,2023,188689.282
Musanze,North,Labour force,2024,213075.467
Musanze,North,Labour force,2025,228797.433
Musanze,North,Employed,2017,107227.293
Musanze,North,Employed,2018,124651.602
Musanze,North,Employed,2019,144793.802
Musanze,North,Employed,2020,155611.301
Musanze,North,Employed,2021,142698.351
Musanze,North,Employed,2022,156766.18
Musanze,North,Employed,2023,148451.835
Musanze,North,Employed,2024,186402.678
Musanze,North,Employed,2025,201785.364
Musanze,North,Unemployed,2017,19798.604
Musanze,North,Unemployed,2018,8952.587
Musanze,North,Unemployed,2019,23078.194
Musanze,North,Unemployed,2020,28279.869
Musanze,North,Unemployed,2021,40681.276
Musanze,North,Unemployed,2022,36034.428
Musanze,North,Unemployed,2023,40237.447
Musanze,North,Unemployed,2024,26672.789
Musanze,North,Unemployed,2025,27012.069
Musanze,North,out of labour force,2017,114388.408
Musanze,North,out of labour force,2018,117107.957
Musanze,North,out of labour force,2019,105238.432
Musanze,North,out of labour force,2020,98207.288
Musanze,North,out of labour force,2021,114725.532
Musanze,North,out of labour force,2022,125298.145
Musanze,North,out of labour force,2023,112368.949
Musanze,North,out of labour force,2024,114280.866
Musanze,North,out of labour force,2025,104049.228
Musanze,North,Time related underemployed,2017,28933.641
Musanze,North,Time related underemployed,2018,30176.127
Musanze,North,Time related underemployed,2019,43564.126
Musanze,North,Time related underemployed,2021,39852.437
Musanze,North,Time related underemployed,2022,52153.252
Musanze,North,Time related underemployed,2023,60579.67
Musanze,North,Time related underemployed,2024,55385.466
Musanze,North,Time related underemployed,2025,72145.17
Musanze,North,Potential labour force,2017,48825.695
Musanze,North,Potential labour force,2018,44334.566
Musanze,North,Potential labour force,2019,36219.937
Musanze,North,Potential labour force,2021,42776.796
Musanze,North,Potential labour force,2022,43461.49
Musanze,North,Potential labour force,2023,52961.148
Musanze,North,Potential labour force,2024,40142.736
Musanze,North,Potential labour force,2025,45301.922
Musanze,North,Labour underutilization,2017,97557.94
Musanze,North,Labour underutilization,2018,83463.281
Musanze,North,Labour underutilization,2019,102862.257
Musanze,North,Labour underutilization,2021,123310.508
Musanze,North,Labour underutilization,2022,131649.17
Musanze,North,Labour underutilization,2023,153778.266
Musanze,North,Labour underutilization,2024,122200.991
Musanze,North,Labour underutilization,2025,144459.161
Musanze,North,Labour force participation rate(%),2017,52.617
Musanze,North,Labour force participation rate(%),2018,53.29
Musanze,North,Labour force participation rate(%),2019,61.467
Musanze,North,Labour force participation rate(%),2020,65.187
Musanze,North,Labour force participation rate(%),2021,61.515
Musanze,North,Labour force participation rate(%),2022,60.61
Musanze,North,Labour force participation rate(%),2023,62.675
Musanze,North,Labour force participation rate(%),2024,65.09
Musanze,North,Labour force participation rate(%),2025,68.74
Musanze,North,Employment-to-population ratio(%),2017,44.416
Musanze,North,Employment-to-population ratio(%),2018,49.719
Musanze,North,Employment-to-population ratio(%),2019,53.017
Musanze,North,Employment-to-population ratio(%),2020,55.162
Musanze,North,Employment-to-population ratio(%),2021,47.868
Musanze,North,Employment-to-population ratio(%),2022,49.282
Musanze,North,Employment-to-population ratio(%),2023,49.31
Musanze,North,Employment-to-population ratio(%),2024,56.942
Musanze,North,Employment-to-population ratio(%),2025,60.624
Musanze,North,Rate of population outside labour force(%),2017,47.383
Musanze,North,Rate of population outside labour force(%),2018,46.71
Musanze,North,Rate of population outside labour force(%),2019,38.533
Musanze,North,Rate of population outside labour force(%),2020,34.813
Musanze,North,Rate of population outside labour force(%),2021,38.485
Musanze,North,Rate of population outside labour force(%),2022,39.39
Musanze,North,Rate of population outside labour force(%),2023,37.325
Musanze,North,Rate of population outside labour force(%),2024,34.91
Musanze,North,Rate of population outside labour force(%),2025,31.26
Musanze,North,Time related underemployment rate(%),2017,26.983
Musanze,North,Time related underemployment rate(%),2018,24.208
Musanze,North,Time related underemployment rate(%),2019,30.087
Musanze,North,Time related underemployment rate(%),2021,27.928
Musanze,North,Time related underemployment rate(%),2022,33.268
Musanze,North,Time related underemployment rate(%),2023,40.808
Musanze,North,Time related underemployment rate(%),2024,29.713
Musanze,North,Time related underemployment rate(%),2025,35.753
Musanze,North,LU1-Unemployment rate (%),2024,12.518
Musanze,North,LU1-Unemployment rate (%),2025,11.806
Musanze,North,LU2-Combined rate of unemployment and time-related underemployment(%),2017,38.364
Musanze,North,LU2-Combined rate of unemployment and time-related underemployment(%),2018,29.287
Musanze,North,LU2-Combined rate of unemployment and time-related underemployment(%),2019,39.698
Musanze,North,LU2-Combined rate of unemployment and time-related underemployment(%),2021,43.916
Musanze,North,LU2-Combined rate of unemployment and time-related underemployment(%),2022,45.74
Musanze,North,LU2-Combined rate of unemployment and time-related underemployment(%),2023,53.43
Musanze,North,LU2-Combined rate of unemployment and time-related underemployment(%),2024,38.511
Musanze,North,LU2-Combined rate of unemployment and time-related underemployment(%),2025,43.338
Musanze,North,LU3-Combined rate of unemployment and potential labour force(%),2017,39.024
Musanze,North,LU3-Combined rate of unemployment and potential labour force(%),2018,29.947
Musanze,North,LU3-Combined rate of unemployment and potential labour force(%),2019,29.055
Musanze,North,LU3-Combined rate of unemployment and potential labour force(%),2021,36.903
Musanze,North,LU3-Combined rate of unemployment and potential labour force(%),2022,33.647
Musanze,North,LU3-Combined rate of unemployment and potential labour force(%),2023,38.568
Musanze,North,LU3-Combined rate of unemployment and potential labour force(%),2024,26.387
Musanze,North,LU3-Combined rate of unemployment and potential labour force(%),2025,26.382
Musanze,North,LU4 - Composite measure of labour underutilization(%),2017,55.477
Musanze,North,LU4 - Composite measure of labour underutilization(%),2018,46.906
Musanze,North,LU4 - Composite measure of labour underutilization(%),2019,50.4
Musanze,North,LU4 - Composite measure of labour underutilization(%),2021,54.524
Musanze,North,LU4 - Composite measure of labour underutilization(%),2022,55.722
Musanze,North,LU4 - Composite measure of labour underutilization(%),2023,63.637
Musanze,North,LU4 - Composite measure of labour underutilization(%),2024,48.259
Musanze,North,LU4 - Composite measure of labour underutilization(%),2025,52.703
Musanze,North,NEET rate-Youth not in employment nor currently in education or training(%),2017,35.582
Musanze,North,NEET rate-Youth not in employment nor currently in education or training(%),2018,29.654
Musanze,North,NEET rate-Youth not in employment nor currently in education or training(%),2019,26.494
Musanze,North,NEET rate-Youth not in employment nor currently in education or training(%),2021,30.154
Musanze,North,NEET rate-Youth not in employment nor currently in education or training(%),2022,33.014
Musanze,North,NEET rate-Youth not in employment nor currently in education or training(%),2023,36.401
Musanze,North,NEET rate-Youth not in employment nor currently in education or training(%),2024,23.738
Musanze,North,NEET rate-Youth not in employment nor currently in education or training(%),2025,22.007
Musanze,North,Median monthly earnings at main job,2017,26000.0
Musanze,North,Median monthly earnings at main job,2018,26000.0
Musanze,North,Median monthly earnings at main job,2019,26000.0
Musanze,North,Median monthly earnings at main job,2021,26000.0
Musanze,North,Median monthly earnings at main job,2022,31200.0
Musanze,North,Median monthly earnings at main job,2023,39000.0
Musanze,North,Median monthly earnings at main job,2024,52000.0
Musanze,North,Median monthly earnings at main job,2025,52000.0
Burera,North,Working age population(16+ years),2017,207176.31
Burera,North,Working age population(16+ years),2018,193897.177
Burera,North,Working age population(16+ years),2019,193236.374
Burera,North,Working age population(16+ years),2020,197485.797
Burera,North,Working age population(16+ years),2021,218637.251
Burera,North,Working age population(16+ years),2022,212032.714
Burera,North,Working age population(16+ years),2023,233147.209
Burera,North,Working age population(16+ years),2024,232029.075
Burera,North,Working age population(16+ years),2025,224167.162
Burera,North,Labour force,2017,79313.022
Burera,North,Labour force,2018,98682.271
Burera,North,Labour force,2019,99045.689
Burera,North,Labour force,2020,110597.527
Burera,North,Labour force,2021,112097.423
Burera,North,Labour force,2022,125529.072
Burera,North,Labour force,2023,133697.013
Burera,North,Labour force,2024,143925.785
Burera,North,Labour force,2025,145244.948
Burera,North,Employed,2017,62293.736
Burera,North,Employed,2018,85881.032
Burera,North,Employed,2019,87408.371
Burera,North,Employed,2020,86433.597
Burera,North,Employed,2021,92110.895
Burera,North,Employed,2022,94997.32
Burera,North,Employed,2023,108823.352
Burera,North,Employed,2024,122408.545
Burera,North,Employed,2025,121403.242
Burera,North,Unemployed,2017,17019.286
Burera,North,Unemployed,2018,12801.239
Burera,North,Unemployed,2019,11637.318
Burera,North,Unemployed,2020,24163.93
Burera,North,Unemployed,2021,19986.528
Burera,North,Unemployed,2022,30531.752
Burera,North,Unemployed,2023,24873.661
Burera,North,Unemployed,2024,21517.241
Burera,North,Unemployed,2025,23841.706
Burera,North,out of labour force,2017,127863.288
Burera,North,out of labour force,2018,95214.905
Burera,North,out of labour force,2019,94190.684
Burera,North,out of labour force,2020,86888.27
Burera,North,out of labour force,2021,106539.828
Burera,North,out of labour force,2022,86503.643
Burera,North,out of labour force,2023,99450.196
Burera,North,out of labour force,2024,88103.29
Burera,North,out of labour force,2025,78922.214
Burera,North,Time related underemployed,2017,23956.752
Burera,North,Time related underemployed,2018,32251.28
Burera,North,Time related underemployed,2019,30235.929
Burera,North,Time related underemployed,2021,32844.879
Burera,North,Time related underemployed,2022,42911.954
Burera,North,Time related underemployed,2023,38684.102
Burera,North,Time related underemployed,2024,66068.088
Burera,North,Time related underemployed,2025,59724.74
Burera,North,Potential labour force,2017,60887.936
Burera,North,Potential labour force,2018,41635.984
Burera,North,Potential labour force,2019,44235.138
Burera,North,Potential labour force,2021,40779.267
Burera,North,Potential labour force,2022,31527.83
Burera,North,Potential labour force,2023,39045.079
Burera,North,Potential labour force,2024,36210.978
Burera,North,Potential labour force,2025,32766.806
Burera,North,Labour underutilization,2017,101863.975
Burera,North,Labour underutilization,2018,86688.503
Burera,North,Labour underutilization,2019,86108.385
Burera,North,Labour underutilization,2021,93610.674
Burera,North,Labour underutilization,2022,104971.536
Burera,North,Labour underutilization,2023,102602.842
Burera,North,Labour underutilization,2024,123796.307
Burera,North,Labour underutilization,2025,116333.252
Burera,North,Labour force participation rate(%),2017,38.283
Burera,North,Labour force participation rate(%),2018,50.894
Burera,North,Labour force participation rate(%),2019,51.256
Burera,North,Labour force participation rate(%),2020,56.003
Burera,North,Labour force participation rate(%),2021,51.271
Burera,North,Labour force participation rate(%),2022,59.203
Burera,North,Labour force participation rate(%),2023,57.344
Burera,North,Labour force participation rate(%),2024,62.029
Burera,North,Labour force participation rate(%),2025,64.793
Burera,North,Employment-to-population ratio(%),2017,30.068
Burera,North,Employment-to-population ratio(%),2018,44.292
Burera,North,Employment-to-population ratio(%),2019,45.234
Burera,North,Employment-to-population ratio(%),2020,43.767
Burera,North,Employment-to-population ratio(%),2021,42.13
Burera,North,Employment-to-population ratio(%),2022,44.803
Burera,North,Employment-to-population ratio(%),2023,46.676
Burera,North,Employment-to-population ratio(%),2024,52.756
Burera,North,Employment-to-population ratio(%),2025,54.157
Burera,North,Rate of population outside labour force(%),2017,61.717
Burera,North,Rate of population outside labour force(%),2018,49.106
Burera,North,Rate of population outside labour force(%),2019,48.744
Burera,North,Rate of population outside labour force(%),2020,43.997
Burera,North,Rate of population outside labour force(%),2021,48.729
Burera,North,Rate of population outside labour force(%),2022,40.797
Burera,North,Rate of population outside labour force(%),2023,42.656
Burera,North,Rate of population outside labour force(%),2024,37.971
Burera,North,Rate of population outside labour force(%),2025,35.207
Burera,North,Time related underemployment rate(%),2017,38.458
Burera,North,Time related underemployment rate(%),2018,37.553
Burera,North,Time related underemployment rate(%),2019,34.592
Burera,North,Time related underemployment rate(%),2021,35.658
Burera,North,Time related underemployment rate(%),2022,45.172
Burera,North,Time related underemployment rate(%),2023,35.548
Burera,North,Time related underemployment rate(%),2024,53.973
Burera,North,Time related underemployment rate(%),2025,49.195
Burera,North,LU1-Unemployment rate (%),2024,14.95
Burera,North,LU1-Unemployment rate (%),2025,16.415
Burera,North,LU2-Combined rate of unemployment and time-related underemployment(%),2017,51.664
Burera,North,LU2-Combined rate of unemployment and time-related underemployment(%),2018,45.654
Burera,North,LU2-Combined rate of unemployment and time-related underemployment(%),2019,42.277
Burera,North,LU2-Combined rate of unemployment and time-related underemployment(%),2021,47.13
Burera,North,LU2-Combined rate of unemployment and time-related underemployment(%),2022,58.507
Burera,North,LU2-Combined rate of unemployment and time-related underemployment(%),2023,47.539
Burera,North,LU2-Combined rate of unemployment and time-related underemployment(%),2024,60.855
Burera,North,LU2-Combined rate of unemployment and time-related underemployment(%),2025,57.535
Burera,North,LU3-Combined rate of unemployment and potential labour force(%),2017,55.568
Burera,North,LU3-Combined rate of unemployment and potential labour force(%),2018,38.796
Burera,North,LU3-Combined rate of unemployment and potential labour force(%),2019,38.995
Burera,North,LU3-Combined rate of unemployment and potential labour force(%),2021,39.748
Burera,North,LU3-Combined rate of unemployment and potential labour force(%),2022,39.514
Burera,North,LU3-Combined rate of unemployment and potential labour force(%),2023,37.002
Burera,North,LU3-Combined rate of unemployment and potential labour force(%),2024,32.047
Burera,North,LU3-Combined rate of unemployment and potential labour force(%),2025,31.8
Burera,North,LU4 - Composite measure of labour underutilization(%),2017,72.656
Burera,North,LU4 - Composite measure of labour underutilization(%),2018,61.78
Burera,North,LU4 - Composite measure of labour underutilization(%),2019,60.098
Burera,North,LU4 - Composite measure of labour underutilization(%),2021,61.233
Burera,North,LU4 - Composite measure of labour underutilization(%),2022,66.837
Burera,North,LU4 - Composite measure of labour underutilization(%),2023,59.397
Burera,North,LU4 - Composite measure of labour underutilization(%),2024,68.724
Burera,North,LU4 - Composite measure of labour underutilization(%),2025,65.351
Burera,North,NEET rate-Youth not in employment nor currently in education or training(%),2017,44.603
Burera,North,NEET rate-Youth not in employment nor currently in education or training(%),2018,33.86
Burera,North,NEET rate-Youth not in employment nor currently in education or training(%),2019,35.794
Burera,North,NEET rate-Youth not in employment nor currently in education or training(%),2021,36.118
Burera,North,NEET rate-Youth not in employment nor currently in education or training(%),2022,29.687
Burera,North,NEET rate-Youth not in employment nor currently in education or training(%),2023,35.573
Burera,North,NEET rate-Youth not in employment nor currently in education or training(%),2024,22.947
Burera,North,NEET rate-Youth not in employment nor currently in education or training(%),2025,20.063
Burera,North,Median monthly earnings at main job,2017,20800.0
Burera,North,Median monthly earnings at main job,2018,18200.0
Burera,North,Median monthly earnings at main job,2019,20800.0
Burera,North,Median monthly earnings at main job,2021,26000.0
Burera,North,Median monthly earnings at main job,2022,26000.0
Burera,North,Median monthly earnings at main job,2023,31200.0
Burera,North,Median monthly earnings at main job,2024,39000.0
Burera,North,Median monthly earnings at main job,2025,39000.0
Gicumbi,North,Working age population(16+ years),2017,245611.816
Gicumbi,North,Working age population(16+ years),2018,234055.605
Gicumbi,North,Working age population(16+ years),2019,230440.055
Gicumbi,North,Working age population(16+ years),2020,273840.442
Gicumbi,North,Working age population(16+ years),2021,278032.633
Gicumbi,North,Working age population(16+ years),2022,312426.781
Gicumbi,North,Working age population(16+ years),2023,269918.853
Gicumbi,North,Working age population(16+ years),2024,289965.112
Gicumbi,North,Working age population(16+ years),2025,303677.524
Gicumbi,North,Labour force,2017,119865.95
Gicumbi,North,Labour force,2018,115861.597
Gicumbi,North,Labour force,2019,104713.625
Gicumbi,North,Labour force,2020,125707.427
Gicumbi,North,Labour force,2021,148496.494
Gicumbi,North,Labour force,2022,171354.814
Gicumbi,North,Labour force,2023,152568.345
Gicumbi,North,Labour force,2024,157660.107
Gicumbi,North,Labour force,2025,179872.095
Gicumbi,North,Employed,2017,102966.513
Gicumbi,North,Employed,2018,100400.797
Gicumbi,North,Employed,2019,88607.855
Gicumbi,North,Employed,2020,105063.009
Gicumbi,North,Employed,2021,121668.485
Gicumbi,North,Employed,2022,135900.09
Gicumbi,North,Employed,2023,116127.965
Gicumbi,North,Employed,2024,125255.397
Gicumbi,North,Employed,2025,147268.528
Gicumbi,North,Unemployed,2017,16899.437
Gicumbi,North,Unemployed,2018,15460.8
Gicumbi,North,Unemployed,2019,16105.771
Gicumbi,North,Unemployed,2020,20644.419
Gicumbi,North,Unemployed,2021,26828.009
Gicumbi,North,Unemployed,2022,35454.725
Gicumbi,North,Unemployed,2023,36440.38
Gicumbi,North,Unemployed,2024,32404.71
Gicumbi,North,Unemployed,2025,32603.567
Gicumbi,North,out of labour force,2017,125745.865
Gicumbi,North,out of labour force,2018,118194.008
Gicumbi,North,out of labour force,2019,125726.43
Gicumbi,North,out of labour force,2020,148133.015
Gicumbi,North,out of labour force,2021,129536.139
Gicumbi,North,out of labour force,2022,141071.967
Gicumbi,North,out of labour force,2023,117350.508
Gicumbi,North,out of labour force,2024,132305.005
Gicumbi,North,out of labour force,2025,123805.429
Gicumbi,North,Time related underemployed,2017,36373.786
Gicumbi,North,Time related underemployed,2018,31973.145
Gicumbi,North,Time related underemployed,2019,28926.045
Gicumbi,North,Time related underemployed,2021,43214.706
Gicumbi,North,Time related underemployed,2022,47298.192
Gicumbi,North,Time related underemployed,2023,31702.764
Gicumbi,North,Time related underemployed,2024,53456.689
Gicumbi,North,Time related underemployed,2025,64907.06
Gicumbi,North,Potential labour force,2017,61650.85
Gicumbi,North,Potential labour force,2018,56451.75
Gicumbi,North,Potential labour force,2019,61716.391
Gicumbi,North,Potential labour force,2021,46195.252
Gicumbi,North,Potential labour force,2022,58254.368
Gicumbi,North,Potential labour force,2023,50941.727
Gicumbi,North,Potential labour force,2024,69750.137
Gicumbi,North,Potential labour force,2025,71984.248
Gicumbi,North,Labour underutilization,2017,114924.073
Gicumbi,North,Labour underutilization,2018,103885.695
Gicumbi,North,Labour underutilization,2019,106748.207
Gicumbi,North,Labour underutilization,2021,116237.966
Gicumbi,North,Labour underutilization,2022,141007.285
Gicumbi,North,Labour underutilization,2023,119084.872
Gicumbi,North,Labour underutilization,2024,155611.535
Gicumbi,North,Labour underutilization,2025,169494.875
Gicumbi,North,Labour force participation rate(%),2017,48.803
Gicumbi,North,Labour force participation rate(%),2018,49.502
Gicumbi,North,Labour force participation rate(%),2019,45.441
Gicumbi,North,Labour force participation rate(%),2020,45.905
Gicumbi,North,Labour force participation rate(%),2021,53.41
Gicumbi,North,Labour force participation rate(%),2022,54.846
Gicumbi,North,Labour force participation rate(%),2023,56.524
Gicumbi,North,Labour force participation rate(%),2024,54.372
Gicumbi,North,Labour force participation rate(%),2025,59.231
Gicumbi,North,Employment-to-population ratio(%),2017,41.922
Gicumbi,North,Employment-to-population ratio(%),2018,42.896
Gicumbi,North,Employment-to-population ratio(%),2019,38.452
Gicumbi,North,Employment-to-population ratio(%),2020,38.367
Gicumbi,North,Employment-to-population ratio(%),2021,43.761
Gicumbi,North,Employment-to-population ratio(%),2022,43.498
Gicumbi,North,Employment-to-population ratio(%),2023,43.023
Gicumbi,North,Employment-to-population ratio(%),2024,43.197
Gicumbi,North,Employment-to-population ratio(%),2025,48.495
Gicumbi,North,Rate of population outside labour force(%),2017,51.197
Gicumbi,North,Rate of population outside labour force(%),2018,50.498
Gicumbi,North,Rate of population outside labour force(%),2019,54.559
Gicumbi,North,Rate of population outside labour force(%),2020,54.095
Gicumbi,North,Rate of population outside labour force(%),2021,46.59
Gicumbi,North,Rate of population outside labour force(%),2022,45.154
Gicumbi,North,Rate of population outside labour force(%),2023,43.476
Gicumbi,North,Rate of population outside labour force(%),2024,45.628
Gicumbi,North,Rate of population outside labour force(%),2025,40.769
Gicumbi,North,Time related underemployment rate(%),2017,35.326
Gicumbi,North,Time related underemployment rate(%),2018,31.846
Gicumbi,North,Time related underemployment rate(%),2019,32.645
Gicumbi,North,Time related underemployment rate(%),2021,35.518
Gicumbi,North,Time related underemployment rate(%),2022,34.804
Gicumbi,North,Time related underemployment rate(%),2023,27.3
Gicumbi,North,Time related underemployment rate(%),2024,42.678
Gicumbi,North,Time related underemployment rate(%),2025,44.074
Gicumbi,North,LU1-Unemployment rate (%),2024,20.554
Gicumbi,North,LU1-Unemployment rate (%),2025,18.126
Gicumbi,North,LU2-Combined rate of unemployment and time-related underemployment(%),2017,44.444
Gicumbi,North,LU2-Combined rate of unemployment and time-related underemployment(%),2018,40.94
Gicumbi,North,LU2-Combined rate of unemployment and time-related underemployment(%),2019,43.005
Gicumbi,North,LU2-Combined rate of unemployment and time-related underemployment(%),2021,47.168
Gicumbi,North,LU2-Combined rate of unemployment and time-related underemployment(%),2022,48.293
Gicumbi,North,LU2-Combined rate of unemployment and time-related underemployment(%),2023,44.664
Gicumbi,North,LU2-Combined rate of unemployment and time-related underemployment(%),2024,54.46
Gicumbi,North,LU2-Combined rate of unemployment and time-related underemployment(%),2025,54.211
Gicumbi,North,LU3-Combined rate of unemployment and potential labour force(%),2017,43.274
Gicumbi,North,LU3-Combined rate of unemployment and potential labour force(%),2018,41.734
Gicumbi,North,LU3-Combined rate of unemployment and potential labour force(%),2019,46.76
Gicumbi,North,LU3-Combined rate of unemployment and potential labour force(%),2021,37.507
Gicumbi,North,LU3-Combined rate of unemployment and potential labour force(%),2022,40.812
Gicumbi,North,LU3-Combined rate of unemployment and potential labour force(%),2023,42.937
Gicumbi,North,LU3-Combined rate of unemployment and potential labour force(%),2024,44.921
Gicumbi,North,LU3-Combined rate of unemployment and potential labour force(%),2025,41.527
Gicumbi,North,LU4 - Composite measure of labour underutilization(%),2017,63.313
Gicumbi,North,LU4 - Composite measure of labour underutilization(%),2018,60.289
Gicumbi,North,LU4 - Composite measure of labour underutilization(%),2019,64.14
Gicumbi,North,LU4 - Composite measure of labour underutilization(%),2021,59.704
Gicumbi,North,LU4 - Composite measure of labour underutilization(%),2022,61.412
Gicumbi,North,LU4 - Composite measure of labour underutilization(%),2023,58.515
Gicumbi,North,LU4 - Composite measure of labour underutilization(%),2024,68.428
Gicumbi,North,LU4 - Composite measure of labour underutilization(%),2025,67.298
Gicumbi,North,NEET rate-Youth not in employment nor currently in education or training(%),2017,40.578
Gicumbi,North,NEET rate-Youth not in employment nor currently in education or training(%),2018,37.553
Gicumbi,North,NEET rate-Youth not in employment nor currently in education or training(%),2019,43.918
Gicumbi,North,NEET rate-Youth not in employment nor currently in education or training(%),2021,34.829
Gicumbi,North,NEET rate-Youth not in employment nor currently in education or training(%),2022,37.553
Gicumbi,North,NEET rate-Youth not in employment nor currently in education or training(%),2023,42.086
Gicumbi,North,NEET rate-Youth not in employment nor currently in education or training(%),2024,36.665
Gicumbi,North,NEET rate-Youth not in employment nor currently in education or training(%),2025,29.129
Gicumbi,North,Median monthly earnings at main job,2017,18200.0
Gicumbi,North,Median monthly earnings at main job,2018,18200.0
Gicumbi,North,Median monthly earnings at main job,2019,20800.0
Gicumbi,North,Median monthly earnings at main job,2021,20800.0
Gicumbi,North,Median monthly earnings at main job,2022,25000.0
Gicumbi,North,Median monthly earnings at main job,2023,26000.0
Gicumbi,North,Median monthly earnings at main job,2024,26000.0
Gicumbi,North,Median monthly earnings at main job,2025,31200.0
