study_id,file_id,file_name,variable_id,name,label
120,F1,Microdata,V1,key,Household identifier
120,F1,Microdata,V2,a1,A1. Province/Kigali City
120,F1,Microdata,V3,a2,A2. District
120,F1,Microdata,V4,a6,Urban_Rural
120,F1,Microdata,V5,hh_wt,Household weight
120,F1,Microdata,V6,pop_wt,Individual weight_16+ years old
120,F1,Microdata,V7,hh_size,household size
120,F1,Microdata,V8,hh_head,Sex of household head
120,F1,Microdata,V9,bo,Relationship with the household head
120,F1,Microdata,V10,b1,Age of respondent
120,F1,Microdata,V11,b2,Sex of respondent
120,F1,Microdata,V12,b3,Marital status of respondent
120,F1,Microdata,V13,e1,Responsible for money mgmt decisions at HH
120,F1,Microdata,V14,e1b_1,E1b_1. How much input-in making decisions about household income
120,F1,Microdata,V15,e1b_2,"E1b_2. How much input-in making decisions about large, household purchases"
120,F1,Microdata,V16,e1b_3,E1b_3. How much input-in making decisions about routine household purchases
120,F1,Microdata,V17,e1c,E1c. You have a large degree of control over your current financial situation an
120,F1,Microdata,V18,e2a,E2a. Have you got money of your own that you can do with as you wish?
120,F1,Microdata,V19,e2b,E2b. Why not?
120,F1,Microdata,V20,e2b_1,E2b_1. Do not earn/generate money
120,F1,Microdata,V21,e2b_2,E2b_2. All money goes into the hh
120,F1,Microdata,V22,e2b_3,E2b_3. Need permission to spend
120,F1,Microdata,V23,e2b_4,E2b_4. Hand over the money to Head of the Household member
120,F1,Microdata,V24,e2b_5,E2b_5. Other specify
120,F1,Microdata,V25,e2c,E2c. Do you save or keep money for different reasons and how often?
120,F1,Microdata,V26,e2d,"E2d.Do you invest money in assets(buying properties,equipment,livestock)"
120,F1,Microdata,V27,e2e,E2e. You are on track to accomplish your financial goals?
120,F1,Microdata,V28,e3,"E3. Before you buy something, you carefully consider whether you can afford it?"
120,F1,Microdata,V29,e4a,E4a. You pay your bills on time?
120,F1,Microdata,V30,e4b,E4b. Your debt is manageable ? You are able to pay off what you owe when it is d
120,F1,Microdata,V31,e5,E5. You keep a close personal watch on your financial affairs?
120,F1,Microdata,V32,e6,"E6. In the last one year, your financial situation has caused you stress."
120,F1,Microdata,V33,e7,E7.Sometimes people find their income does not quite cover their living cost
120,F1,Microdata,V34,e7a,E7a. What did you mainly do to pay for things when this happened?
120,F1,Microdata,V35,e7c,E7c. I can usually make my money last until the next time I receive income?
120,F1,Microdata,V36,e7d,"E7d. If you lost all your income and had to survive on what you have put aside,"
120,F1,Microdata,V37,e9a,"E9a. Compared to one year ago (past 12 months), would you say your financial sta"
120,F1,Microdata,V38,e9b,E9b.Have you set aside emergency/rainy-day funds that would cover your expenses
120,F1,Microdata,V39,e9c,"E9c. How difficult would it be for you to come up with 56,000 Rwf within the NEX"
120,F1,Microdata,V40,e9d,E9d. How would you mainly raise this money?
120,F1,Microdata,V41,e9d_other_specify,"E9d. Other, specify"
120,F1,Microdata,V42,e10a1,E10a1. Have missed more than 2 months debt repayment in the past 12 months
120,F1,Microdata,V43,e10a2,E10a2. Have 4 or more credit commitments
120,F1,Microdata,V44,e10a3,E10a3. Your credit/borrowing commitments are a heavy burden
120,F1,Microdata,V45,e10a4,E10a4. You have enough money left for savings after covering all your spending n
120,F1,Microdata,V46,e10b_1,E10b_1. Covid-19 effect-Missed payment more than once
120,F1,Microdata,V47,e10b_2,E10b_2. Covid-19 effect-Missed a payment once since 2020
120,F1,Microdata,V48,e10b_3,E10b_3. Covid-19 effect-Paid partially of what I was supposed to pay
120,F1,Microdata,V49,e10b_4,E10b_4. Covid-19 effect-have you requested your service provider for loan restru
120,F1,Microdata,V50,e10c_4,E10c. For how long was the loan period restructured for?
120,F1,Microdata,V51,e11,E11. Imagine that five friends are given a gift of 20 000 Rwf. If the friends ha
120,F1,Microdata,V52,e12,E12. Now imagine that the friends have to wait for one year to get their share o
120,F1,Microdata,V53,e13,"E13. You lend 5 000 Rwf to a friend one evening, and he gives you 5 000 Rwf back"
120,F1,Microdata,V54,e14,E14.Please tell me the level of agreement or disagreement with the following
120,F1,Microdata,V55,e14_1,E14_1.You compare different financial service and products and then choose the b
120,F1,Microdata,V56,e14_2,E14_2.You have used Gereranya (that is a device to compare prices)
120,F1,Microdata,V57,e14_3,E14_3.You know what to do for recourse when not satisfied with a financial servi
120,F1,Microdata,V58,e14_4,E14_4.You are confident enough to make a complaint against a bank or financial i
120,F1,Microdata,V59,e14_5,E14_5.You understand the terms and conditions in the contract with a financial i
120,F1,Microdata,V60,e15,"E15.Transperency,Fair treatment and tracking Money"
120,F1,Microdata,V61,e15_1,E15_1. Do you feel that the information on financial products or services bought
120,F1,Microdata,V62,e15_2,E15_2. Have you ever taken a financial product/service and were later on surpris
120,F1,Microdata,V63,e15_3,E15_3. Were you ever informed of changes to fees/charges of financial product/se
120,F1,Microdata,V64,e15_4,E15_4. Was the information provided to you in a language you understand?
120,F1,Microdata,V65,e15_5,E15_5. How was the information communicated to you
120,F1,Microdata,V66,e15_6,E15_6. What would you wish to have been informed on?
120,F1,Microdata,V67,e15_6_1,e15_6_1. New fees/charges
120,F1,Microdata,V68,e15_6_2,e15_6_2. When it would start
120,F1,Microdata,V69,e15_6_3,e15_6_3. Give me options on payment
120,F1,Microdata,V70,e15_6_4,e15_6_4. Fees and charges related to financial products
120,F1,Microdata,V71,e15_6_5,e15_6_5. Terms and conditions of financial products
120,F1,Microdata,V72,e15_6_6,e15_6_6. Other (specify)
120,F1,Microdata,V73,e15_7,E15_7. What was the reason that the information was not understandable?
120,F1,Microdata,V74,e15_7_1,e15_7_1. Small font
120,F1,Microdata,V75,e15_7_2,e15_7_2. Crucial elements of information were not disclosed in prominent places
120,F1,Microdata,V76,e15_7_3,e15_7_3. Use of difficult language
120,F1,Microdata,V77,e15_7_4,e15_7_4. Not provided in language I understand
120,F1,Microdata,V78,e15_7_5,"e15_7_5. I cannot read, and the information was not explained to me orally"
120,F1,Microdata,V79,e15_7_6,e15_7_6. Other (specify)
120,F1,Microdata,V80,e15_8,E15_8. Do you trust financial services? advertising?
120,F1,Microdata,V81,e15_9,E15_9. Do you budget for your money?
120,F1,Microdata,V82,e15_10,E15_10. Do you know how much money you spent personally in the last 7 days?
120,F1,Microdata,V83,e15_11,E15_11. Do you keep track of money you get and spend?
120,F1,Microdata,V84,e15_12,E15_12. How often do you have some money left after covering all your spending n
120,F1,Microdata,V85,e15_13,E15_13. What do you do with any money you have left over?
120,F1,Microdata,V86,e15_13_1,e15_13_1. Save/keep money for different reasons
120,F1,Microdata,V87,e15_13_2,e15_13_2. Invest money in business
120,F1,Microdata,V88,e15_13_3,e15_13_3. Invest money in assets
120,F1,Microdata,V89,e15_13_4,"e15_13_4. Spend money on non-essentials (e.g.,computer, alcohol, hair)"
120,F1,Microdata,V90,e15_13_5,e15_13_5. Lend it to others
120,F1,Microdata,V91,e15_13_6,e15_13_6. Repay debts
120,F1,Microdata,V92,e15_13_7,e15_13_7. Other (specify)
120,F1,Microdata,V93,e15_14,E15_14. Do you feel that financial institutions treat you fairly?
120,F1,Microdata,V94,e15_15,"E15_15. Have you ever been threatened, or treated in a violent, humiliating mann"
120,F1,Microdata,V95,e15_16,E15_16. Have you ever been taken advantage of or misguided by a financial servic
120,F1,Microdata,V96,e15_17,E15_17. Have you ever been sold a financial product by a financial institution o
120,F1,Microdata,V97,e15_18,E15_18.Have you ever been sold a loan without assessing your capability of payin
120,F1,Microdata,V98,e16,E16. Are you currently trying to achieve a goal that requires a lot of money?
120,F1,Microdata,V99,e17,E17. Which is the most important/main goal that you are currently trying to achi
120,F1,Microdata,V100,e18,E18. What are you currently doing/ What have you done in the past 12 months to a
120,F1,Microdata,V101,e18_1,e18_1. Borrowed from a bank or other formal institution
120,F1,Microdata,V102,e18_2,e18_2. Borrowed from money lender (loan shark)
120,F1,Microdata,V103,e18_3,e18_3. Borrowed from saving group
120,F1,Microdata,V104,e18_4,e18_4. Took a loan/advance from my employer
120,F1,Microdata,V105,e18_5,e18_5. Borrowed from family/friends/community/church/mosque
120,F1,Microdata,V106,e18_6,e18_6. Took a loan from a shopkeeper
120,F1,Microdata,V107,e18_7,"e18_7. Borrowed from a digital app-based lender e.g., Mokash"
120,F1,Microdata,V108,e18_8,e18_8. Used savings held at a bank/Insurance provider/Retailer
120,F1,Microdata,V109,e18_9,e18_9. Used savings from a saving group
120,F1,Microdata,V110,e18_10,e18_10. Used savings held with friends/family
120,F1,Microdata,V111,e18_11,e18_11. Used savings held in a secret hiding place
120,F1,Microdata,V112,e18_12,e18_12. Sold livestock
120,F1,Microdata,V113,e18_13,"e18_13. Sold other assets, not livestock (e.g., car, business,land)"
120,F1,Microdata,V114,e18_14,e18_14. Got assistance/gift from friends/family/community(which you did not have
120,F1,Microdata,V115,e18_15,e18_15. Cut back on expenses/adjust consumption patterns
120,F1,Microdata,V116,e18_16,e18_16. Got goods/items on credit
120,F1,Microdata,V117,e18_17,e18_17. Worked more/got additional jobs
120,F1,Microdata,V118,e18_18,e18_18. Hire purchase
120,F1,Microdata,V119,e18_19,e18_19. Education insurance
120,F1,Microdata,V120,e18_20,e18_20. Don't know
120,F1,Microdata,V121,e18_21,e18_21. Refused to Answer
120,F1,Microdata,V122,e18_22,e18_22. Other (SPECIFY)
120,F1,Microdata,V123,e18_other_specify,"E18. Other, specify"
120,F1,Microdata,V124,e19,"E19. What is the main device that you used or are using, to pay for"
120,F1,Microdata,V125,e20,Would like to know your opinions about these statments
120,F1,Microdata,V126,e20_01,e20_01. Women should not have assets that can be used as collateral against thei
120,F1,Microdata,V127,e20_02,e20_02. Women should not service a business loan independently.
120,F1,Microdata,V128,e20_03,e20_03. Women should seek permission from their family to apply for a business l
120,F1,Microdata,V129,e20_04,e20_04. Women should rely on family for financial support instead of financial s
120,F1,Microdata,V130,e20_05,e20_05. Women should not expose their family to financial risks.
120,F1,Microdata,V131,e20_06,e20_06. Women should not have financial privacy from their family members.
120,F1,Microdata,V132,e20_07,e20_07. Women should not manage digital financial service accounts independently
120,F1,Microdata,V133,e20_08,e20_08. Women should keep their money in cash/at home.
120,F1,Microdata,V134,e20_09,e20_09. Women should invest all profits into the household.
120,F1,Microdata,V135,e20_10,e20_10. Women should give their income to their partner or a male household memb
120,F1,Microdata,V136,e20_11,e20_11. Women should use their income to support relatives and extended family.
120,F1,Microdata,V137,e20_12,e20_12. Women should not make decisions on big expenses or investments.
120,F1,Microdata,V138,qf1,"QF1. For each one that I mention, please tell me whether you have ever used a se"
120,F1,Microdata,V139,qf1_01,qf1_01. Ever used - Commercial bank
120,F1,Microdata,V140,qf1_02,qf1_02. Ever used - Digital bank
120,F1,Microdata,V141,qf1_03,qf1_03. Ever used - Microfinance institution (non-umurenge)
120,F1,Microdata,V142,qf1_04,qf1_04. Ever used - Non-Deposit Taking Lending Financial (NDFI)
120,F1,Microdata,V143,qf1_05,qf1_05. Ever used - Mobile money operator
120,F1,Microdata,V144,qf1_06,qf1_06. Ever used - Umurenge SACCO
120,F1,Microdata,V145,qf1_07,qf1_07. Ever used - Insurance provider
120,F1,Microdata,V146,qf1_08,qf1_08. Ever used - Pension fund administrator
120,F1,Microdata,V147,qf1_09,qf1_09. Ever used - Long-Term Saving Scheme (EJOHEZA)
120,F1,Microdata,V148,qf1_10,qf1_10. Ever used - Savings group that you save with or borrow from
120,F1,Microdata,V149,qf1_11,qf1_11. Ever used - Village/community association
120,F1,Microdata,V150,qf1_12,qf1_12. Ever used - None of the above
120,F1,Microdata,V151,qf2,Does the instituion used offer services electronically?
120,F1,Microdata,V152,qf2_01,qf2_01. Offer services electronically - Commercial bank
120,F1,Microdata,V153,qf2_02,qf2_02. Offer services electronically - Digital Banking
120,F1,Microdata,V154,qf2_03,qf2_03. Offer services electronically - Microfinance institution(non-umurenge)
120,F1,Microdata,V155,qf2_04,qf2_04. Offer services electronically - Non-Deposit Lending Financial(NDFI)
120,F1,Microdata,V156,qf2_05,qf2_05. Offer services electronically - Mobile money operator
120,F1,Microdata,V157,qf2_06,qf2_06. Offer services electronically - Umurenge Sacco
120,F1,Microdata,V158,qf2_10,qf2_10. Offer services electronically - Savings group
120,F1,Microdata,V159,qf2_11,qf2_11. Offer services electronically - Village/community association
120,F1,Microdata,V160,qf3,Do you have an account registered in your name with
120,F1,Microdata,V161,qf3_01,qf3_01. Account registered in own name - Commercial bank
120,F1,Microdata,V162,qf3_02,qf3_02. Account registered in own name- Digital bank
120,F1,Microdata,V163,qf3_03,qf3_03. Account registered in own name - Microfinance institution (non-umurenge)
120,F1,Microdata,V164,qf3_04,qf3_04. Account registered in own name - Non-Deposit Taking Lending Financial (N
120,F1,Microdata,V165,qf3_05,qf3_05. Account registered in own name - Mobile money operator
120,F1,Microdata,V166,qf3_06,qf3_06. Account registered in own name - Umurenge SACCO
120,F1,Microdata,V167,qf3_07,qf3_07. Account registered in own name - Insurance provider
120,F1,Microdata,V168,qf3_08,qf3_08. Account registered in own name - Pension fund administrator
120,F1,Microdata,V169,qf3_09,qf3_09. Account registered in own name - Long-Term Saving Scheme (EJOHEZ
120,F1,Microdata,V170,qf3_10,qf3_10. Account registered in own name - Savings group that you save with or bor
120,F1,Microdata,V171,qf3_11,qf3_11. Account registered in own name - Village/community association
120,F1,Microdata,V172,qf4_01,qf4_01. Do you currently use - Commercial bank
120,F1,Microdata,V173,qf4_02,qf4_02. Do you currently use - Digital bank
120,F1,Microdata,V174,qf4_03,qf4_03. Do you currently use - Microfinance institution (non-umurenge)
120,F1,Microdata,V175,qf4_04,qf4_04. Do you currently use - Non-Deposit Taking Lending Financial (NDFI)
120,F1,Microdata,V176,qf4_05,qf4_05. Do you currently use - Mobile money operator
120,F1,Microdata,V177,qf4_06,qf4_06. Do you currently use - Umurenge SACCO
120,F1,Microdata,V178,qf4_07,qf4_07. Do you currently use - Insurance provider
120,F1,Microdata,V179,qf4_08,qf4_08. Do you currently use - Pension fund administrator
120,F1,Microdata,V180,qf4_09,qf4_09. Do you currently use - Long-Term Saving Scheme (EJOHEZA)
120,F1,Microdata,V181,qf4_10,qf4_10. Do you currently use - Savings group that you save with or borrow from
120,F1,Microdata,V182,qf4_11,qf4_11. Do you currently use - Village/community association
120,F1,Microdata,V183,qf5_01,QF5. Which of the following activities have you ever done using a [insert name o
120,F1,Microdata,V184,qf5_01_1,qf5_01_1. Commercial bank-Deposited or withdrew money
120,F1,Microdata,V185,qf5_01_2,qf5_01_2. Commercial bank-Bought airtime top-ups or paid a mobile phone bill
120,F1,Microdata,V186,qf5_01_3,qf5_01_3. Commercial bank-Paid school fees
120,F1,Microdata,V187,qf5_01_4,"qf5_01_4. Commercial bank-Paid a bill for medical treatment, housing, trash coll"
120,F1,Microdata,V188,qf5_01_5,"qf5_01_5. Commercial bank-Paid a tax, fine, fee, or other payment to the governm"
120,F1,Microdata,V189,qf5_01_6,"qf5_01_6. Commercial bank-Sent money to, or received money from someone"
120,F1,Microdata,V190,qf5_01_7,qf5_01_7. Commercial bank-Received money from the government
120,F1,Microdata,V191,qf5_01_8,qf5_01_8. Commercial bank-Received wages from an employer
120,F1,Microdata,V192,qf5_01_9,qf5_01_9. Commercial bank-Made insurance payments or received claims on insuranc
120,F1,Microdata,V193,qf5_01_10,qf5_01_10. Commercial bank-Borrowed money
120,F1,Microdata,V194,qf5_01_11,qf5_01_11. Commercial bank-Saved money
120,F1,Microdata,V195,qf5_01_12,qf5_01_12. Commercial bank-Made an investment
120,F1,Microdata,V196,qf5_01_13,"qf5_01_13. Commercial bank-Paid for goods or services at a store, shop, restaura"
120,F1,Microdata,V197,qf5_01_14,qf5_01_14. Commercial bank-Made pension payment or retirement savings
120,F1,Microdata,V198,qf5_01_15,qf5_01_15. Commercial bank-Never used any service in this institution
120,F1,Microdata,V199,qf5_02,QF5. Which of the following activities have you ever done using a [insert name o
120,F1,Microdata,V200,qf5_02_1,qf5_02_1. Digital bank-Deposited or withdrew money
120,F1,Microdata,V201,qf5_02_2,qf5_02_2. Digital bank-Bought airtime top-ups or paid a mobile phone bill
120,F1,Microdata,V202,qf5_02_3,qf5_02_3. Digital bank-Paid school fees
120,F1,Microdata,V203,qf5_02_4,"qf5_02_4. Digital bank-Paid a bill for medical treatment, housing, trash collect"
120,F1,Microdata,V204,qf5_02_5,"qf5_02_5. Digital bank-Paid a tax, fine, fee, or other payment to the government"
120,F1,Microdata,V205,qf5_02_6,"qf5_02_6. Digital bank-Sent money to, or received money from someone"
120,F1,Microdata,V206,qf5_02_7,qf5_02_7. Digital bank-Received money from the government
120,F1,Microdata,V207,qf5_02_8,qf5_02_8. Digital bank-Received wages from an employer
120,F1,Microdata,V208,qf5_02_9,qf5_02_9. Digital bank-Made insurance payments or received claims on insurance
120,F1,Microdata,V209,qf5_02_10,qf5_02_10. Digital bank-Borrowed money
120,F1,Microdata,V210,qf5_02_11,qf5_02_11. Digital bank-Saved money
120,F1,Microdata,V211,qf5_02_12,qf5_02_12. Digital bank-Made an investment
120,F1,Microdata,V212,qf5_02_13,"qf5_02_13. Digital bank-Paid for goods or services at a store, shop, restaurant"
120,F1,Microdata,V213,qf5_02_14,qf5_02_14. Digital bank-Made pension payment or retirement savings
120,F1,Microdata,V214,qf5_02_15,qf5_02_15. Digital bank-Never used any service in this institution
120,F1,Microdata,V215,qf5_03,QF5. Which of the following activities have you ever done using a [insert name o
120,F1,Microdata,V216,qf5_03_1,qf5_03_1. Microfinance institution (non-umurenge)-Deposited or withdrew money
120,F1,Microdata,V217,qf5_03_2,qf5_03_2. Microfinance institution (non-umurenge)-Bought airtime top-ups or paid
120,F1,Microdata,V218,qf5_03_3,qf5_03_3. Microfinance institution (non-umurenge)-Paid school fees
120,F1,Microdata,V219,qf5_03_4,qf5_03_4. Microfinance institution (non-umurenge)-Paid a bill for medical treatm
120,F1,Microdata,V220,qf5_03_5,"qf5_03_5. Microfinance institution (non-umurenge)-Paid a tax, fine, fee, or othe"
120,F1,Microdata,V221,qf5_03_6,"qf5_03_6. Microfinance institution (non-umurenge)-Sent money to, or received mon"
120,F1,Microdata,V222,qf5_03_7,qf5_03_7. Microfinance institution (non-umurenge)-Received money from the govern
120,F1,Microdata,V223,qf5_03_8,qf5_03_8. Microfinance institution (non-umurenge)-Received wages from an employe
120,F1,Microdata,V224,qf5_03_9,qf5_03_9. Microfinance institution (non-umurenge)-Made insurance payments or rec
120,F1,Microdata,V225,qf5_03_10,qf5_03_10. Microfinance institution (non-umurenge)-Borrowed money
120,F1,Microdata,V226,qf5_03_11,qf5_03_11. Microfinance institution (non-umurenge)-Saved money
120,F1,Microdata,V227,qf5_03_12,qf5_03_12. Microfinance institution (non-umurenge)-Made an investment
120,F1,Microdata,V228,qf5_03_13,qf5_03_13. Microfinance institution (non-umurenge)-Paid for goods or services at
120,F1,Microdata,V229,qf5_03_14,qf5_03_14. Microfinance institution (non-umurenge)-Made pension payment or retir
120,F1,Microdata,V230,qf5_03_15,qf5_03_15. Microfinance institution (non-umurenge)-Never used any service in thi
120,F1,Microdata,V231,qf5_04,QF5. Which of the following activities have you ever done using a [insert name o
120,F1,Microdata,V232,qf5_04_1,qf5_04_1. Non-Deposit Taking Lending Financial (NDFI) -Deposited or withdrew mon
120,F1,Microdata,V233,qf5_04_2,qf5_04_2. Non-Deposit Taking Lending Financial (NDFI) -Bought airtime top-ups or
120,F1,Microdata,V234,qf5_04_3,qf5_04_3. Non-Deposit Taking Lending Financial (NDFI) -Paid school fees
120,F1,Microdata,V235,qf5_04_4,qf5_04_4. Non-Deposit Taking Lending Financial (NDFI) -Paid a bill for medical t
120,F1,Microdata,V236,qf5_04_5,"qf5_04_5. Non-Deposit Taking Lending Financial (NDFI) -Paid a tax, fine, fee, or"
120,F1,Microdata,V237,qf5_04_6,"qf5_04_6. Non-Deposit Taking Lending Financial (NDFI) -Sent money to, or receive"
120,F1,Microdata,V238,qf5_04_7,qf5_04_7. Non-Deposit Taking Lending Financial (NDFI) -Received money from the g
120,F1,Microdata,V239,qf5_04_8,qf5_04_8. Non-Deposit Taking Lending Financial (NDFI) -Received wages from an em
120,F1,Microdata,V240,qf5_04_9,qf5_04_9. Non-Deposit Taking Lending Financial (NDFI) -Made insurance payments o
120,F1,Microdata,V241,qf5_04_10,qf5_04_10. Non-Deposit Taking Lending Financial (NDFI) -Borrowed money
120,F1,Microdata,V242,qf5_04_11,qf5_04_11. Non-Deposit Taking Lending Financial (NDFI) -Saved money
120,F1,Microdata,V243,qf5_04_12,qf5_04_12. Non-Deposit Taking Lending Financial (NDFI) -Made an investment
120,F1,Microdata,V244,qf5_04_13,qf5_04_13. Non-Deposit Taking Lending Financial (NDFI) -Paid for goods or servic
120,F1,Microdata,V245,qf5_04_14,qf5_04_14. Non-Deposit Taking Lending Financial (NDFI) -Made pension payment or
120,F1,Microdata,V246,qf5_04_15,qf5_04_15. Non-Deposit Taking Lending Financial (NDFI) -Never used any service i
120,F1,Microdata,V247,qf5_05,QF5. Which of the following activities have you ever done using a [insert name o
120,F1,Microdata,V248,qf5_05_1,qf5_05_1. Mobile money operator-Deposited or withdrew money
120,F1,Microdata,V249,qf5_05_2,qf5_05_2. Mobile money operator-Bought airtime top-ups or paid a mobile phone bi
120,F1,Microdata,V250,qf5_05_3,qf5_05_3. Mobile money operator-Paid school fees
120,F1,Microdata,V251,qf5_05_4,"qf5_05_4. Mobile money operator-Paid a bill for medical treatment, housing, tras"
120,F1,Microdata,V252,qf5_05_5,"qf5_05_5. Mobile money operator-Paid a tax, fine, fee, or other payment to the g"
120,F1,Microdata,V253,qf5_05_6,"qf5_05_6. Mobile money operator-Sent money to, or received money from someone"
120,F1,Microdata,V254,qf5_05_7,qf5_05_7. Mobile money operator-Received money from the government
120,F1,Microdata,V255,qf5_05_8,qf5_05_8. Mobile money operator-Received wages from an employer
120,F1,Microdata,V256,qf5_05_9,qf5_05_9. Mobile money operator-Made insurance payments or received claims on in
120,F1,Microdata,V257,qf5_05_10,qf5_05_10. Mobile money operator-Borrowed money
120,F1,Microdata,V258,qf5_05_11,qf5_05_11. Mobile money operator-Saved money
120,F1,Microdata,V259,qf5_05_12,qf5_05_12. Mobile money operator-Made an investment
120,F1,Microdata,V260,qf5_05_13,"qf5_05_13. Mobile money operator-Paid for goods or services at a store, shop, re"
120,F1,Microdata,V261,qf5_05_14,qf5_05_14. Mobile money operator-Made pension payment or retirement savings
120,F1,Microdata,V262,qf5_05_15,qf5_05_15. Mobile money operator-Never used any service in this institution
120,F1,Microdata,V263,qf5_06,QF5. Which of the following activities have you ever done using a [insert name o
120,F1,Microdata,V264,qf5_06_1,qf5_06_1. Umurenge SACCO-Deposited or withdrew money
120,F1,Microdata,V265,qf5_06_2,qf5_06_2. Umurenge SACCO-Bought airtime top-ups or paid a mobile phone bill
120,F1,Microdata,V266,qf5_06_3,qf5_06_3. Umurenge SACCO-Paid school fees
120,F1,Microdata,V267,qf5_06_4,"qf5_06_4. Umurenge SACCO-Paid a bill for medical treatment, housing, trash colle"
120,F1,Microdata,V268,qf5_06_5,"qf5_06_5. Umurenge SACCO-Paid a tax, fine, fee, or other payment to the governme"
120,F1,Microdata,V269,qf5_06_6,"qf5_06_6. Umurenge SACCO-Sent money to, or received money from someone"
120,F1,Microdata,V270,qf5_06_7,qf5_06_7. Umurenge SACCO-Received money from the government
120,F1,Microdata,V271,qf5_06_8,qf5_06_8. Umurenge SACCO-Received wages from an employer
120,F1,Microdata,V272,qf5_06_9,qf5_06_9. Umurenge SACCO-Made insurance payments or received claims on insurance
120,F1,Microdata,V273,qf5_06_10,qf5_06_10. Umurenge SACCO-Borrowed money
120,F1,Microdata,V274,qf5_06_11,qf5_06_11. Umurenge SACCO-Saved money
120,F1,Microdata,V275,qf5_06_12,qf5_06_12. Umurenge SACCO-Made an investment
120,F1,Microdata,V276,qf5_06_13,"qf5_06_13. Umurenge SACCO-Paid for goods or services at a store, shop, restauran"
120,F1,Microdata,V277,qf5_06_14,qf5_06_14. Umurenge SACCO-Made pension payment or retirement savings
120,F1,Microdata,V278,qf5_06_15,qf5_06_15. Umurenge SACCO-Never used any service in this institution
120,F1,Microdata,V279,qf5_07,QF5. Which of the following activities have you ever done using a [insert name o
120,F1,Microdata,V280,qf5_07_1,qf5_07_1. Insurance provider-Deposited or withdrew money
120,F1,Microdata,V281,qf5_07_2,qf5_07_2. Insurance provider-Bought airtime top-ups or paid a mobile phone bill
120,F1,Microdata,V282,qf5_07_3,qf5_07_3. Insurance provider-Paid school fees
120,F1,Microdata,V283,qf5_07_4,"qf5_07_4. Insurance provider-Paid a bill for medical treatment, housing, trash c"
120,F1,Microdata,V284,qf5_07_5,"qf5_07_5. Insurance provider-Paid a tax, fine, fee, or other payment to the gove"
120,F1,Microdata,V285,qf5_07_6,"qf5_07_6. Insurance provider-Sent money to, or received money from someone"
120,F1,Microdata,V286,qf5_07_7,qf5_07_7. Insurance provider-Received money from the government
120,F1,Microdata,V287,qf5_07_8,qf5_07_8. Insurance provider-Received wages from an employer
120,F1,Microdata,V288,qf5_07_9,qf5_07_9. Insurance provider-Made insurance payments or received claims on insur
120,F1,Microdata,V289,qf5_07_10,qf5_07_10. Insurance provider-Borrowed money
120,F1,Microdata,V290,qf5_07_11,qf5_07_11. Insurance provider-Saved money
120,F1,Microdata,V291,qf5_07_12,qf5_07_12. Insurance provider-Made an investment
120,F1,Microdata,V292,qf5_07_13,"qf5_07_13. Insurance provider-Paid for goods or services at a store, shop, resta"
120,F1,Microdata,V293,qf5_07_14,qf5_07_14. Insurance provider-Made pension payment or retirement savings
120,F1,Microdata,V294,qf5_07_15,qf5_07_15. Insurance provider-Never used any service in this institution
120,F1,Microdata,V295,qf5_08,QF5. Which of the following activities have you ever done using a [insert name o
120,F1,Microdata,V296,qf5_08_1,qf5_08_1. Pension fund administrator-Deposited or withdrew money
120,F1,Microdata,V297,qf5_08_2,qf5_08_2. Pension fund administrator-Bought airtime top-ups or paid a mobile pho
120,F1,Microdata,V298,qf5_08_3,qf5_08_3. Pension fund administrator-Paid school fees
120,F1,Microdata,V299,qf5_08_4,"qf5_08_4. Pension fund administrator-Paid a bill for medical treatment, housing,"
120,F1,Microdata,V300,qf5_08_5,"qf5_08_5. Pension fund administrator-Paid a tax, fine, fee, or other payment to"
120,F1,Microdata,V301,qf5_08_6,"qf5_08_6. Pension fund administrator-Sent money to, or received money from someo"
120,F1,Microdata,V302,qf5_08_7,qf5_08_7. Pension fund administrator-Received money from the government
120,F1,Microdata,V303,qf5_08_8,qf5_08_8. Pension fund administrator-Received wages from an employer
120,F1,Microdata,V304,qf5_08_9,qf5_08_9. Pension fund administrator-Made insurance payments or received claims
120,F1,Microdata,V305,qf5_08_10,qf5_08_10. Pension fund administrator-Borrowed money
120,F1,Microdata,V306,qf5_08_11,qf5_08_11. Pension fund administrator-Saved money
120,F1,Microdata,V307,qf5_08_12,qf5_08_12. Pension fund administrator-Made an investment
120,F1,Microdata,V308,qf5_08_13,"qf5_08_13. Pension fund administrator-Paid for goods or services at a store, sho"
120,F1,Microdata,V309,qf5_08_14,qf5_08_14. Pension fund administrator-Made pension payment or retirement savings
120,F1,Microdata,V310,qf5_08_15,qf5_08_15. Pension fund administrator-Never used any service in this institution
120,F1,Microdata,V311,qf5_09,QF5. Which of the following activities have you ever done using a [insert name o
120,F1,Microdata,V312,qf5_09_1,qf5_09_1. Long-Term Saving Scheme (EJOHEZA)-Deposited or withdrew money
120,F1,Microdata,V313,qf5_09_2,qf5_09_2. Long-Term Saving Scheme (EJOHEZA)-Bought airtime top-ups or paid a mob
120,F1,Microdata,V314,qf5_09_3,qf5_09_3. Long-Term Saving Scheme (EJOHEZA)-Paid school fees
120,F1,Microdata,V315,qf5_09_4,"qf5_09_4. Long-Term Saving Scheme (EJOHEZA)-Paid a bill for medical treatment, h"
120,F1,Microdata,V316,qf5_09_5,"qf5_09_5. Long-Term Saving Scheme (EJOHEZA)-Paid a tax, fine, fee, or other paym"
120,F1,Microdata,V317,qf5_09_6,"qf5_09_6. Long-Term Saving Scheme (EJOHEZA)-Sent money to, or received money fro"
120,F1,Microdata,V318,qf5_09_7,qf5_09_7. Long-Term Saving Scheme (EJOHEZA)-Received money from the government
120,F1,Microdata,V319,qf5_09_8,qf5_09_8. Long-Term Saving Scheme (EJOHEZA)-Received wages from an employer
120,F1,Microdata,V320,qf5_09_9,qf5_09_9. Long-Term Saving Scheme (EJOHEZA)-Made insurance payments or received
120,F1,Microdata,V321,qf5_09_10,qf5_09_10. Long-Term Saving Scheme (EJOHEZA)-Borrowed money
120,F1,Microdata,V322,qf5_09_11,qf5_09_11. Long-Term Saving Scheme (EJOHEZA)-Saved money
120,F1,Microdata,V323,qf5_09_12,qf5_09_12. Long-Term Saving Scheme (EJOHEZA)-Made an investment
120,F1,Microdata,V324,qf5_09_13,qf5_09_13. Long-Term Saving Scheme (EJOHEZA)-Paid for goods or services at a sto
120,F1,Microdata,V325,qf5_09_14,qf5_09_14. Long-Term Saving Scheme (EJOHEZA)-Made pension payment or retirement
120,F1,Microdata,V326,qf5_09_15,qf5_09_15. Long-Term Saving Scheme (EJOHEZA)-Never used any service in this inst
120,F1,Microdata,V327,qf5_10,QF5. Which of the following activities have you ever done using a [insert name o
120,F1,Microdata,V328,qf5_10_1,qf5_10_1. Savings group that you save with or borrow from-Deposited or withdrew
120,F1,Microdata,V329,qf5_10_2,qf5_10_2. Savings group that you save with or borrow from-Bought airtime top-ups
120,F1,Microdata,V330,qf5_10_3,qf5_10_3. Savings group that you save with or borrow from-Paid school fees
120,F1,Microdata,V331,qf5_10_4,qf5_10_4. Savings group that you save with or borrow from-Paid a bill for medica
120,F1,Microdata,V332,qf5_10_5,"qf5_10_5. Savings group that you save with or borrow from-Paid a tax, fine, fee,"
120,F1,Microdata,V333,qf5_10_6,"qf5_10_6. Savings group that you save with or borrow from-Sent money to, or rece"
120,F1,Microdata,V334,qf5_10_7,qf5_10_7. Savings group that you save with or borrow from-Received money from th
120,F1,Microdata,V335,qf5_10_8,qf5_10_8. Savings group that you save with or borrow from-Received wages from an
120,F1,Microdata,V336,qf5_10_9,qf5_10_9. Savings group that you save with or borrow from-Made insurance payment
120,F1,Microdata,V337,qf5_10_10,qf5_10_10. Savings group that you save with or borrow from-Borrowed money
120,F1,Microdata,V338,qf5_10_11,qf5_10_11. Savings group that you save with or borrow from-Saved money
120,F1,Microdata,V339,qf5_10_12,qf5_10_12. Savings group that you save with or borrow from-Made an investment
120,F1,Microdata,V340,qf5_10_13,qf5_10_13. Savings group that you save with or borrow from-Paid for goods or ser
120,F1,Microdata,V341,qf5_10_14,qf5_10_14. Savings group that you save with or borrow from-Made pension payment
120,F1,Microdata,V342,qf5_10_15,qf5_10_15. Savings group that you save with or borrow from-Never used any servic
120,F1,Microdata,V343,qf5_11,QF5. Which of the following activities have you ever done using a [insert name o
120,F1,Microdata,V344,qf5_11_1,qf5_11_1.Village/community association-Deposited or withdrew money
120,F1,Microdata,V345,qf5_11_2,qf5_11_2.Village/community association-Bought airtime top-ups or paid a mobile p
120,F1,Microdata,V346,qf5_11_3,qf5_11_3.Village/community association-Paid school fees
120,F1,Microdata,V347,qf5_11_4,"qf5_11_4.Village/community association-Paid a bill for medical treatment, housin"
120,F1,Microdata,V348,qf5_11_5,"qf5_11_5.Village/community association-Paid a tax, fine, fee, or other payment t"
120,F1,Microdata,V349,qf5_11_6,"qf5_11_6.Village/community association-Sent money to, or received money from som"
120,F1,Microdata,V350,qf5_11_7,qf5_11_7.Village/community association-Received money from the government
120,F1,Microdata,V351,qf5_11_8,qf5_11_8.Village/community association-Received wages from an employer
120,F1,Microdata,V352,qf5_11_9,qf5_11_9.Village/community association-Made insurance payments or received claim
120,F1,Microdata,V353,qf5_11_10,qf5_11_10.Village/community association-Borrowed money
120,F1,Microdata,V354,qf5_11_11,qf5_11_11.Village/community association-Saved money
120,F1,Microdata,V355,qf5_11_12,qf5_11_12.Village/community association-Made an investment
120,F1,Microdata,V356,qf5_11_13,"qf5_11_13.Village/community association-Paid for goods or services at a store, s"
120,F1,Microdata,V357,qf5_11_14,qf5_11_14.Village/community association-Made pension payment or retirement savin
120,F1,Microdata,V358,qf5_11_15,qf5_11_15.Village/community association-Never used any service in this instituti
120,F1,Microdata,V359,qf6_01,"QF6. In the past 12 months, have you experienced any of the following problems o"
120,F1,Microdata,V360,qf6_01_1,qf6_01_1.Commercial bank-Unexpected charges
120,F1,Microdata,V361,qf6_01_2,"qf6_01_2.Commercial bank-Lost money / Money missing from my account e.g., Cards/"
120,F1,Microdata,V362,qf6_01_3,qf6_01_3.Commercial bank-Poor service received at a branch / agent / customer ca
120,F1,Microdata,V363,qf6_01_4,qf6_01_4.Commercial bank-ATM or Card Swipe machine not working
120,F1,Microdata,V364,qf6_01_5,qf6_01_5.Commercial bank-Inability to access bank account through mobile /intern
120,F1,Microdata,V365,qf6_01_6,qf6_01_6.Commercial bank-Service / Agent network was down
120,F1,Microdata,V366,qf6_01_7,qf6_01_7.Commercial bank-Inconsistent availability of agent
120,F1,Microdata,V367,qf6_01_8,qf6_01_8.Commercial bank-Difficulty operating the phone/using menu
120,F1,Microdata,V368,qf6_01_9,qf6_01_9.Commercial bank-Unclear transaction charges/fees
120,F1,Microdata,V369,qf6_01_10,qf6_01_10.Commercial bank-Agent float/cash availability
120,F1,Microdata,V370,qf6_01_11,qf6_01_11.Commercial bank-Contacting customer care
120,F1,Microdata,V371,qf6_01_12,qf6_01_12.Commercial bank-Sending to a wrong number
120,F1,Microdata,V372,qf6_01_13,qf6_01_13.Commercial bank-Fraud
120,F1,Microdata,V373,qf6_01_14,qf6_01_14.Commercial bank-Money laundering
120,F1,Microdata,V374,qf6_01_15,qf6_01_15.Commercial bank-Delayed payments
120,F1,Microdata,V375,qf6_01_16,qf6_01_16.Commercial bank-Other specify
120,F1,Microdata,V376,qf6_other_specify_01,qf6_other_specify_01-Commercial bank
120,F1,Microdata,V377,qf6_02,"QF6. In the past 12 months, have you experienced any of the following problems o"
120,F1,Microdata,V378,qf6_02_1,qf6_02_1.Digital bank-Unexpected charges
120,F1,Microdata,V379,qf6_02_2,"qf6_02_2.Digital bank-Lost money / Money missing from my account e.g., Cards/PIN"
120,F1,Microdata,V380,qf6_02_3,qf6_02_3.Digital bank-Poor service received at a branch / agent / customer care
120,F1,Microdata,V381,qf6_02_4,qf6_02_4.Digital bank-ATM or Card Swipe machine not working
120,F1,Microdata,V382,qf6_02_5,qf6_02_5.Digital bank-Inability to access bank account through mobile /internet
120,F1,Microdata,V383,qf6_02_6,qf6_02_6.Digital bank-Service / Agent network was down
120,F1,Microdata,V384,qf6_02_7,qf6_02_7.Digital bank-Inconsistent availability of agent
120,F1,Microdata,V385,qf6_02_8,qf6_02_8.Digital bank-Difficulty operating the phone/using menu
120,F1,Microdata,V386,qf6_02_9,qf6_02_9.Digital bank-Unclear transaction charges/fees
120,F1,Microdata,V387,qf6_02_10,qf6_02_10.Digital bank-Agent float/cash availability
120,F1,Microdata,V388,qf6_02_11,qf6_02_11.Digital bank-Contacting customer care
120,F1,Microdata,V389,qf6_02_12,qf6_02_12.Digital bank-Sending to a wrong number
120,F1,Microdata,V390,qf6_02_13,qf6_02_13.Digital bank-Fraud
120,F1,Microdata,V391,qf6_02_14,qf6_02_14.Digital bank-Money laundering
120,F1,Microdata,V392,qf6_02_15,qf6_02_15.Digital bank-Delayed payments
120,F1,Microdata,V393,qf6_02_16,qf6_02_16.Digital bank-Other specify
120,F1,Microdata,V394,qf6_03,"QF6. In the past 12 months, have you experienced any of the following problems o"
120,F1,Microdata,V395,qf6_03_1,qf6_03_1.Microfinance institution (non-umurenge)-Unexpected charges
120,F1,Microdata,V396,qf6_03_2,qf6_03_2.Microfinance institution (non-umurenge)-Lost money / Money missing from
120,F1,Microdata,V397,qf6_03_3,qf6_03_3.Microfinance institution (non-umurenge)-Poor service received at a bran
120,F1,Microdata,V398,qf6_03_4,qf6_03_4.Microfinance institution (non-umurenge)-ATM or Card Swipe machine not w
120,F1,Microdata,V399,qf6_03_5,qf6_03_5.Microfinance institution (non-umurenge)-Inability to access bank accoun
120,F1,Microdata,V400,qf6_03_6,qf6_03_6.Microfinance institution (non-umurenge)-Service / Agent network was dow
120,F1,Microdata,V401,qf6_03_7,qf6_03_7.Microfinance institution (non-umurenge)-Inconsistent availability of ag
120,F1,Microdata,V402,qf6_03_8,qf6_03_8.Microfinance institution (non-umurenge)-Difficulty operating the phone/
120,F1,Microdata,V403,qf6_03_9,qf6_03_9.Microfinance institution (non-umurenge)-Unclear transaction charges/fee
120,F1,Microdata,V404,qf6_03_10,qf6_03_10.Microfinance institution (non-umurenge)-Agent float/cash availability
120,F1,Microdata,V405,qf6_03_11,qf6_03_11.Microfinance institution (non-umurenge)-Contacting customer care
120,F1,Microdata,V406,qf6_03_12,qf6_03_12.Microfinance institution (non-umurenge)-Sending to a wrong number
120,F1,Microdata,V407,qf6_03_13,qf6_03_13.Microfinance institution (non-umurenge)-Fraud
120,F1,Microdata,V408,qf6_03_14,qf6_03_14.Microfinance institution (non-umurenge)-Money laundering
120,F1,Microdata,V409,qf6_03_15,qf6_03_15.Microfinance institution (non-umurenge)-Delayed payments
120,F1,Microdata,V410,qf6_03_16,qf6_03_16.Microfinance institution (non-umurenge)-Other specify
120,F1,Microdata,V411,qf6_04,"QF6. In the past 12 months, have you experienced any of the following problems o"
120,F1,Microdata,V412,qf6_04_1,qf6_04_1.Non-Deposit Taking Lending Financial (NDFI)-Unexpected charges
120,F1,Microdata,V413,qf6_04_2,qf6_04_2.Non-Deposit Taking Lending Financial (NDFI)-Lost money / Money missing
120,F1,Microdata,V414,qf6_04_3,qf6_04_3.Non-Deposit Taking Lending Financial (NDFI)-Poor service received at a
120,F1,Microdata,V415,qf6_04_4,qf6_04_4.Non-Deposit Taking Lending Financial (NDFI)-ATM or Card Swipe machine n
120,F1,Microdata,V416,qf6_04_5,qf6_04_5.Non-Deposit Taking Lending Financial (NDFI)-Inability to access bank ac
120,F1,Microdata,V417,qf6_04_6,qf6_04_6.Non-Deposit Taking Lending Financial (NDFI)-Service / Agent network was
120,F1,Microdata,V418,qf6_04_7,qf6_04_7.Non-Deposit Taking Lending Financial (NDFI)-Inconsistent availability o
120,F1,Microdata,V419,qf6_04_8,qf6_04_8.Non-Deposit Taking Lending Financial (NDFI)-Difficulty operating the ph
120,F1,Microdata,V420,qf6_04_9,qf6_04_9.Non-Deposit Taking Lending Financial (NDFI)-Unclear transaction charges
120,F1,Microdata,V421,qf6_04_10,qf6_04_10.Non-Deposit Taking Lending Financial (NDFI)-Agent float/cash availabil
120,F1,Microdata,V422,qf6_04_11,qf6_04_11.Non-Deposit Taking Lending Financial (NDFI)-Contacting customer care
120,F1,Microdata,V423,qf6_04_12,qf6_04_12.Non-Deposit Taking Lending Financial (NDFI)-Sending to a wrong number
120,F1,Microdata,V424,qf6_04_13,qf6_04_13.Non-Deposit Taking Lending Financial (NDFI)-Fraud
120,F1,Microdata,V425,qf6_04_14,qf6_04_14.Non-Deposit Taking Lending Financial (NDFI)-Money laundering
120,F1,Microdata,V426,qf6_04_15,qf6_04_15.Non-Deposit Taking Lending Financial (NDFI)-Delayed payments
120,F1,Microdata,V427,qf6_04_16,qf6_04_16.Non-Deposit Taking Lending Financial (NDFI)-Other specify
120,F1,Microdata,V428,qf6_05,"QF6. In the past 12 months, have you experienced any of the following problems o"
120,F1,Microdata,V429,qf6_05_1,qf6_05_1.Mobile money operator-Unexpected charges
120,F1,Microdata,V430,qf6_05_2,"qf6_05_2.Mobile money operator-Lost money / Money missing from my account e.g.,"
120,F1,Microdata,V431,qf6_05_3,qf6_05_3.Mobile money operator-Poor service received at a branch / agent / custo
120,F1,Microdata,V432,qf6_05_4,qf6_05_4.Mobile money operator-ATM or Card Swipe machine not working
120,F1,Microdata,V433,qf6_05_5,qf6_05_5.Mobile money operator-Inability to access bank account through mobile /
120,F1,Microdata,V434,qf6_05_6,qf6_05_6.Mobile money operator-Service / Agent network was down
120,F1,Microdata,V435,qf6_05_7,qf6_05_7.Mobile money operator-Inconsistent availability of agent
120,F1,Microdata,V436,qf6_05_8,qf6_05_8.Mobile money operator-Difficulty operating the phone/using menu
120,F1,Microdata,V437,qf6_05_9,qf6_05_9.Mobile money operator-Unclear transaction charges/fees
120,F1,Microdata,V438,qf6_05_10,qf6_05_10.Mobile money operator-Agent float/cash availability
120,F1,Microdata,V439,qf6_05_11,qf6_05_11.Mobile money operator-Contacting customer care
120,F1,Microdata,V440,qf6_05_12,qf6_05_12.Mobile money operator-Sending to a wrong number
120,F1,Microdata,V441,qf6_05_13,qf6_05_13.Mobile money operator-Fraud
120,F1,Microdata,V442,qf6_05_14,qf6_05_14.Mobile money operator-Money laundering
120,F1,Microdata,V443,qf6_05_15,qf6_05_15.Mobile money operator-Delayed payments
120,F1,Microdata,V444,qf6_05_16,qf6_05_16.Mobile money operator-Other specify
120,F1,Microdata,V445,qf6_other_specify_05,qf6_other_specify_05. Mobile money operator
120,F1,Microdata,V446,qf6_06,"QF6. In the past 12 months, have you experienced any of the following problems o"
120,F1,Microdata,V447,qf6_06_1,qf6_06_1.Umurenge SACCO-Unexpected charges
120,F1,Microdata,V448,qf6_06_2,"qf6_06_2.Umurenge SACCO-Lost money / Money missing from my account e.g., Cards/P"
120,F1,Microdata,V449,qf6_06_3,qf6_06_3.Umurenge SACCO-Poor service received at a branch / agent / customer car
120,F1,Microdata,V450,qf6_06_4,qf6_06_4.Umurenge SACCO-ATM or Card Swipe machine not working
120,F1,Microdata,V451,qf6_06_5,qf6_06_5.Umurenge SACCO-Inability to access bank account through mobile /interne
120,F1,Microdata,V452,qf6_06_6,qf6_06_6.Umurenge SACCO-Service / Agent network was down
120,F1,Microdata,V453,qf6_06_7,qf6_06_7.Umurenge SACCO-Inconsistent availability of agent
120,F1,Microdata,V454,qf6_06_8,qf6_06_8.Umurenge SACCO-Difficulty operating the phone/using menu
120,F1,Microdata,V455,qf6_06_9,qf6_06_9.Umurenge SACCO-Unclear transaction charges/fees
120,F1,Microdata,V456,qf6_06_10,qf6_06_10.Umurenge SACCO-Agent float/cash availability
120,F1,Microdata,V457,qf6_06_11,qf6_06_11.Umurenge SACCO-Contacting customer care
120,F1,Microdata,V458,qf6_06_12,qf6_06_12.Umurenge SACCO-Sending to a wrong number
120,F1,Microdata,V459,qf6_06_13,qf6_06_13.Umurenge SACCO-Fraud
120,F1,Microdata,V460,qf6_06_14,qf6_06_14.Umurenge SACCO-Money laundering
120,F1,Microdata,V461,qf6_06_15,qf6_06_15.Umurenge SACCO-Delayed payments
120,F1,Microdata,V462,qf6_06_16,qf6_06_16.Umurenge SACCO-Other specify
120,F1,Microdata,V463,qf6_07,"QF6. In the past 12 months, have you experienced any of the following problems o"
120,F1,Microdata,V464,qf6_07_1,qf6_07_1.Insurance provider-Unexpected charges
120,F1,Microdata,V465,qf6_07_2,"qf6_07_2.Insurance provider-Lost money / Money missing from my account e.g., Car"
120,F1,Microdata,V466,qf6_07_3,qf6_07_3.Insurance provider-Poor service received at a branch / agent / customer
120,F1,Microdata,V467,qf6_07_4,qf6_07_4.Insurance provider-ATM or Card Swipe machine not working
120,F1,Microdata,V468,qf6_07_5,qf6_07_5.Insurance provider-Inability to access bank account through mobile /int
120,F1,Microdata,V469,qf6_07_6,qf6_07_6.Insurance provider-Service / Agent network was down
120,F1,Microdata,V470,qf6_07_7,qf6_07_7.Insurance provider-Inconsistent availability of agent
120,F1,Microdata,V471,qf6_07_8,qf6_07_8.Insurance provider-Difficulty operating the phone/using menu
120,F1,Microdata,V472,qf6_07_9,qf6_07_9.Insurance provider-Unclear transaction charges/fees
120,F1,Microdata,V473,qf6_07_10,qf6_07_10.Insurance provider-Agent float/cash availability
120,F1,Microdata,V474,qf6_07_11,qf6_07_11.Insurance provider-Contacting customer care
120,F1,Microdata,V475,qf6_07_12,qf6_07_12.Insurance provider-Sending to a wrong number
120,F1,Microdata,V476,qf6_07_13,qf6_07_13.Insurance provider-Fraud
120,F1,Microdata,V477,qf6_07_14,qf6_07_14.Insurance provider-Money laundering
120,F1,Microdata,V478,qf6_07_15,qf6_07_15.Insurance provider-Delayed payments
120,F1,Microdata,V479,qf6_07_16,qf6_07_16.Insurance provider-Other specify
120,F1,Microdata,V480,qf6_08,"QF6. In the past 12 months, have you experienced any of the following problems o"
120,F1,Microdata,V481,qf6_08_1,qf6_08_1.Pension fund administrator-Unexpected charges
120,F1,Microdata,V482,qf6_08_2,qf6_08_2.Pension fund administrator-Lost money / Money missing from my account e
120,F1,Microdata,V483,qf6_08_3,qf6_08_3.Pension fund administrator-Poor service received at a branch / agent /
120,F1,Microdata,V484,qf6_08_4,qf6_08_4.Pension fund administrator-ATM or Card Swipe machine not working
120,F1,Microdata,V485,qf6_08_5,qf6_08_5.Pension fund administrator-Inability to access bank account through mob
120,F1,Microdata,V486,qf6_08_6,qf6_08_6.Pension fund administrator-Service / Agent network was down
120,F1,Microdata,V487,qf6_08_7,qf6_08_7.Pension fund administrator-Inconsistent availability of agent
120,F1,Microdata,V488,qf6_08_8,qf6_08_8.Pension fund administrator-Difficulty operating the phone/using menu
120,F1,Microdata,V489,qf6_08_9,qf6_08_9.Pension fund administrator-Unclear transaction charges/fees
120,F1,Microdata,V490,qf6_08_10,qf6_08_10.Pension fund administrator-Agent float/cash availability
120,F1,Microdata,V491,qf6_08_11,qf6_08_11.Pension fund administrator-Contacting customer care
120,F1,Microdata,V492,qf6_08_12,qf6_08_12.Pension fund administrator-Sending to a wrong number
120,F1,Microdata,V493,qf6_08_13,qf6_08_13.Pension fund administrator-Fraud
120,F1,Microdata,V494,qf6_08_14,qf6_08_14.Pension fund administrator-Money laundering
120,F1,Microdata,V495,qf6_08_15,qf6_08_15.Pension fund administrator-Delayed payments
120,F1,Microdata,V496,qf6_08_16,qf6_08_16.Pension fund administrator-Other specify
120,F1,Microdata,V497,qf6_09,"QF6. In the past 12 months, have you experienced any of the following problems o"
120,F1,Microdata,V498,qf6_09_1,qf6_09_1.Long-Term Saving Scheme (EJOHEZA)-Unexpected charges
120,F1,Microdata,V499,qf6_09_2,qf6_09_2.Long-Term Saving Scheme (EJOHEZA)-Lost money / Money missing from my ac
120,F1,Microdata,V500,qf6_09_3,qf6_09_3.Long-Term Saving Scheme (EJOHEZA)-Poor service received at a branch / a
120,F1,Microdata,V501,qf6_09_4,qf6_09_4.Long-Term Saving Scheme (EJOHEZA)-ATM or Card Swipe machine not working
120,F1,Microdata,V502,qf6_09_5,qf6_09_5.Long-Term Saving Scheme (EJOHEZA)-Inability to access bank account thro
120,F1,Microdata,V503,qf6_09_6,qf6_09_6.Long-Term Saving Scheme (EJOHEZA)-Service / Agent network was down
120,F1,Microdata,V504,qf6_09_7,qf6_09_7.Long-Term Saving Scheme (EJOHEZA)-Inconsistent availability of agent
120,F1,Microdata,V505,qf6_09_8,qf6_09_8.Long-Term Saving Scheme (EJOHEZA)-Difficulty operating the phone/using
120,F1,Microdata,V506,qf6_09_9,qf6_09_9.Long-Term Saving Scheme (EJOHEZA)-Unclear transaction charges/fees
120,F1,Microdata,V507,qf6_09_10,qf6_09_10.Long-Term Saving Scheme (EJOHEZA)-Agent float/cash availability
120,F1,Microdata,V508,qf6_09_11,qf6_09_11.Long-Term Saving Scheme (EJOHEZA)-Contacting customer care
120,F1,Microdata,V509,qf6_09_12,qf6_09_12.Long-Term Saving Scheme (EJOHEZA)-Sending to a wrong number
120,F1,Microdata,V510,qf6_09_13,qf6_09_13.Long-Term Saving Scheme (EJOHEZA)-Fraud
120,F1,Microdata,V511,qf6_09_14,qf6_09_14.Long-Term Saving Scheme (EJOHEZA)-Money laundering
120,F1,Microdata,V512,qf6_09_15,qf6_09_15.Long-Term Saving Scheme (EJOHEZA)-Delayed payments
120,F1,Microdata,V513,qf6_09_16,qf6_09_16.Long-Term Saving Scheme (EJOHEZA)-Other specify
120,F1,Microdata,V514,qf6_other_specify_09,qf6_other_specify_09. Long-Term Saving Scheme (EJOHEZA)
120,F1,Microdata,V515,qf6_10,"QF6. In the past 12 months, have you experienced any of the following problems o"
120,F1,Microdata,V516,qf6_10_1,qf6_10_1.Savings group that you save with or borrow from-Unexpected charges
120,F1,Microdata,V517,qf6_10_2,qf6_10_2.Savings group that you save with or borrow from-Lost money / Money miss
120,F1,Microdata,V518,qf6_10_3,qf6_10_3.Savings group that you save with or borrow from-Poor service received a
120,F1,Microdata,V519,qf6_10_4,qf6_10_4.Savings group that you save with or borrow from-ATM or Card Swipe machi
120,F1,Microdata,V520,qf6_10_5,qf6_10_5.Savings group that you save with or borrow from-Inability to access ban
120,F1,Microdata,V521,qf6_10_6,qf6_10_6.Savings group that you save with or borrow from-Service / Agent network
120,F1,Microdata,V522,qf6_10_7,qf6_10_7.Savings group that you save with or borrow from-Inconsistent availabili
120,F1,Microdata,V523,qf6_10_8,qf6_10_8.Savings group that you save with or borrow from-Difficulty operating th
120,F1,Microdata,V524,qf6_10_9,qf6_10_9.Savings group that you save with or borrow from-Unclear transaction cha
120,F1,Microdata,V525,qf6_10_10,qf6_10_10.Savings group that you save with or borrow from-Agent float/cash avail
120,F1,Microdata,V526,qf6_10_11,qf6_10_11.Savings group that you save with or borrow from-Contacting customer ca
120,F1,Microdata,V527,qf6_10_12,qf6_10_12.Savings group that you save with or borrow from-Sending to a wrong num
120,F1,Microdata,V528,qf6_10_13,qf6_10_13.Savings group that you save with or borrow from-Fraud
120,F1,Microdata,V529,qf6_10_14,qf6_10_14.Savings group that you save with or borrow from-Money laundering
120,F1,Microdata,V530,qf6_10_15,qf6_10_15.Savings group that you save with or borrow from-Delayed payments
120,F1,Microdata,V531,qf6_10_16,qf6_10_16.Savings group that you save with or borrow from-Other specify
120,F1,Microdata,V532,qf6_other_specify_10,qf6_other_specify_10. Savings group that you save with or borrow from
120,F1,Microdata,V533,qf6_11,"QF6. In the past 12 months, have you experienced any of the following problems o"
120,F1,Microdata,V534,qf6_11_1,qf6_11_1.Village/community association-Unexpected charges
120,F1,Microdata,V535,qf6_11_2,qf6_11_2.Village/community association-Lost money / Money missing from my accoun
120,F1,Microdata,V536,qf6_11_3,qf6_11_3.Village/community association-Poor service received at a branch / agent
120,F1,Microdata,V537,qf6_11_4,qf6_11_4.Village/community association-ATM or Card Swipe machine not working
120,F1,Microdata,V538,qf6_11_5,qf6_11_5.Village/community association-Inability to access bank account through
120,F1,Microdata,V539,qf6_11_6,qf6_11_6.Village/community association-Service / Agent network was down
120,F1,Microdata,V540,qf6_11_7,qf6_11_7.Village/community association-Inconsistent availability of agent
120,F1,Microdata,V541,qf6_11_8,qf6_11_8.Village/community association-Difficulty operating the phone/using menu
120,F1,Microdata,V542,qf6_11_9,qf6_11_9.Village/community association-Unclear transaction charges/fees
120,F1,Microdata,V543,qf6_11_10,qf6_11_10.Village/community association-Agent float/cash availability
120,F1,Microdata,V544,qf6_11_11,qf6_11_11.Village/community association-Contacting customer care
120,F1,Microdata,V545,qf6_11_12,qf6_11_12.Village/community association-Sending to a wrong number
120,F1,Microdata,V546,qf6_11_13,qf6_11_13.Village/community association-Fraud
120,F1,Microdata,V547,qf6_11_14,qf6_11_14.Village/community association-Money laundering
120,F1,Microdata,V548,qf6_11_15,qf6_11_15.Village/community association-Delayed payments
120,F1,Microdata,V549,qf6_11_16,qf6_11_16.Village/community association-Other specify
120,F1,Microdata,V550,qf6_other_specify_11,qf6_other_specify_11. Village/community association
120,F1,Microdata,V551,qf7a_01,"qf7a_01. In general, how satisfied are you with the services of-Commercial bank"
120,F1,Microdata,V552,qf7a_02,"qf7a_01. In general, how satisfied are you with the services of-Digital bank acc"
120,F1,Microdata,V553,qf7a_03,"qf7a_01. In general, how satisfied are you with the services of-Microfinance ins"
120,F1,Microdata,V554,qf7a_04,"qf7a_01. In general, how satisfied are you with the services of-Non-Deposit Taki"
120,F1,Microdata,V555,qf7a_05,"qf7a_01. In general, how satisfied are you with the services of-Mobile money ope"
120,F1,Microdata,V556,qf7a_06,"qf7a_01. In general, how satisfied are you with the services of-Umurenge SACCO a"
120,F1,Microdata,V557,qf7a_07,"qf7a_01. In general, how satisfied are you with the services of-Insurance provid"
120,F1,Microdata,V558,qf7a_08,"qf7a_01. In general, how satisfied are you with the services of-Pension fund adm"
120,F1,Microdata,V559,qf7a_09,"qf7a_01. In general, how satisfied are you with the services of-Long-Term Saving"
120,F1,Microdata,V560,qf7a_10,"qf7a_01. In general, how satisfied are you with the services of-Savings group th"
120,F1,Microdata,V561,qf7a_11,"qf7a_01. In general, how satisfied are you with the services of-Village/communit"
120,F1,Microdata,V562,qf7b_01,qf7b_01. When did you last use-Commercial bank
120,F1,Microdata,V563,qf7b_02,qf7b_02. When did you last use-Digital bank
120,F1,Microdata,V564,qf7b_03,qf7b_03. When did you last use-Microfinance institution (non-umurenge)
120,F1,Microdata,V565,qf7b_04,qf7b_04. When did you last use-Non-Deposit Taking Lending Financial (NDFI)k
120,F1,Microdata,V566,qf7b_05,qf7b_05. When did you last use-Mobile money operator
120,F1,Microdata,V567,qf7b_06,qf7b_06. When did you last use-Umurenge SACCO
120,F1,Microdata,V568,qf7b_07,qf7b_07. When did you last use-Insurance provider
120,F1,Microdata,V569,qf7b_08,qf7b_08. When did you last use-Pension fund administrator
120,F1,Microdata,V570,qf7b_09,qf7b_09. When did you last use-Long-Term Saving Scheme (EJOHEZA)
120,F1,Microdata,V571,qf7b_10,qf7b_10. When did you last use-Savings group that you save with or borrow from
120,F1,Microdata,V572,qf7b_11,qf7b_11. When did you last use-Village/community association
120,F1,Microdata,V573,qf7c_01,QF7c. Why did you open the account from [insert name of institution]?
120,F1,Microdata,V574,qf7c_01_1,qf7c_01_1.Commercial bank-Requirements of employer
120,F1,Microdata,V575,qf7c_01_2,qf7c_01_2.Commercial bank-To better transact money
120,F1,Microdata,V576,qf7c_01_3,qf7c_01_3.Commercial bank-To save
120,F1,Microdata,V577,qf7c_01_4,qf7c_01_4.Commercial bank-Safety of funds
120,F1,Microdata,V578,qf7c_01_5,qf7c_01_5.Commercial bank-Money management
120,F1,Microdata,V579,qf7c_01_6,qf7c_01_6.Commercial bank-To access credit
120,F1,Microdata,V580,qf7c_01_7,qf7c_01_7.Commercial bank-To get government assistance/social protection program
120,F1,Microdata,V581,qf7c_01_8,qf7c_01_8.Commercial bank-Other reasons (specify)
120,F1,Microdata,V582,qf7c_02,QF7c. Why did you open the account from [insert name of institution]?
120,F1,Microdata,V583,qf7c_02_1,qf7c_02_1.Digital bank-Requirements of employer
120,F1,Microdata,V584,qf7c_02_2,qf7c_02_2.Digital bank-To better transact money
120,F1,Microdata,V585,qf7c_02_3,qf7c_02_3.Digital bank-To save
120,F1,Microdata,V586,qf7c_02_4,qf7c_02_4.Digital bank-Safety of funds
120,F1,Microdata,V587,qf7c_02_5,qf7c_02_5.Digital bank-Money management
120,F1,Microdata,V588,qf7c_02_6,qf7c_02_6.Digital bank-To access credit
120,F1,Microdata,V589,qf7c_02_7,qf7c_02_7.Digital bank-To get government assistance/social protection program
120,F1,Microdata,V590,qf7c_02_8,qf7c_02_8.Digital bank-Other reasons (specify)
120,F1,Microdata,V591,qf7c_03,QF7c. Why did you open the account from [insert name of institution]?
120,F1,Microdata,V592,qf7c_03_1,qf7c_03_1.Microfinance institution (non-umurenge)-Requirements of employer
120,F1,Microdata,V593,qf7c_03_2,qf7c_03_2.Microfinance institution (non-umurenge)-To better transact money
120,F1,Microdata,V594,qf7c_03_3,qf7c_03_3.Microfinance institution (non-umurenge)-To save
120,F1,Microdata,V595,qf7c_03_4,qf7c_03_4.Microfinance institution (non-umurenge)-Safety of funds
120,F1,Microdata,V596,qf7c_03_5,qf7c_03_5.Microfinance institution (non-umurenge)-Money management
120,F1,Microdata,V597,qf7c_03_6,qf7c_03_6.Microfinance institution (non-umurenge)-To access credit
120,F1,Microdata,V598,qf7c_03_7,qf7c_03_7.Microfinance institution (non-umurenge)-To get government assistance/s
120,F1,Microdata,V599,qf7c_03_8,qf7c_03_8.Microfinance institution (non-umurenge)-Other reasons (specify)
120,F1,Microdata,V600,qf7c_04,QF7c. Why did you open the account from [insert name of institution]?
120,F1,Microdata,V601,qf7c_04_1,qf7c_04_1.Non-Deposit Taking Lending Financial (NDFI)-Requirements of employer
120,F1,Microdata,V602,qf7c_04_2,qf7c_04_2.Non-Deposit Taking Lending Financial (NDFI)-To better transact money
120,F1,Microdata,V603,qf7c_04_3,qf7c_04_3.Non-Deposit Taking Lending Financial (NDFI)-To save
120,F1,Microdata,V604,qf7c_04_4,qf7c_04_4.Non-Deposit Taking Lending Financial (NDFI)-Safety of funds
120,F1,Microdata,V605,qf7c_04_5,qf7c_04_5.Non-Deposit Taking Lending Financial (NDFI)-Money management
120,F1,Microdata,V606,qf7c_04_6,qf7c_04_6.Non-Deposit Taking Lending Financial (NDFI)-To access credit
120,F1,Microdata,V607,qf7c_04_7,qf7c_04_7.Non-Deposit Taking Lending Financial (NDFI)-To get government assistan
120,F1,Microdata,V608,qf7c_04_8,qf7c_04_8.Non-Deposit Taking Lending Financial (NDFI)-Other reasons (specify)
120,F1,Microdata,V609,qf7c_05,QF7c. Why did you open the account from [insert name of institution]?
120,F1,Microdata,V610,qf7c_05_1,qf7c_05_1.Mobile money operator-Requirements of employer
120,F1,Microdata,V611,qf7c_05_2,qf7c_05_2.Mobile money operator-To better transact money
120,F1,Microdata,V612,qf7c_05_3,qf7c_05_3.Mobile money operator-To save
120,F1,Microdata,V613,qf7c_05_4,qf7c_05_4.Mobile money operator-Safety of funds
120,F1,Microdata,V614,qf7c_05_5,qf7c_05_5.Mobile money operator-Money management
120,F1,Microdata,V615,qf7c_05_6,qf7c_05_6.Mobile money operator-To access credit
120,F1,Microdata,V616,qf7c_05_7,qf7c_05_7.Mobile money operator-To get government assistance/social protection p
120,F1,Microdata,V617,qf7c_05_8,qf7c_05_8.Mobile money operator-Other reasons (specify)
120,F1,Microdata,V618,qf7c_06,QF7c. Why did you open the account from [insert name of institution]?
120,F1,Microdata,V619,qf7c_06_1,qf7c_06_1.Umurenge SACCO-Requirements of employer
120,F1,Microdata,V620,qf7c_06_2,qf7c_06_2.Umurenge SACCO-To better transact money
120,F1,Microdata,V621,qf7c_06_3,qf7c_06_3.Umurenge SACCO-To save
120,F1,Microdata,V622,qf7c_06_4,qf7c_06_4.Umurenge SACCO-Safety of funds
120,F1,Microdata,V623,qf7c_06_5,qf7c_06_5.Umurenge SACCO-Money management
120,F1,Microdata,V624,qf7c_06_6,qf7c_06_6.Umurenge SACCO-To access credit
120,F1,Microdata,V625,qf7c_06_7,qf7c_06_7.Umurenge SACCO-To get government assistance/social protection program
120,F1,Microdata,V626,qf7c_06_8,qf7c_06_8.Umurenge SACCO-Other reasons (specify)
120,F1,Microdata,V627,qf7c_07,QF7c. Why did you open the account from [insert name of institution]?
120,F1,Microdata,V628,qf7c_07_1,qf7c_07_1.Insurance provider-Requirements of employer
120,F1,Microdata,V629,qf7c_07_2,qf7c_07_2.Insurance provider-To better transact money
120,F1,Microdata,V630,qf7c_07_3,qf7c_07_3.Insurance provider-To save
120,F1,Microdata,V631,qf7c_07_4,qf7c_07_4.Insurance provider-Safety of funds
120,F1,Microdata,V632,qf7c_07_5,qf7c_07_5.Insurance provider-Money management
120,F1,Microdata,V633,qf7c_07_6,qf7c_07_6.Insurance provider-To access credit
120,F1,Microdata,V634,qf7c_07_7,qf7c_07_7.Insurance provider-To get government assistance/social protection prog
120,F1,Microdata,V635,qf7c_07_8,qf7c_07_8.Insurance provider-Other reasons (specify)
120,F1,Microdata,V636,qf7c_08,QF7c. Why did you open the account from [insert name of institution]?
120,F1,Microdata,V637,qf7c_08_1,qf7c_08_1.Pension fund administrator-Requirements of employer
120,F1,Microdata,V638,qf7c_08_2,qf7c_08_2.Pension fund administrator-To better transact money
120,F1,Microdata,V639,qf7c_08_3,qf7c_08_3.Pension fund administrator-To save
120,F1,Microdata,V640,qf7c_08_4,qf7c_08_4.Pension fund administrator-Safety of funds
120,F1,Microdata,V641,qf7c_08_5,qf7c_08_5.Pension fund administrator-Money management
120,F1,Microdata,V642,qf7c_08_6,qf7c_08_6.Pension fund administrator-To access credit
120,F1,Microdata,V643,qf7c_08_7,qf7c_08_7.Pension fund administrator-To get government assistance/social protect
120,F1,Microdata,V644,qf7c_08_8,qf7c_08_8.Pension fund administrator-Other reasons (specify)
120,F1,Microdata,V645,qf7c_09,QF7c. Why did you open the account from [insert name of institution]?
120,F1,Microdata,V646,qf7c_09_1,qf7c_09_1.Long-Term Saving Scheme (EJOHEZA)-Requirements of employer
120,F1,Microdata,V647,qf7c_09_2,qf7c_09_2.Long-Term Saving Scheme (EJOHEZA)-To better transact money
120,F1,Microdata,V648,qf7c_09_3,qf7c_09_3.Long-Term Saving Scheme (EJOHEZA)-To save
120,F1,Microdata,V649,qf7c_09_4,qf7c_09_4.Long-Term Saving Scheme (EJOHEZA)-Safety of funds
120,F1,Microdata,V650,qf7c_09_5,qf7c_09_5.Long-Term Saving Scheme (EJOHEZA)-Money management
120,F1,Microdata,V651,qf7c_09_6,qf7c_09_6.Long-Term Saving Scheme (EJOHEZA)-To access credit
120,F1,Microdata,V652,qf7c_09_7,qf7c_09_7.Long-Term Saving Scheme (EJOHEZA)-To get government assistance/social
120,F1,Microdata,V653,qf7c_09_8,qf7c_09_8.Long-Term Saving Scheme (EJOHEZA)-Other reasons (specify)
120,F1,Microdata,V654,qf7c_10,QF7c. Why did you open the account from [insert name of institution]?
120,F1,Microdata,V655,qf7c_10_1,qf7c_10_1.Savings group that you save with or borrow from-Requirements of employ
120,F1,Microdata,V656,qf7c_10_2,qf7c_10_2.Savings group that you save with or borrow from-To better transact mon
120,F1,Microdata,V657,qf7c_10_3,qf7c_10_3.Savings group that you save with or borrow from-To save
120,F1,Microdata,V658,qf7c_10_4,qf7c_10_4.Savings group that you save with or borrow from-Safety of funds
120,F1,Microdata,V659,qf7c_10_5,qf7c_10_5.Savings group that you save with or borrow from-Money management
120,F1,Microdata,V660,qf7c_10_6,qf7c_10_6.Savings group that you save with or borrow from-To access credit
120,F1,Microdata,V661,qf7c_10_7,qf7c_10_7.Savings group that you save with or borrow from-To get government assi
120,F1,Microdata,V662,qf7c_10_8,qf7c_10_8.Savings group that you save with or borrow from-Other reasons (specify
120,F1,Microdata,V663,qf7c_11,QF7c. Why did you open the account from [insert name of institution]?
120,F1,Microdata,V664,qf7c_11_1,qf7c_11_1.Village/community association-Requirements of employer
120,F1,Microdata,V665,qf7c_11_2,qf7c_11_2.Village/community association-To better transact money
120,F1,Microdata,V666,qf7c_11_3,qf7c_11_3.Village/community association-To save
120,F1,Microdata,V667,qf7c_11_4,qf7c_11_4.Village/community association-Safety of funds
120,F1,Microdata,V668,qf7c_11_5,qf7c_11_5.Village/community association-Money management
120,F1,Microdata,V669,qf7c_11_6,qf7c_11_6.Village/community association-To access credit
120,F1,Microdata,V670,qf7c_11_7,qf7c_11_7.Village/community association-To get government assistance/social prot
120,F1,Microdata,V671,qf7c_11_8,qf7c_11_8.Village/community association-Other reasons (specify)
120,F1,Microdata,V672,qf8,QF8. Which of the following ... (refer to QF1 responses) is the most important f
120,F1,Microdata,V673,qf9,QF9. Why do you say ... READ OUT THE RESPONSE IN QF8 ... is the most important f
120,F1,Microdata,V674,qf9_1,qf9_1. Ease of access
120,F1,Microdata,V675,qf9_2,qf9_2. Safety of funds
120,F1,Microdata,V676,qf9_3,qf9_3. Convience
120,F1,Microdata,V677,qf9_4,qf9_4. Cost of products/services/affordability
120,F1,Microdata,V678,qf9_5,qf9_5. Availability
120,F1,Microdata,V679,qf9_6,qf9_6. Trust
120,F1,Microdata,V680,qf9_7,qf9_7. Access to loans
120,F1,Microdata,V681,qf9_8,qf9_8. Returns/interest on investment/savings
120,F1,Microdata,V682,qf9_9,qf9_9. Speed of transactions
120,F1,Microdata,V683,qf9_10,qf9_10. Other specify
120,F1,Microdata,V684,uf1_01_1,Use Commercial bank account- belong to someone else
120,F1,Microdata,V685,uf1_01_2,Use Commercial bank account- belong to a group account
120,F1,Microdata,V686,uf1_02_1,f1_02_1.use Digital bank's account- belong to someone else
120,F1,Microdata,V687,uf1_02_2,f1_02_2.use Digital bank's account- belong to a group account
120,F1,Microdata,V688,uf1_03_1,f1_03_1.use Microfinance institution (non-umurenge)'s account- belong to someone
120,F1,Microdata,V689,uf1_03_2,f1_03_2. Use Microfinance institution (non-umurenge)'s- belong to a group accoun
120,F1,Microdata,V690,uf1_04_1,f1_04_1.use Non-Deposit Taking Lending Financial's account- belong to someone el
120,F1,Microdata,V691,uf1_04_2,f1_04_2.use Non-Deposit Taking Lending Financial's account- belong to a group ac
120,F1,Microdata,V692,uf1_05_1,f1_05_1.use Mobile money operator's account- belong to someone else
120,F1,Microdata,V693,uf1_05_2,f1_05_2.use Mobile money operator's account- belong to a group account
120,F1,Microdata,V694,uf1_06_1,f1_06_1.use Umurenge SACCO's - belong to someone else
120,F1,Microdata,V695,uf1_06_2,f1_06_2.use Umurenge SACCO's account- belong to a group account
120,F1,Microdata,V696,uf1_07_1,f1_07_1.use Insurance provider's account- belong to someone else
120,F1,Microdata,V697,uf1_07_2,f1_07_2.use Insurance provider's account- belong to a group account
120,F1,Microdata,V698,uf1_08_1,f1_08_1.use Pension fund administrator's account - belong to someone else
120,F1,Microdata,V699,uf1_08_2,f1_08_2.use Pension fund administrator's account - belong to a group account
120,F1,Microdata,V700,uf1_09_1,f1_09_1.use Long-Term Saving Scheme (EJOHEZA)'s account - belong to someone els
120,F1,Microdata,V701,uf1_09_2,f1_09_2.use Long-Term Saving Scheme (EJOHEZA)'s account - belong to a group acc
120,F1,Microdata,V702,uf1_10_1,f1_10_1.use Savings group/ borrow from's account - belong to someone else
120,F1,Microdata,V703,uf1_10_2,f1_10_2.use Savings group/ borrow from's account - belong to a group account
120,F1,Microdata,V704,uf1_11_1,f1_11_1.use Savings Village/community association's account - belong to someone
120,F1,Microdata,V705,uf1_11_2,f1_11_2.use Savings Village/community association's account - belong to a group
120,F1,Microdata,V706,uf2_01,uf2. When did you open an account with - Commercial Bank
120,F1,Microdata,V707,uf2_02,uf2. When did you open an account with - Digital bank
120,F1,Microdata,V708,uf2_03,uf2. When did you open an account with - Microfinance institution (non-umurenge)
120,F1,Microdata,V709,uf2_04,uf2. When did you open an account with - Non-Deposit Taking Lending Financial (N
120,F1,Microdata,V710,uf2_05,uf2. When did you open an account with - Mobile money operator
120,F1,Microdata,V711,uf2_06,uf2. When did you open an account with - Umurenge SACCO
120,F1,Microdata,V712,uf2_07,uf2. When did you open an account with - Insurance provider
120,F1,Microdata,V713,uf2_08,uf2. When did you open an account with - Pension fund administrator
120,F1,Microdata,V714,uf2_09,uf2. When did you open an account with - Long-Term Saving Scheme (EJOHEZA)
120,F1,Microdata,V715,uf2_10,uf2. When did you open an account with - Savings group that you save with or bor
120,F1,Microdata,V716,uf2_11,uf2. When did you open an account with - Village/community association
120,F1,Microdata,V717,uf3_01_1,uf3_01.Documents required when opened: National ID card_Commercial Bank
120,F1,Microdata,V718,uf3_01_2,uf3_01. Documents required when opened: Refugee ID_Commercial Bank
120,F1,Microdata,V719,uf3_01_3,uf3_01. Documents required when opened: International passport_Commercial Bank
120,F1,Microdata,V720,uf3_01_4,uf3_01. Documents required when opened: Driver's license_Commercial Bank
120,F1,Microdata,V721,uf3_01_5,uf3_01. Documents required when opened: Voter's card_Commercial Bank
120,F1,Microdata,V722,uf3_01_6,uf3_01. Documents required when opened: Passport photograph_Commercial Bank
120,F1,Microdata,V723,uf3_01_7,uf3_01. Documents required when opened: Completed application form_Commercial Ba
120,F1,Microdata,V724,uf3_01_8,uf3_01. Documents required when opened: Completed reference form_Commercial Bank
120,F1,Microdata,V725,uf3_01_9,uf3_01. Documents required when opened: Proof of address_Commercial Bank
120,F1,Microdata,V726,uf3_01_10,uf3_01. Documents required when opened: Mobile phone number_Commercial Bank
120,F1,Microdata,V727,uf3_01_11,uf3_01. Documents required when opened: Email address_Commercial Bank
120,F1,Microdata,V728,uf3_01_12,uf3_01. Documents required when opened: Bank account details_Commercial Bank
120,F1,Microdata,V729,uf3_01_13,uf3_01. Documents required when opened: Income slip_Commercial Bank
120,F1,Microdata,V730,uf3_01_14,uf3_01. Documents required when opened: Name and address but no document was req
120,F1,Microdata,V731,uf3_01_15,uf3_01. Documents required when opened: Asylum seeker_Commercial Bank
120,F1,Microdata,V732,uf3_01_16,uf3_01. Documents required when opened: Other_Commercial Bank
120,F1,Microdata,V733,uf3_01_17,uf3_01. Documents required when opened: Don't know/Can't remember_Commercial Ban
120,F1,Microdata,V734,uf3_02_1,uf3_02.Documents required when opened: National ID card_Digital bank
120,F1,Microdata,V735,uf3_02_2,uf3_02. Documents required when opened: Refugee ID_Digital bank
120,F1,Microdata,V736,uf3_02_3,uf3_02. Documents required when opened: International passport_Digital bank
120,F1,Microdata,V737,uf3_02_4,uf3_02. Documents required when opened: Driver's license_Digital bank
120,F1,Microdata,V738,uf3_02_5,uf3_02. Documents required when opened: Voter's card_Digital bank
120,F1,Microdata,V739,uf3_02_6,uf3_02. Documents required when opened: Passport photograph_Digital bank
120,F1,Microdata,V740,uf3_02_7,uf3_02. Documents required when opened: Completed application form_Digital bank
120,F1,Microdata,V741,uf3_02_8,uf3_01. Documents required when opened: Completed reference form_Digital bank
120,F1,Microdata,V742,uf3_02_9,uf3_02. Documents required when opened: Proof of address_Digital bank
120,F1,Microdata,V743,uf3_02_10,uf3_02. Documents required when opened: Mobile phone number_Digital bank
120,F1,Microdata,V744,uf3_02_11,uf3_02. Documents required when opened: Email address_Digital bank
120,F1,Microdata,V745,uf3_02_12,uf3_02. Documents required when opened: Bank account details_Digital bank
120,F1,Microdata,V746,uf3_02_13,uf3_02. Documents required when opened: Income slip_Digital bank
120,F1,Microdata,V747,uf3_02_14,uf3_02. Documents required when opened: Name and address but no document was req
120,F1,Microdata,V748,uf3_02_15,uf3_02. Documents required when opened: Asylum seeker_Digital bank
120,F1,Microdata,V749,uf3_02_16,uf3_02. Documents required when opened: Other_Digital bank
120,F1,Microdata,V750,uf3_02_17,uf3_02. Documents required when opened: Don't know/Can't remember_Digital bank
120,F1,Microdata,V751,uf3_03_1,uf3_03.Documents required when opened: National ID card_Microfinance institution
120,F1,Microdata,V752,uf3_03_2,uf3_03. Documents required when opened: Refugee ID_Microfinance institution (non
120,F1,Microdata,V753,uf3_03_3,uf3_03. Documents required when opened: International passport_Microfinance inst
120,F1,Microdata,V754,uf3_03_4,uf3_03. Documents required when opened: Driver's license_Microfinance institutio
120,F1,Microdata,V755,uf3_03_5,uf3_03. Documents required when opened: Voter's card_Microfinance institution (n
120,F1,Microdata,V756,uf3_03_6,uf3_03. Documents required when opened: Passport photograph_Microfinance institu
120,F1,Microdata,V757,uf3_03_7,uf3_03. Documents required when opened: Completed application form_Microfinance
120,F1,Microdata,V758,uf3_03_8,uf3_03. Documents required when opened: Completed reference form_Microfinance in
120,F1,Microdata,V759,uf3_03_9,uf3_03. Documents required when opened: Proof of address_Microfinance institutio
120,F1,Microdata,V760,uf3_03_10,uf3_03. Documents required when opened: Mobile phone number_Microfinance institu
120,F1,Microdata,V761,uf3_03_11,uf3_03. Documents required when opened: Email address_Microfinance institution (
120,F1,Microdata,V762,uf3_03_12,uf3_03. Documents required when opened: Bank account details_Microfinance instit
120,F1,Microdata,V763,uf3_03_13,uf3_03. Documents required when opened: Income slip_Microfinance institution (no
120,F1,Microdata,V764,uf3_03_14,uf3_03. Documents required when opened: Name and address but no document was req
120,F1,Microdata,V765,uf3_03_15,uf3_03. Documents required when opened: Asylum seeker_Microfinance institution (
120,F1,Microdata,V766,uf3_03_16,uf3_03. Documents required when opened: Other_Microfinance institution (non-umur
120,F1,Microdata,V767,uf3_03_17,uf3_03. Documents required when opened: Don't know/Can't remember_Microfinance i
120,F1,Microdata,V768,uf3_04_1,uf3_04.Documents required when opened: National ID card_Non-Deposit Taking Lendi
120,F1,Microdata,V769,uf3_04_2,uf3_04. Documents required when opened: Refugee ID_Non-Deposit Taking Lending Fi
120,F1,Microdata,V770,uf3_04_3,uf3_04. Documents required when opened: International passport_Non-Deposit Takin
120,F1,Microdata,V771,uf3_04_4,uf3_04. Documents required when opened: Driver's license_Non-Deposit Taking Lend
120,F1,Microdata,V772,uf3_04_5,uf3_04. Documents required when opened: Voter's card_Non-Deposit Taking Lending
120,F1,Microdata,V773,uf3_04_6,uf3_04. Documents required when opened: Passport photograph_Non-Deposit Taking L
120,F1,Microdata,V774,uf3_04_7,uf3_04. Documents required when opened: Completed application form_Non-Deposit T
120,F1,Microdata,V775,uf3_04_8,uf3_04. Documents required when opened: Completed reference form_Non-Deposit Tak
120,F1,Microdata,V776,uf3_04_9,uf3_04. Documents required when opened: Proof of address_Non-Deposit Taking Lend
120,F1,Microdata,V777,uf3_04_10,uf3_04. Documents required when opened: Mobile phone number_Non-Deposit Taking L
120,F1,Microdata,V778,uf3_04_11,uf3_04. Documents required when opened: Email address_Non-Deposit Taking Lending
120,F1,Microdata,V779,uf3_04_12,uf3_04. Documents required when opened: Bank account details_Non-Deposit Taking
120,F1,Microdata,V780,uf3_04_13,uf3_04. Documents required when opened: Income slip_Non-Deposit Taking Lending F
120,F1,Microdata,V781,uf3_04_14,uf3_04. Documents required when opened: Name and address but no document was req
120,F1,Microdata,V782,uf3_04_15,uf3_04. Documents required when opened: Asylum seeker_Non-Deposit Taking Lending
120,F1,Microdata,V783,uf3_04_16,uf3_04. Documents required when opened: Other_Non-Deposit Taking Lending Financi
120,F1,Microdata,V784,uf3_04_17,uf3_04. Documents required when opened: Don't know/Can't remember_Non-Deposit Ta
120,F1,Microdata,V785,uf3_05_1,uf3_05.Documents required when opened: National ID card_Mobile money operator
120,F1,Microdata,V786,uf3_05_2,uf3_05. Documents required when opened: Refugee ID_Mobile money operator
120,F1,Microdata,V787,uf3_05_3,uf3_05. Documents required when opened: International passport_Mobile money oper
120,F1,Microdata,V788,uf3_05_4,uf3_05. Documents required when opened: Driver's license_Mobile money operator
120,F1,Microdata,V789,uf3_05_5,uf3_05. Documents required when opened: Voter's card_Mobile money operator
120,F1,Microdata,V790,uf3_05_6,uf3_05. Documents required when opened: Passport photograph_Mobile money operato
120,F1,Microdata,V791,uf3_05_7,uf3_05. Documents required when opened: Completed application form_Mobile money
120,F1,Microdata,V792,uf3_05_8,uf3_05. Documents required when opened: Completed reference form_Mobile money op
120,F1,Microdata,V793,uf3_05_9,uf3_05. Documents required when opened: Proof of address_Non-Deposit Taking Lend
120,F1,Microdata,V794,uf3_05_10,uf3_05. Documents required when opened: Mobile phone number_Mobile money operato
120,F1,Microdata,V795,uf3_05_11,uf3_05. Documents required when opened: Email address_Mobile money operator
120,F1,Microdata,V796,uf3_05_12,uf3_05. Documents required when opened: Bank account details_Mobile money operat
120,F1,Microdata,V797,uf3_05_13,uf3_05. Documents required when opened: Income slip_Mobile money operator
120,F1,Microdata,V798,uf3_05_14,uf3_05. Documents required when opened: Name and address but no document was req
120,F1,Microdata,V799,uf3_05_15,uf3_05. Documents required when opened: Asylum seeker_Mobile money operator
120,F1,Microdata,V800,uf3_05_16,uf3_05. Documents required when opened: Other_Mobile money operator
120,F1,Microdata,V801,uf3_05_17,uf3_05. Documents required when opened: Don't know/Can't remember_Mobile money o
120,F1,Microdata,V802,uf3_06_1,uf3_06.Documents required when opened: National ID card_Umurenge SACCO
120,F1,Microdata,V803,uf3_06_2,uf3_06. Documents required when opened: Refugee ID_Umurenge SACCO
120,F1,Microdata,V804,uf3_06_3,uf3_06. Documents required when opened: International passport_Umurenge SACCO
120,F1,Microdata,V805,uf3_06_4,uf3_06. Documents required when opened: Driver's license_Umurenge SACCO
120,F1,Microdata,V806,uf3_06_5,uf3_06. Documents required when opened: Voter's card_Umurenge SACCO
120,F1,Microdata,V807,uf3_06_6,uf3_06. Documents required when opened: Passport photograph_Umurenge SACCO
120,F1,Microdata,V808,uf3_06_7,uf3_06. Documents required when opened: Completed application form_Umurenge SACC
120,F1,Microdata,V809,uf3_06_8,uf3_06. Documents required when opened: Completed reference form_Umurenge SACCO
120,F1,Microdata,V810,uf3_06_9,uf3_06. Documents required when opened: Proof of address_Non-Deposit Taking Lend
120,F1,Microdata,V811,uf3_06_10,uf3_06. Documents required when opened: Mobile phone number_Umurenge SACCO
120,F1,Microdata,V812,uf3_06_11,uf3_06. Documents required when opened: Email address_Umurenge SACCO
120,F1,Microdata,V813,uf3_06_12,uf3_06. Documents required when opened: Bank account details_Umurenge SACCO
120,F1,Microdata,V814,uf3_06_13,uf3_06. Documents required when opened: Income slip_Umurenge SACCO
120,F1,Microdata,V815,uf3_06_14,uf3_06. Documents required when opened: Name and address but no document was req
120,F1,Microdata,V816,uf3_06_15,uf3_06. Documents required when opened: Asylum seeker_Umurenge SACCO
120,F1,Microdata,V817,uf3_06_16,uf3_06. Documents required when opened: Other_Umurenge SACCO
120,F1,Microdata,V818,uf3_06_17,uf3_06. Documents required when opened: Don't know/Can't remember_Umurenge SACCO
120,F1,Microdata,V819,uf3_07_1,uf3_07.Documents required when opened: National ID card_Insurance provider
120,F1,Microdata,V820,uf3_07_2,uf3_07. Documents required when opened: Refugee ID_Insurance provider
120,F1,Microdata,V821,uf3_07_3,uf3_07. Documents required when opened: International passport_Insurance provide
120,F1,Microdata,V822,uf3_07_4,uf3_07. Documents required when opened: Driver's license_Insurance provider
120,F1,Microdata,V823,uf3_07_5,uf3_07. Documents required when opened: Voter's card_Insurance provider
120,F1,Microdata,V824,uf3_07_6,uf3_07. Documents required when opened: Passport photograph_Insurance provider
120,F1,Microdata,V825,uf3_07_7,uf3_07. Documents required when opened: Completed application form_Insurance pro
120,F1,Microdata,V826,uf3_07_8,uf3_07. Documents required when opened: Completed reference form_Insurance provi
120,F1,Microdata,V827,uf3_07_9,uf3_07. Documents required when opened: Proof of address_Non-Deposit Taking Lend
120,F1,Microdata,V828,uf3_07_10,uf3_07. Documents required when opened: Mobile phone number_Insurance provider
120,F1,Microdata,V829,uf3_07_11,uf3_07. Documents required when opened: Email address_Insurance provider
120,F1,Microdata,V830,uf3_07_12,uf3_07. Documents required when opened: Bank account details_Insurance provider
120,F1,Microdata,V831,uf3_07_13,uf3_07. Documents required when opened: Income slip_Insurance provider
120,F1,Microdata,V832,uf3_07_14,uf3_07. Documents required when opened: Name and address but no document was req
120,F1,Microdata,V833,uf3_07_15,uf3_07. Documents required when opened: Asylum seeker_Insurance provider
120,F1,Microdata,V834,uf3_07_16,uf3_07. Documents required when opened: Other_Insurance provider
120,F1,Microdata,V835,uf3_07_17,uf3_07. Documents required when opened: Don't know/Can't remember_Insurance prov
120,F1,Microdata,V836,uf3_08_1,uf3_08.Documents required when opened: National ID card_Pension fund administrat
120,F1,Microdata,V837,uf3_08_2,uf3_08. Documents required when opened: Refugee ID_Pension fund administrator
120,F1,Microdata,V838,uf3_08_3,uf3_08. Documents required when opened: International passport_Pension fund admi
120,F1,Microdata,V839,uf3_08_4,uf3_08. Documents required when opened: Driver's license_Pension fund administra
120,F1,Microdata,V840,uf3_08_5,uf3_08. Documents required when opened: Voter's card_Pension fund administrator
120,F1,Microdata,V841,uf3_08_6,uf3_08. Documents required when opened: Passport photograph_Pension fund adminis
120,F1,Microdata,V842,uf3_08_7,uf3_08. Documents required when opened: Completed application form_Pension fund
120,F1,Microdata,V843,uf3_08_8,uf3_08. Documents required when opened: Completed reference form_Pension fund ad
120,F1,Microdata,V844,uf3_08_9,uf3_08. Documents required when opened: Proof of address_Non-Deposit Taking Lend
120,F1,Microdata,V845,uf3_08_10,uf3_08. Documents required when opened: Mobile phone number_Pension fund adminis
120,F1,Microdata,V846,uf3_08_11,uf3_08. Documents required when opened: Email address_Pension fund administrator
120,F1,Microdata,V847,uf3_08_12,uf3_08. Documents required when opened: Bank account details_Pension fund admini
120,F1,Microdata,V848,uf3_08_13,uf3_08. Documents required when opened: Income slip_Pension fund administrator
120,F1,Microdata,V849,uf3_08_14,uf3_08. Documents required when opened: Name and address but no document was req
120,F1,Microdata,V850,uf3_08_15,uf3_08. Documents required when opened: Asylum seeker_Pension fund administrator
120,F1,Microdata,V851,uf3_08_16,uf3_08. Documents required when opened: Other_Pension fund administrator
120,F1,Microdata,V852,uf3_08_17,uf3_08. Documents required when opened: Don't know/Can't remember_Pension fund a
120,F1,Microdata,V853,uf3_09_1,uf3_09.Documents required when opened: National ID card_Long-Term Saving Scheme
120,F1,Microdata,V854,uf3_09_2,uf3_09. Documents required when opened: Refugee ID_Long-Term Saving Scheme (EJOH
120,F1,Microdata,V855,uf3_09_3,uf3_09. Documents required when opened: International passport_Long-Term Saving
120,F1,Microdata,V856,uf3_09_4,uf3_09. Documents required when opened: Driver's license_Long-Term Saving Scheme
120,F1,Microdata,V857,uf3_09_5,uf3_09. Documents required when opened: Voter's card_Long-Term Saving Scheme (EJ
120,F1,Microdata,V858,uf3_09_6,uf3_09. Documents required when opened: Passport photograph_Long-Term Saving Sch
120,F1,Microdata,V859,uf3_09_7,uf3_09. Documents required when opened: Completed application form_Long-Term Sav
120,F1,Microdata,V860,uf3_09_8,uf3_09. Documents required when opened: Completed reference form_Long-Term Savin
120,F1,Microdata,V861,uf3_09_9,uf3_09. Documents required when opened: Proof of address_Non-Deposit Taking Lend
120,F1,Microdata,V862,uf3_09_10,uf3_09. Documents required when opened: Mobile phone number_Long-Term Saving Sch
120,F1,Microdata,V863,uf3_09_11,uf3_09. Documents required when opened: Email address_Long-Term Saving Scheme (E
120,F1,Microdata,V864,uf3_09_12,uf3_09. Documents required when opened: Bank account details_Long-Term Saving Sc
120,F1,Microdata,V865,uf3_09_13,uf3_09. Documents required when opened: Income slip_Long-Term Saving Scheme (EJO
120,F1,Microdata,V866,uf3_09_14,uf3_09. Documents required when opened: Name and address but no document was req
120,F1,Microdata,V867,uf3_09_15,uf3_09. Documents required when opened: Asylum seeker_Long-Term Saving Scheme (E
120,F1,Microdata,V868,uf3_09_16,uf3_09. Documents required when opened: Other_Long-Term Saving Scheme (EJOHEZA)
120,F1,Microdata,V869,uf3_09_17,uf3_09. Documents required when opened: Don't know/Can't remember_Long-Term Savi
120,F1,Microdata,V870,uf3_10_1,uf3_10.Documents required when opened: National ID card_Savings group that you s
120,F1,Microdata,V871,uf3_10_2,uf3_10. Documents required when opened: Refugee ID_Savings group that you save w
120,F1,Microdata,V872,uf3_10_3,uf3_10. Documents required when opened: International passport_Savings group tha
120,F1,Microdata,V873,uf3_10_4,uf3_10. Documents required when opened: Driver's license_Savings group that you
120,F1,Microdata,V874,uf3_10_5,uf3_10. Documents required when opened: Voter's card_Savings group that you save
120,F1,Microdata,V875,uf3_10_6,uf3_10. Documents required when opened: Passport photograph_Savings group that y
120,F1,Microdata,V876,uf3_10_7,uf3_10. Documents required when opened: Completed application form_Savings group
120,F1,Microdata,V877,uf3_10_8,uf3_10. Documents required when opened: Completed reference form_Savings group t
120,F1,Microdata,V878,uf3_10_9,uf3_10. Documents required when opened: Proof of address_Non-Deposit Taking Lend
120,F1,Microdata,V879,uf3_10_10,uf3_10. Documents required when opened: Mobile phone number_Savings group that y
120,F1,Microdata,V880,uf3_10_11,uf3_10. Documents required when opened: Email address_Savings group that you sav
120,F1,Microdata,V881,uf3_10_12,uf3_10. Documents required when opened: Bank account details_Savings group that
120,F1,Microdata,V882,uf3_10_13,uf3_10. Documents required when opened: Income slip_Savings group that you save
120,F1,Microdata,V883,uf3_10_14,uf3_10. Documents required when opened: Name and address but no document was req
120,F1,Microdata,V884,uf3_10_15,uf3_10. Documents required when opened: Asylum seeker_Savings group that you sav
120,F1,Microdata,V885,uf3_10_16,uf3_10. Documents required when opened: Other_Savings group that you save with o
120,F1,Microdata,V886,uf3_10_17,uf3_10. Documents required when opened: Don't know/Can't remember_Savings group
120,F1,Microdata,V887,uf3_11_1,uf3_11.Documents required when opened: National ID card_Village/community associ
120,F1,Microdata,V888,uf3_11_2,uf3_11. Documents required when opened: Refugee ID_Village/community association
120,F1,Microdata,V889,uf3_11_3,uf3_11. Documents required when opened: International passport_Village/community
120,F1,Microdata,V890,uf3_11_4,uf3_11. Documents required when opened: Driver's license_Village/community assoc
120,F1,Microdata,V891,uf3_11_5,uf3_11. Documents required when opened: Voter's card_Village/community associati
120,F1,Microdata,V892,uf3_11_6,uf3_11. Documents required when opened: Passport photograph_Village/community as
120,F1,Microdata,V893,uf3_11_7,uf3_11. Documents required when opened: Completed application form_Village/commu
120,F1,Microdata,V894,uf3_11_8,uf3_11. Documents required when opened: Completed reference form_Village/communi
120,F1,Microdata,V895,uf3_11_9,uf3_11. Documents required when opened: Proof of address_Non-Deposit Taking Lend
120,F1,Microdata,V896,uf3_11_10,uf3_11. Documents required when opened: Mobile phone number_Village/community as
120,F1,Microdata,V897,uf3_11_11,uf3_11. Documents required when opened: Email address_Village/community associat
120,F1,Microdata,V898,uf3_11_12,uf3_11. Documents required when opened: Bank account details_Village/community a
120,F1,Microdata,V899,uf3_11_13,uf3_11. Documents required when opened: Income slip_Village/community associatio
120,F1,Microdata,V900,uf3_11_14,uf3_11. Documents required when opened: Name and address but no document was req
120,F1,Microdata,V901,uf3_11_15,uf3_11. Documents required when opened: Asylum seeker_Village/community associat
120,F1,Microdata,V902,uf3_11_16,uf3_11. Documents required when opened: Other_Village/community association
120,F1,Microdata,V903,uf3_11_17,uf3_11. Documents required when opened: Don't know/Can't remember_Village/commun
120,F1,Microdata,V904,uf4_01_1,uf4. Savings accounts with-Commercial bank
120,F1,Microdata,V905,uf4_01_2,uf4. Current accounts with-Commercial bank
120,F1,Microdata,V906,uf4_01_3,uf4. Fixed deposits with-Commercial bank
120,F1,Microdata,V907,uf4_01_4,uf4. Outstanding loans with-Commercial bank
120,F1,Microdata,V908,uf4_01_5,uf4. Other with-Commercial bank
120,F1,Microdata,V909,uf4_02_1,uf4. Savings accounts with-Digital bank
120,F1,Microdata,V910,uf4_02_2,uf4. Current accounts with-Digital bank
120,F1,Microdata,V911,uf4_02_3,uf4. Fixed deposits with-Digital bank
120,F1,Microdata,V912,uf4_02_4,uf4. Outstanding loans with-Digital bank
120,F1,Microdata,V913,uf4_02_5,uf4. Other with-Digital bank
120,F1,Microdata,V914,uf4_03_1,uf4. Savings accounts with-Microfinance institution
120,F1,Microdata,V915,uf4_03_2,uf4. Current accounts with-Microfinance institution
120,F1,Microdata,V916,uf4_03_3,uf4. Fixed deposits with-Microfinance institution
120,F1,Microdata,V917,uf4_03_4,uf4. Outstanding loans with-Microfinance institution
120,F1,Microdata,V918,uf4_03_5,uf4. Other with-Microfinance institution
120,F1,Microdata,V919,uf4_04_1,uf4. Savings accounts with-Non Deposit Taking Lending Financial (NDFI)
120,F1,Microdata,V920,uf4_04_2,uf4. Current accounts with-Non Deposit Taking Lending Financial (NDFI)
120,F1,Microdata,V921,uf4_04_3,uf4. Fixed deposits with-Non Deposit Taking Lending Financial (NDFI)
120,F1,Microdata,V922,uf4_04_4,uf4. Outstanding loans with-Non Deposit Taking Lending Financial (NDFI)
120,F1,Microdata,V923,uf4_04_5,uf4. Other with-Non Deposit Taking Lending Financial (NDFI)
120,F1,Microdata,V924,uf4_05_1,uf4. Savings accounts with-Mobile money operatorr
120,F1,Microdata,V925,uf4_05_2,uf4. Current accounts with-Mobile money operator
120,F1,Microdata,V926,uf4_05_3,uf4. Fixed deposits with-Mobile money operator
120,F1,Microdata,V927,uf4_05_4,uf4. Outstanding loans with-Mobile money operator
120,F1,Microdata,V928,uf4_05_5,uf4. Other with-Mobile money operator
120,F1,Microdata,V929,uf4_06_1,uf4. Savings accounts with-Umurenge SACCO
120,F1,Microdata,V930,uf4_06_2,uf4. Current accounts with-Umurenge SACCO
120,F1,Microdata,V931,uf4_06_3,uf4. Fixed deposits with-Umurenge SACCO
120,F1,Microdata,V932,uf4_06_4,uf4. Outstanding loans with-Umurenge SACCO
120,F1,Microdata,V933,uf4_06_5,uf4. Other with-Umurenge SACCO
120,F1,Microdata,V934,uf4_07_1,uf4. Savings accounts with-Insurance provider
120,F1,Microdata,V935,uf4_07_2,uf4. Current accounts with-Insurance provider
120,F1,Microdata,V936,uf4_07_3,uf4. Fixed deposits with-Insurance provider
120,F1,Microdata,V937,uf4_07_4,uf4. Outstanding loans with-Insurance provider
120,F1,Microdata,V938,uf4_07_5,uf4. Other with-Insurance provider
120,F1,Microdata,V939,uf4_08_1,uf4. Savings accounts with-Pension fund administrator
120,F1,Microdata,V940,uf4_08_2,uf4. Current accounts with-Pension fund administrator
120,F1,Microdata,V941,uf4_08_3,uf4. Fixed deposits with-Pension fund administrator
120,F1,Microdata,V942,uf4_08_4,uf4. Outstanding loans with-Pension fund administrator
120,F1,Microdata,V943,uf4_08_5,uf4. Other with-Pension fund administrator
120,F1,Microdata,V944,uf4_09_1,uf4. Savings accounts with-Long Term Saving Scheme (EJOHEZA)
120,F1,Microdata,V945,uf4_09_2,uf4. Current accounts with-Long Term Saving Scheme (EJOHEZA)
120,F1,Microdata,V946,uf4_09_3,uf4. Fixed deposits with-Long Term Saving Scheme (EJOHEZA)
120,F1,Microdata,V947,uf4_09_4,uf4. Outstanding loans with-Long Term Saving Scheme (EJOHEZA)
120,F1,Microdata,V948,uf4_09_5,uf4. Other with-Long Term Saving Scheme (EJOHEZA)
120,F1,Microdata,V949,uf4_10_1,uf4. Savings accounts with-Savings group that you save with or borrow from
120,F1,Microdata,V950,uf4_10_2,uf4. Current accounts with-Savings group that you save with or borrow from
120,F1,Microdata,V951,uf4_10_3,uf4. Fixed deposits with-Savings group that you save with or borrow from
120,F1,Microdata,V952,uf4_10_4,uf4. Outstanding loans with-Savings group that you save with or borrow from
120,F1,Microdata,V953,uf4_10_5,uf4. Other with-Savings group that you save with or borrow from
120,F1,Microdata,V954,uf4_11_1,uf4. Savings accounts with-Village/community association
120,F1,Microdata,V955,uf4_11_2,uf4. Current accounts with-Village/community association
120,F1,Microdata,V956,uf4_11_3,uf4. Fixed deposits with-Village/community association
120,F1,Microdata,V957,uf4_11_4,uf4. Outstanding loans with-Village/community association
120,F1,Microdata,V958,uf4_11_5,uf4. Other with-Village/community association
120,F1,Microdata,V959,uf5,uf5. If you have a problem with your financial institution that you cannot resol
120,F1,Microdata,V960,g1,G1. People have different ways of describing what it means to save. Which of the
120,F1,Microdata,V961,g2,Which of the following statements are true for you?
120,F1,Microdata,V962,g2_1,g2. You save for difficult times - even if your income is low
120,F1,Microdata,V963,g2_2,g2. You believe it is better to save where your money is safe than to take risks
120,F1,Microdata,V964,g2_3,g2. You save or put money away for a specific purpose and you do not use it for
120,F1,Microdata,V965,g2_4,"g2. You save or put money away for a specific purpose, but you end up using it b"
120,F1,Microdata,V966,g2_5,g2. You know about different retirement products or packages
120,F1,Microdata,V967,g3,G3. What is the shortest time for you to put money aside for it to count as savi
120,F1,Microdata,V968,g3a,G3a. Please tell me which of the following do you have?
120,F1,Microdata,V969,g3a_01,g3a. Saving with - Commercial bank
120,F1,Microdata,V970,g3a_02,g3a. Saving with - MFI or a non-umurenge SACCO
120,F1,Microdata,V971,g3a_03,g3a. Saving through - Mobile Money account
120,F1,Microdata,V972,g3a_04,g3a. Saving through - Insurance for education
120,F1,Microdata,V973,g3a_05,g3a. Saving through - Ejo Heza Fund
120,F1,Microdata,V974,g3a_06,g3a. Saving through - Iterambere Fund (RNIT)
120,F1,Microdata,V975,g3a_07,"g3a. Saving through - Private pension like RSSB, Ituze..."
120,F1,Microdata,V976,g3a_08,g3a. Saving with - Saving_Umurenge SACCO
120,F1,Microdata,V977,g3a_09,g3a. Saving through - Saving_capital/stock market
120,F1,Microdata,V978,g3a_10,g3a. Saving with - Pension fund/provident fund
120,F1,Microdata,V979,g3a_11,"g3a. Saving with - a group such as a coop, VSLA, tontine, ikibina"
120,F1,Microdata,V980,g3a_12,g3a. Saving through - someone in community who keeps it safe for you
120,F1,Microdata,V981,g3a_13,g3a. Saving with - someone in household/family who keeps it safe for you
120,F1,Microdata,V982,g3a_14,g3a. Saving through buy things to sell later
120,F1,Microdata,V983,g3a_15,g3a. Saving in a secret place at home
120,F1,Microdata,V984,g3a_16,g3a. Saving - Other mechanism not mentioned
120,F1,Microdata,V985,g3a_17,g3a. Saving with - Do not save
120,F1,Microdata,V986,g3b,G3b. With which institution(s) do you have ??
120,F1,Microdata,V987,g3b_1,g3b. With-Access bank Rwanda
120,F1,Microdata,V988,g3b_2,g3b. With-Bank of Kigali
120,F1,Microdata,V989,g3b_3,g3b. With-Banque de l'Habitat du Rwanda
120,F1,Microdata,V990,g3b_4,g3b. With-BPR Bank Rwanda Plc
120,F1,Microdata,V991,g3b_5,g3b. With-Commercial Bank of Rwanda
120,F1,Microdata,V992,g3b_6,g3b. With-Compagnie GÃ©nÃ©rale de Banque
120,F1,Microdata,V993,g3b_7,g3b. With-Ecobank
120,F1,Microdata,V994,g3b_8,g3b. With-Equity Bank
120,F1,Microdata,V995,g3b_9,g3b. With-Fina Bank
120,F1,Microdata,V996,g3b_10,g3b. With-I&M Bank Rwanda
120,F1,Microdata,V997,g3b_11,g3b. With-Kenya Commercial Bank
120,F1,Microdata,V998,g3b_12,g3b. With-National Bank of Rwanda
120,F1,Microdata,V999,g3b_13,g3b. With-Rwanda Development Bank
120,F1,Microdata,V1000,g3b_14,g3b. With-Urwego Opportunity Bank (UOB)
120,F1,Microdata,V1001,g3b_15,g3b. With-MTN
120,F1,Microdata,V1002,g3b_16,g3b. With-Airtel Rwanda
120,F1,Microdata,V1003,g4a,G4a. Which of these ways of saving suits you best?
120,F1,Microdata,V1004,g4b,G4b. What is the main reason why you save in this way
120,F1,Microdata,V1005,g5,G5. To what extent do you agree or disagree that [main saving device in G4a] hel
120,F1,Microdata,V1006,g6,G6. What is your main reason for saving or putting money away for?
120,F1,Microdata,V1007,g7,G7. How often do you save [main saving device in G4a]?
120,F1,Microdata,V1008,g8,G8:How much did you save the last time
120,F1,Microdata,V1009,g9,G9. Reason for Not saving
120,F1,Microdata,V1010,g9_1,g9. Never thought about it
120,F1,Microdata,V1011,g9_2,g9. I prefer to spend money on other things I need more
120,F1,Microdata,V1012,g9_3,"g9. I prefer to invest in other things e.g., property, livestock"
120,F1,Microdata,V1013,g9_4,"g9. My children will look after me, so I don?t need it"
120,F1,Microdata,V1014,g9_5,"g9. I save in other ways e.g., keep cash at home"
120,F1,Microdata,V1015,g9_6,g9. I won't be able to access my money if I need it
120,F1,Microdata,V1016,g9_7,g9. I don't want to save
120,F1,Microdata,V1017,g9_8,g9. I don't need to save
120,F1,Microdata,V1018,g9_9,g9. Don't know about investment and savings
120,F1,Microdata,V1019,g9_10,g9. I don't have money to save or invest
120,F1,Microdata,V1020,g9_11,g9. I do not have a bank account
120,F1,Microdata,V1021,g9_12,g9. It is too expensive
120,F1,Microdata,V1022,g9_13,g9. I don't have a job
120,F1,Microdata,V1023,g9_14,g9. Do not understand the investment/savings products
120,F1,Microdata,V1024,g9_15,g9. There are too many to choose from so I get confused
120,F1,Microdata,V1025,g9_16,g9. Don't know
120,F1,Microdata,V1026,g9_17,g9. Other (Specify)
120,F1,Microdata,V1027,g10,Ways to save money other than putting cash aside
120,F1,Microdata,V1028,g10_1,G10_1.Other types of savings - Property (a building/house)
120,F1,Microdata,V1029,g10_2,G10_2.Other types of savings - Land
120,F1,Microdata,V1030,g10_3,G10_3.Other types of savings - Farming/agriculture/livestock
120,F1,Microdata,V1031,g10_4,G10_4.Other types of savings - Mutual funds
120,F1,Microdata,V1032,g10_5,G10_5.Other types of savings - Government bonds
120,F1,Microdata,V1033,g10_6,G10_6.Other types of savings - Shares/Stocks
120,F1,Microdata,V1034,g10_7,"G10_7.Other types of savings - Assets such as jewellery, gold coins and others"
120,F1,Microdata,V1035,g10_8,G10_8.Other types of savings - Fixed deposits
120,F1,Microdata,V1036,g11a,G11a. Do you contribute to /have any pension fund?
120,F1,Microdata,V1037,g11b,G11b. Do you currently have an old-age savings?
120,F1,Microdata,V1038,g12,"Which of the following statements,do you aggree with?"
120,F1,Microdata,V1039,g12_1,g12_1. Do you know the retirement package?
120,F1,Microdata,V1040,g12_2,g12_2. Are you happy with age and retirement package
120,F1,Microdata,V1041,g12_3,g12_3. Do you understand your pension benefits
120,F1,Microdata,V1042,g13,Have you heard of the following terms?
120,F1,Microdata,V1043,g13_01,g13_01. Have you heard-Stocks/ equity/shares
120,F1,Microdata,V1044,g13_02,g13_02. Have you heard-Bonds
120,F1,Microdata,V1045,g13_03,g13_03. Have you heard-Shares in the capital market
120,F1,Microdata,V1046,g13_04,g13_04. Have you heard-Treasury bills
120,F1,Microdata,V1047,g13_05,g13_05. Have you heard-Mutual funds (RNIT Iterambere Funds)
120,F1,Microdata,V1048,g13_06,g13_06. Have you heard-Equities
120,F1,Microdata,V1049,g13_07,g13_07. Have you heard-Collective investment schemes
120,F1,Microdata,V1050,g13_08,g13_08. Have you heard-Non-Interest products
120,F1,Microdata,V1051,g13_09,g13_09. Have you heard-Capital market
120,F1,Microdata,V1052,g13_10,g13_10. Have you heard-Security exchange commission
120,F1,Microdata,V1053,g13_11,g13_11. Have you heard-Stockbroker
120,F1,Microdata,V1054,g13_12,g13_12. Have you heard-Unit trust
120,F1,Microdata,V1055,g13_13,g13_13. Have you heard-Fixed deposits
120,F1,Microdata,V1056,g13_14,g13_14. Have you heard-Asset manager
120,F1,Microdata,V1057,g14a,Have you used any of the following?
120,F1,Microdata,V1058,g14a_01,g14a_01. Have you used-Stocks/ equity/shares
120,F1,Microdata,V1059,g14a_02,g14a_02. Have you used-Bonds
120,F1,Microdata,V1060,g14a_03,g14a_03. Have you used-Shares in the capital market
120,F1,Microdata,V1061,g14a_04,g14a_04. Have you used-Treasury bills
120,F1,Microdata,V1062,g14a_05,g14a_05. Have you used-Mutual funds (RNIT Iterambere Funds)
120,F1,Microdata,V1063,g14a_06,g14a_06. Have you used-Equities
120,F1,Microdata,V1064,g14a_07,g14a_07. Have you used-Collective investment schemes
120,F1,Microdata,V1065,g14a_09,g14a_09. Have you used-Capital market
120,F1,Microdata,V1066,g14a_10,g14a_10. Have you used-Security exchange commission
120,F1,Microdata,V1067,g14a_11,g14a_11. Have you used-Stockbroker
120,F1,Microdata,V1068,g14a_12,g14a_12. Have you used-Unit trust
120,F1,Microdata,V1069,g14a_13,g14a_13. Have you used-Fixed deposits
120,F1,Microdata,V1070,g14a_14,g14a_14. Have you used-Asset manager
120,F1,Microdata,V1071,g14b,Have you invested money or bought any of the following .....
120,F1,Microdata,V1072,g14b_1,g14b_1. Have you invested money or bought-Bought/started a business
120,F1,Microdata,V1073,g14b_2,g14b_2. Have you invested money or bought-Invested in someone else's business
120,F1,Microdata,V1074,g14b_3,g14b_3. Have you invested money or bought-Bought agricultural land to start farm
120,F1,Microdata,V1075,g14b_4,g14b_4. Have you invested money or bought-Bought additional agricultural land to
120,F1,Microdata,V1076,g14b_5,g14b_5. Have you invested money or bought-Invested in property to rent out
120,F1,Microdata,V1077,g14b_6,g14b_6. Have you invested money or bought-Bought assets that can use to generate
120,F1,Microdata,V1078,g14b_7,g14b_7. Have you invested money or bought-Bought livestoke to generate money
120,F1,Microdata,V1079,g15,G15. Why have you not used any investment products?
120,F1,Microdata,V1080,g15_1,g15. I do not have the kind of money required to invest
120,F1,Microdata,V1081,g15_2,g15. I don't need to invest
120,F1,Microdata,V1082,g15_3,g15. Don't understand how to invest
120,F1,Microdata,V1083,g15_4,g15. I don't have an ID/passport
120,F1,Microdata,V1084,g15_5,g15. I use my money for savings not investments
120,F1,Microdata,V1085,g15_6,"g15. I have better option to invest in, instead of capital market"
120,F1,Microdata,V1086,g15_7,g15. I lost money in the investment markets
120,F1,Microdata,V1087,g15_8,g15. I have never heard of securities markets
120,F1,Microdata,V1088,g15_9,g15. I don't trust securities markets and stockbrokers
120,F1,Microdata,V1089,g15_10,g15. It's too complicated
120,F1,Microdata,V1090,g15_11,g15. I do not like taking risk in the securities market
120,F1,Microdata,V1091,g15_12,g15. Don't know
120,F1,Microdata,V1092,g15_13,g15. Other (SPECIFY)
120,F1,Microdata,V1093,h1,Do you agree/disagree with the following statements?
120,F1,Microdata,V1094,h1_1,h1_1. You prefer to save money for something rather than borrow to pay for it
120,F1,Microdata,V1095,h1_2,"h1_2. If you borrow money, it is okay to pay it a bit later than agreed"
120,F1,Microdata,V1096,h1_3,h1_3. Being able to borrow money when you need it is more important than the amo
120,F1,Microdata,V1097,h1_4,h1_4. It is better to keep savings than to use it to pay a debt
120,F1,Microdata,V1098,h1_5,h1_5. You are aware of the Credit Reference Bureau
120,F1,Microdata,V1099,h1_6,h1_6. You have checked your credit history through Credit Reference Bureau
120,F1,Microdata,V1100,h1_7,h1_7. You are aware of the consequencies of defaulting your loan
120,F1,Microdata,V1101,h2,Credit status
120,F1,Microdata,V1102,h2_1,H2_1. Borrowed money during the past 12 months
120,F1,Microdata,V1103,h2_2,H2_2 . Have been paying back money you borrowed in the past 12 months
120,F1,Microdata,V1104,h2_3,H2_3 . Got any goods or services in advance and had to pay it later in the past
120,F1,Microdata,V1105,h3,H3. Please tell me which of the following have you done in the past 12 months?
120,F1,Microdata,V1106,h3_01,h3. Borrowed money from a bank
120,F1,Microdata,V1107,h3_02,h3. Borrowed money from Digital loan
120,F1,Microdata,V1108,h3_03,h3. Borrowed money from a MFI or a non-umurenge SACCO
120,F1,Microdata,V1109,h3_04,h3. Borrowed money from Non-Deposit Taking Lending Financial (NDFI)
120,F1,Microdata,V1110,h3_05,h3. Borrowed money through Mobile Money credit e.g MoKash
120,F1,Microdata,V1111,h3_06,h3. Borrowed from an umurenge SACCO
120,F1,Microdata,V1112,h3_07,h3. Got a loan from Government (Ubudehe credit scheme/VUP loan)
120,F1,Microdata,V1113,h3_08,h3. Borrowed money from your employer
120,F1,Microdata,V1114,h3_09,"h3. Borrowed money from a group such as a co-op, VLSA, tontine, ikibina"
120,F1,Microdata,V1115,h3_10,h3. Borrowed money from a money lender in the community
120,F1,Microdata,V1116,h3_11,h3. Borrowed money/got goods in advance from an agricultural buyer or a farmer'
120,F1,Microdata,V1117,h3_12,h3. Borrowed money from a church or other community-based organisation that you
120,F1,Microdata,V1118,h3_13,h3. Borrowed money from family/friends that you had to pay back
120,F1,Microdata,V1119,h3_14,h3. Got money from family/friends that you did not have to pay back
120,F1,Microdata,V1120,h3_15,h3. Got goods in advance from a shop/store and had to pay back later
120,F1,Microdata,V1121,h3_16,h3. Gaurantee fund
120,F1,Microdata,V1122,h3_17,"h3. Borrowed money from sources not mentioned, specify"
120,F1,Microdata,V1123,h3_18,h3. None borrowing
120,F1,Microdata,V1124,h4a,H4a. With which institution(s)?
120,F1,Microdata,V1125,h4a_1,h4a. With-Access bank Rwanda
120,F1,Microdata,V1126,h4a_2,h4a. With-Bank of Kigali
120,F1,Microdata,V1127,h4a_3,h4a. With-Banque de l'Habitat du Rwanda
120,F1,Microdata,V1128,h4a_4,h4a. With-BPR Bank Rwanda Plc
120,F1,Microdata,V1129,h4a_5,h4a. With-Commercial Bank of Rwanda
120,F1,Microdata,V1130,h4a_6,h4a. With-Compagnie GÃ©nÃ©rale de Banque
120,F1,Microdata,V1131,h4a_7,h4a. With-Ecobank
120,F1,Microdata,V1132,h4a_8,h4a. With-Equity Bank
120,F1,Microdata,V1133,h4a_9,h4a. With-Fina Bank
120,F1,Microdata,V1134,h4a_10,h4a. With-I&M Bank Rwanda
120,F1,Microdata,V1135,h4a_11,h4a. With-Kenya Commercial Bank
120,F1,Microdata,V1136,h4a_12,h4a. With-National Bank of Rwanda
120,F1,Microdata,V1137,h4a_13,h4a. With-Rwanda Development Bank
120,F1,Microdata,V1138,h4a_14,h4a. With-Urwego Opportunity Bank (UOB)
120,F1,Microdata,V1139,h4a_15,h4a. With-MTN
120,F1,Microdata,V1140,h4a_16,h4a. With-Airtel Rwanda
120,F1,Microdata,V1141,h4a_17,h4a. With-AMIZERO SACCO GISAKURA
120,F1,Microdata,V1142,h4a_18,h4a. With-COMICOKA
120,F1,Microdata,V1143,h4a_19,h4a. With-COODEMARU
120,F1,Microdata,V1144,h4a_20,h4a. With-COOJAD BUGESERA
120,F1,Microdata,V1145,h4a_21,h4a. With-COOPEC IMPAMBA
120,F1,Microdata,V1146,h4a_22,h4a. With-COOPEC INGASHYA
120,F1,Microdata,V1147,h4a_23,h4a. With-COOPEC ITI
120,F1,Microdata,V1148,h4a_24,h4a. With-COOPEC TWIZIGAMIRE
120,F1,Microdata,V1149,h4a_25,h4a. With-COOPEC UBAKA
120,F1,Microdata,V1150,h4a_26,h4a. With-COOPEC ZAMUKA
120,F1,Microdata,V1151,h4a_27,h4a. With-CPF INEZA
120,F1,Microdata,V1152,h4a_28,h4a. With-CSPKI
120,F1,Microdata,V1153,h4a_29,h4a. With-CSTCR
120,F1,Microdata,V1154,h4a_30,h4a. With-CT NYAMAGABE
120,F1,Microdata,V1155,h4a_31,h4a. With-CT RUSIZI
120,F1,Microdata,V1156,h4a_32,h4a. With-Cycle Investment Cooperative (CIC SACCO)
120,F1,Microdata,V1157,h4a_33,h4a. With-GATARE TEA FARMERS SACCO
120,F1,Microdata,V1158,h4a_34,h4a. With-MTG ISHEMA SACCO
120,F1,Microdata,V1159,h4a_35,h4a. With-MUGANGA SACCO
120,F1,Microdata,V1160,h4a_36,h4a. With-PFUNDA TEA FARMERS AND WORKERS SACCO
120,F1,Microdata,V1161,h4a_37,h4a. With-SACCO TEA SHAGASHA
120,F1,Microdata,V1162,h4a_38,h4a. With-TRASO
120,F1,Microdata,V1163,h4a_39,h4a. With-UMWALIMU SACCO
120,F1,Microdata,V1164,h4a_40,h4a. With-Other
120,F1,Microdata,V1165,h4b,H4b. Who did you borrow the most money from?
120,F1,Microdata,V1166,h5,H5. What did you borrow the most money for?
120,F1,Microdata,V1167,h6a,H6a. What is the most important thing you take into account when you choose who
120,F1,Microdata,V1168,h6b,H6b. To what extend do you agree or disagree that [INSERT PROVIDER FROM H4c] hel
120,F1,Microdata,V1169,h6c,H6c. How do you evaluate the amount of microcredit loan interest rate charged?
120,F1,Microdata,V1170,h6d_1,"h6d_1. When you were given your loan, you were given all the key details about t"
120,F1,Microdata,V1171,h6d_2,"h6d_2. The fees and charges for your loan are transparent, or at least easy to f"
120,F1,Microdata,V1172,h6d_3,h6d_3. You were charged fees you did not expect
120,F1,Microdata,V1173,h6d_4,h6d_4. The lender unexpectedly withdrew your money
120,F1,Microdata,V1174,h6d_5,h6d_5. You did not fully understand the cost or fees
120,F1,Microdata,V1175,h7,H7. What is the main reason why you have not borrowed money?
120,F1,Microdata,V1176,h7_other_specify,"H7. Other, specify"
120,F1,Microdata,V1177,h8a,"In the past 6 months, have you been refuseda loan by the following institutions?"
120,F1,Microdata,V1178,h8a_1,"h8a_1. Bank-In the past 6 months, have you been refused a loan"
120,F1,Microdata,V1179,h8a_2,"h8a_2. SACCO-In the past 6 months, have you been refused a loan"
120,F1,Microdata,V1180,h8a_3,"h8a_3. MFI-In the past 6 months, have you been refused a loan"
120,F1,Microdata,V1181,h8a_4,"h8a_4. Mobile money-In the past 6 months, have you been refused a loan"
120,F1,Microdata,V1182,h8a_5,"h8a_5. Savings groups-In the past 6 months, have you been refused a loan"
120,F1,Microdata,V1183,h8b,What was the main reason given for the refusal?
120,F1,Microdata,V1184,h8b_1,h8b_1. Bank-what was the main reason given for the refusal
120,F1,Microdata,V1185,h8b_2,h8b_2. SACCO-what was the main reason given for the refusal
120,F1,Microdata,V1186,h8b_3,h8b_3. MFI-what was the main reason given for the refusal
120,F1,Microdata,V1187,h8b_4,h8b_4. Mobile money-what was the main reason given for the refusal
120,F1,Microdata,V1188,h8b_5,h8b_5. Savings groups-what was the main reason given for the refusal
120,F1,Microdata,V1189,h9a,H9a. How often do/did you borrow through your mobile money operator? Would you s
120,F1,Microdata,V1190,h9b,"H9b. The last time you borrowed through your mobile money operator, how much did"
120,F1,Microdata,V1191,h10a,"H10a. In the last 12 months, have you borrowed airtime from your network mobile"
120,F1,Microdata,V1192,h10b,H10b. How often do/did you borrow airtime? Would you say it is/was ?...?
120,F1,Microdata,V1193,h10c,"H10c. The last time you borrowed airtime, how much did you borrow?"
120,F1,Microdata,V1194,i,Please tell me which of the following you agree with?
120,F1,Microdata,V1195,i1_1,i1_1. You agree with: Insurance is not useful because they never pay out
120,F1,Microdata,V1196,i1_2,i1_2. You agree with: Having insurance is a good way of protecting yourself for
120,F1,Microdata,V1197,i1_3,i1_3. You agree with: It is better to have savings to fall back on when you suff
120,F1,Microdata,V1198,i1_4,i1_4. You agree with: You understand how insurance works
120,F1,Microdata,V1199,i2,I2. Can you please tell me about something that happened to you in the past 12 m
120,F1,Microdata,V1200,i2_1,i2. Member of household lost job/income
120,F1,Microdata,V1201,i2_2,i2. Serious illness of a household member
120,F1,Microdata,V1202,i2_3,i2. Death of a relative/household member
120,F1,Microdata,V1203,i2_4,i2. Theft of household property
120,F1,Microdata,V1204,i2_5,i2. Theft of business stock/goods
120,F1,Microdata,V1205,i2_6,i2. Theft of agricultural crop/livestock
120,F1,Microdata,V1206,i2_7,i2. Loss of household goods due to fire/flood/storm
120,F1,Microdata,V1207,i2_8,i2. Agricultural crop/livestock destroyed by fire/ flood/storm
120,F1,Microdata,V1208,i2_9,i2. Loss of an asset/dwelling/land
120,F1,Microdata,V1209,i2_10,i2. Failure of business
120,F1,Microdata,V1210,i2_11,i2. Disability due to accident/illness
120,F1,Microdata,V1211,i2_12,i2. Maintenance of farming/business equipment/tools
120,F1,Microdata,V1212,i2_13,i2. Recession/bad economy
120,F1,Microdata,V1213,i2_14,i2. Price increases
120,F1,Microdata,V1214,i2_15,i2. Have not experienced such events
120,F1,Microdata,V1215,i2_16,"i2. Other, specify"
120,F1,Microdata,V1216,i2b,I2b. Which one of those you mentioned had the greatest impact on your household?
120,F1,Microdata,V1217,i2c,I2c. What did you or your household do when you experience this event (Insert ev
120,F1,Microdata,V1218,i2d,I2d. To what extent do you agree or disagree that [device mentioned in II1c] hel
120,F1,Microdata,V1219,i2e,I2e. How long did it take to get the payment?
120,F1,Microdata,V1220,i3,Are you aware of the following insurance products?
120,F1,Microdata,V1221,i3_1,Are you aware of: Medical insurance
120,F1,Microdata,V1222,i3_2,Are you aware of: Life insurance
120,F1,Microdata,V1223,i3_3,Are you aware of: Micro insurance products/inclusive products
120,F1,Microdata,V1224,i3_4,Are you aware of: Third party insurance
120,F1,Microdata,V1225,i4a,I4a. Do you have micro-insurance product/inclusive products?
120,F1,Microdata,V1226,i4b,I4b. What type of micro-insurance do you have?
120,F1,Microdata,V1227,i4b_1,i4b. Crops insurance
120,F1,Microdata,V1228,i4b_2,i4b. Livestock insurance
120,F1,Microdata,V1229,i4b_3,i4b. Agriculture Weather Index Cover
120,F1,Microdata,V1230,i4b_4,i4b. Other agriculture insurance
120,F1,Microdata,V1231,i4b_5,i4b. Life insurance
120,F1,Microdata,V1232,i4b_6,i4b. Short- and Long-Term Saving
120,F1,Microdata,V1233,i4b_7,i4b. Personal accident microinsuranse
120,F1,Microdata,V1234,i4b_8,i4b. Credit life
120,F1,Microdata,V1235,i4b_9,i4b. Public liability insurance
120,F1,Microdata,V1236,i4b_10,"i4b. Other, specify"
120,F1,Microdata,V1237,i4c,"I4c. Now that you aware of micro-insurance, would you be interested in micro ins"
120,F1,Microdata,V1238,i4d,I4d. What type of micro insurance would you consider?
120,F1,Microdata,V1239,i4d_1,i4d. Crops insurance
120,F1,Microdata,V1240,i4d_2,i4d. Livestock insurance
120,F1,Microdata,V1241,i4d_3,i4d. Agriculture Weather Index Cover
120,F1,Microdata,V1242,i4d_4,i4d. Other agriculture insurance
120,F1,Microdata,V1243,i4d_5,i4d. Life insurance
120,F1,Microdata,V1244,i4d_6,i4d. Short- and Long-Term Saving
120,F1,Microdata,V1245,i4d_7,i4d. Personal accident microinsuranse
120,F1,Microdata,V1246,i4d_8,i4d. Credit life
120,F1,Microdata,V1247,i4d_9,i4d. Public liability insurance
120,F1,Microdata,V1248,i4d_10,"i4d. Other, specify"
120,F1,Microdata,V1249,i5a,Please tell me which of the following do you have?
120,F1,Microdata,V1250,i5a_1,"i5a_1. Do you have: Medical insurance (including RAMA, MMI, Mediplan,)"
120,F1,Microdata,V1251,i5a_2,"i5a_2. Do you have: Hospital Cash (e.g., Turikumwe)"
120,F1,Microdata,V1252,i5a_3,i5a_3. Do you have: Mutuelle de Sante (MUSA/CBHI)
120,F1,Microdata,V1253,i5b_1,"i5b_1. Are you covered by someone: Medical insurance (including RAMA, MMI, Medip"
120,F1,Microdata,V1254,i5b_2,"i5b_2. Are you covered by someone: Hospital Cash (e.g., Turikumwe)"
120,F1,Microdata,V1255,i5b_3,i5b_3. Are you covered by someone: Mutuelle de Sante (MUSA/CBHI)
120,F1,Microdata,V1256,i6,Do you have any of the following insurance products?
120,F1,Microdata,V1257,i6_01,i6_01. Insurance product - Motor
120,F1,Microdata,V1258,i6_02,i6_02. Insurance product - Education
120,F1,Microdata,V1259,i6_03,i6_03. Insurance product - Household
120,F1,Microdata,V1260,i6_04,i6_04. Insurance product - Life
120,F1,Microdata,V1261,i6_05,i6_05. Insurance product - Credit life (insurance linked to a loan)
120,F1,Microdata,V1262,i6_06,i6_06. Insurance product - Legal aid
120,F1,Microdata,V1263,i6_07,i6_07. Insurance product - Business
120,F1,Microdata,V1264,i6_08,i6_08. Insurance product - Property
120,F1,Microdata,V1265,i6_09,i6_09. Insurance product - Accident
120,F1,Microdata,V1266,i6_10,i6_10. Insurance product - Saving with risk
120,F1,Microdata,V1267,i6_11,i6_11. Insurance product - Home
120,F1,Microdata,V1268,i6_12,i6_12. Insurance product - Agriculture (crop and livestock)
120,F1,Microdata,V1269,i6_13,i6_13. Insurance product - Rwanda Social Security Board (CSR/RSSB) -Public pensi
120,F1,Microdata,V1270,i6_14,i6_14. Insurance product - Private pension
120,F1,Microdata,V1271,i6_15,i6_15. Insurance product - Ejo heza
120,F1,Microdata,V1272,i6_16,i6_16. Insurance product - Other
120,F1,Microdata,V1273,i7,I7. There are different reasons for people not having insurance. What is the mai
120,F1,Microdata,V1274,i8,"I8. If you would like to know more about insurance, what are your preferred ways"
120,F1,Microdata,V1275,i8_1,i8. Radio
120,F1,Microdata,V1276,i8_2,i8. TV
120,F1,Microdata,V1277,i8_3,i8. Verbal and direct communication from insurance
120,F1,Microdata,V1278,i8_4,i8. Through a village agents or community group
120,F1,Microdata,V1279,i8_5,i8. From the local government
120,F1,Microdata,V1280,i8_6,"i8. From business partners (such fertilizer shops, etc)"
120,F1,Microdata,V1281,i8_7,"i8. Digital channels (social media, msg, email)"
120,F1,Microdata,V1282,i8_8,i8. Other (Specify)
120,F1,Microdata,V1283,i9a,"I9a. Do you have a partner, family member or close friend who could provide you"
120,F1,Microdata,V1284,i9b,I9b. Would you ask for financial support from your social network should the nee
120,F1,Microdata,V1285,i10,Please tell me whether you agree or disagree with the statement below?
120,F1,Microdata,V1286,i10_1,i10_1. You understand how insurance works-When thinking about insurance policies
120,F1,Microdata,V1287,i10_2,i10_2. The premiums for your policy are affordable-When thinking about insurance
120,F1,Microdata,V1288,i10_3,i10_3. The information provided to you by your insurer is clear and it is provid
120,F1,Microdata,V1289,i10_4,i10_4. Changes in premiums or terms of conditions are clearly communicated to yo
120,F1,Microdata,V1290,i10_5,i10_5. Information on how and where to lodge a complaint was clearly explained t
120,F1,Microdata,V1291,i10_6,i10_6. Can easily access your insurer when making a claim-When thinking about in
120,F1,Microdata,V1292,i10_7,i10_7. Insurer treats you fairly when reviewing your claim application-When thin
120,F1,Microdata,V1293,i10_8,i10_8. It is easier to find insurance services-When thinking about insurance pol
120,F1,Microdata,V1294,i10_9,i10_9. The turn around time of insurance services is satisfactoty-When thinking
120,F1,Microdata,V1295,cc1,"In the lst year, did you experience any climate change related problem such as.."
120,F1,Microdata,V1296,cc1_1,cc1_1. climate change: Heavy rain and floods
120,F1,Microdata,V1297,cc1_2,cc1_2. climate change: Storm
120,F1,Microdata,V1298,cc1_3,cc1_3. climate change: Drought/ water scarcity
120,F1,Microdata,V1299,cc1_4,cc1_4. climate change: Extreme heat/heatwaves
120,F1,Microdata,V1300,cc1_5,cc1_5. climate change: Bush burning/wildfires
120,F1,Microdata,V1301,cc1_6,cc1_6. climate change: Pest infestation
120,F1,Microdata,V1302,cc1_7,cc1_7. climate change: Erosion
120,F1,Microdata,V1303,cc1_8,cc1_8. climate change: Other
120,F1,Microdata,V1304,cc2,cc2. Do you face repeated damages and expenses from....?
120,F1,Microdata,V1305,cc2_1,cc2_1. Repeated damages/expenses from: Heavy rain and floods
120,F1,Microdata,V1306,cc2_2,cc2_2. Repeated damages/expenses from: Storm
120,F1,Microdata,V1307,cc2_3,cc2_3. Repeated damages/expenses from: Drought/ water scarcity
120,F1,Microdata,V1308,cc2_4,cc2_4. Repeated damages/expenses from: Extreme heat/heatwaves
120,F1,Microdata,V1309,cc2_5,cc2_5. Repeated damages/expenses from: Bush burning/wildfires
120,F1,Microdata,V1310,cc2_6,cc2_6. Repeated damages/expenses from: Pest infestation
120,F1,Microdata,V1311,cc2_7,cc2_7. Repeated damages/expenses from: Erosion
120,F1,Microdata,V1312,cc2_8,cc2_8. Repeated damages/expenses from: Other
120,F1,Microdata,V1313,cc3,cc3- Did you put plans or measures in place to cope with problem from...?
120,F1,Microdata,V1314,cc3_1,cc3_1. Put plans or measures: Heavy rain and floods
120,F1,Microdata,V1315,cc3_2,cc3_2. Put plans or measures: Storm
120,F1,Microdata,V1316,cc3_3,cc3_3. Put plans or measures: Drought/ water scarcity
120,F1,Microdata,V1317,cc3_4,cc3_4. Put plans or measures: Extreme heat/heatwaves
120,F1,Microdata,V1318,cc3_5,cc3_5. Put plans or measures: Bush burning/wildfires
120,F1,Microdata,V1319,cc3_6,cc3_6. Put plans or measures: Pest infestation
120,F1,Microdata,V1320,cc3_7,cc3_7. Put plans or measures: Erosion
120,F1,Microdata,V1321,cc3_8,cc3_8. Put plans or measures: Other
120,F1,Microdata,V1322,cc4,"cc4. Approximately,how much money did it cost you to put the plans in place to"
120,F1,Microdata,V1323,cc4_1,cc4_1. How much money did it cost you: Heavy rain and floods
120,F1,Microdata,V1324,cc4_2,cc4_2. How much money did it cost you: Storm
120,F1,Microdata,V1325,cc4_3,cc4_3. How much money did it cost you: Drought/ water scarcity
120,F1,Microdata,V1326,cc4_4,cc4_4. How much money did it cost you: Extreme heat/heatwaves
120,F1,Microdata,V1327,cc4_5,cc4_5. How much money did it cost you: Bush burning/wildfires
120,F1,Microdata,V1328,cc4_6,cc4_6. How much money did it cost you: Pest infestation
120,F1,Microdata,V1329,cc4_7,cc4_7. How much money did it cost you: Erosion
120,F1,Microdata,V1330,cc4_8,cc4_8. How much money did it cost you: Other
120,F1,Microdata,V1331,cc5_1,CC5. How did you raise the money to pay for the plans or measures you put in pla
120,F1,Microdata,V1332,cc5_1_1,cc5_1_1. Heavy rain and floods: Sold assets/something I own to get money
120,F1,Microdata,V1333,cc5_1_2,cc5_1_2. Heavy rain and floods:Sold livestock to get money
120,F1,Microdata,V1334,cc5_1_3,cc5_1_3. Heavy rain and floods:Borrowed money from friends or family
120,F1,Microdata,V1335,cc5_1_4,cc5_1_4. Heavy rain and floods:Borrowed money from employer
120,F1,Microdata,V1336,cc5_1_5,cc5_1_5. Heavy rain and floods:Borrowed money from bank
120,F1,Microdata,V1337,cc5_1_6,cc5_1_6. Heavy rain and floods:Borrowed money from other sources
120,F1,Microdata,V1338,cc5_1_7,cc5_1_7. Heavy rain and floods:Used own savings from formal institutions such as
120,F1,Microdata,V1339,cc5_1_8,cc5_1_8. Heavy rain and floods:Used own savings from informal groups such as a s
120,F1,Microdata,V1340,cc5_1_9,cc5_1_9. Heavy rain and floods:Claimed from an insurance policy
120,F1,Microdata,V1341,cc5_1_10,cc5_1_10. Heavy rain and floods:Cut down on expenses
120,F1,Microdata,V1342,cc5_1_11,cc5_1_11. Heavy rain and floods:Received donations
120,F1,Microdata,V1343,cc5_1_12,cc5_1_12. Heavy rain and floods:Received government assistance
120,F1,Microdata,V1344,cc5_1_13,cc5_1_13. Heavy rain and floods:Worked for additional income
120,F1,Microdata,V1345,cc5_1_14,cc5_1_14. Heavy rain and floods:Other
120,F1,Microdata,V1346,cc5_2,CC5. How did you raise the money to pay for the plans or measures you put in pla
120,F1,Microdata,V1347,cc5_2_1,cc5_2_1. Storm: Sold assets/something I own to get money
120,F1,Microdata,V1348,cc5_2_2,cc5_2_2. Storm:Sold livestock to get money
120,F1,Microdata,V1349,cc5_2_3,cc5_2_3. Storm:Borrowed money from friends or family
120,F1,Microdata,V1350,cc5_2_4,cc5_2_4. Storm:Borrowed money from employer
120,F1,Microdata,V1351,cc5_2_5,cc5_2_5. Storm:Borrowed money from bank
120,F1,Microdata,V1352,cc5_2_6,cc5_2_6. Storm:Borrowed money from other sources
120,F1,Microdata,V1353,cc5_2_7,cc5_2_7. Storm:Used own savings from formal institutions such as a bank
120,F1,Microdata,V1354,cc5_2_8,cc5_2_8. Storm:Used own savings from informal groups such as a saving groups/sto
120,F1,Microdata,V1355,cc5_2_9,cc5_2_9. Storm:Claimed from an insurance policy
120,F1,Microdata,V1356,cc5_2_10,cc5_2_10. Storm:Cut down on expenses
120,F1,Microdata,V1357,cc5_2_11,cc5_2_11. Storm:Received donations
120,F1,Microdata,V1358,cc5_2_12,cc5_2_12. Storm:Received government assistance
120,F1,Microdata,V1359,cc5_2_13,cc5_2_13. Storm:Worked for additional income
120,F1,Microdata,V1360,cc5_2_14,cc5_2_14. Storm:Other
120,F1,Microdata,V1361,cc5_3,CC5. How did you raise the money to pay for the plans or measures you put in pla
120,F1,Microdata,V1362,cc5_3_1,cc5_3_1. Drought/ water scarcity: Sold assets/something I own to get money
120,F1,Microdata,V1363,cc5_3_2,cc5_3_2. Drought/ water scarcity:Sold livestock to get money
120,F1,Microdata,V1364,cc5_3_3,cc5_3_3. Drought/ water scarcity:Borrowed money from friends or family
120,F1,Microdata,V1365,cc5_3_4,cc5_3_4. Drought/ water scarcity:Borrowed money from employer
120,F1,Microdata,V1366,cc5_3_5,cc5_3_5. Drought/ water scarcity:Borrowed money from bank
120,F1,Microdata,V1367,cc5_3_6,cc5_3_6. Drought/ water scarcity:Borrowed money from other sources
120,F1,Microdata,V1368,cc5_3_7,cc5_3_7. Drought/ water scarcity:Used own savings from formal institutions such
120,F1,Microdata,V1369,cc5_3_8,cc5_3_8. Drought/ water scarcity:Used own savings from informal groups such as a
120,F1,Microdata,V1370,cc5_3_9,cc5_3_9. Drought/ water scarcity:Claimed from an insurance policy
120,F1,Microdata,V1371,cc5_3_10,cc5_3_10. Drought/ water scarcity:Cut down on expenses
120,F1,Microdata,V1372,cc5_3_11,cc5_3_11. Drought/ water scarcity:Received donations
120,F1,Microdata,V1373,cc5_3_12,cc5_3_12. Drought/ water scarcity:Received government assistance
120,F1,Microdata,V1374,cc5_3_13,cc5_3_13. Drought/ water scarcity:Worked for additional income
120,F1,Microdata,V1375,cc5_3_14,cc5_3_14. Drought/ water scarcity:Other
120,F1,Microdata,V1376,cc5_4,CC5. How did you raise the money to pay for the plans or measures you put in pla
120,F1,Microdata,V1377,cc5_4_1,cc5_4_1. Extreme heat/heatwaves: Sold assets/something I own to get money
120,F1,Microdata,V1378,cc5_4_2,cc5_4_2. Extreme heat/heatwaves:Sold livestock to get money
120,F1,Microdata,V1379,cc5_4_3,cc5_4_3. Extreme heat/heatwaves:Borrowed money from friends or family
120,F1,Microdata,V1380,cc5_4_4,cc5_4_4. Extreme heat/heatwaves:Borrowed money from employer
120,F1,Microdata,V1381,cc5_4_5,cc5_4_5. Extreme heat/heatwaves:Borrowed money from bank
120,F1,Microdata,V1382,cc5_4_6,cc5_4_6. Extreme heat/heatwaves:Borrowed money from other sources
120,F1,Microdata,V1383,cc5_4_7,cc5_4_7. Extreme heat/heatwaves:Used own savings from formal institutions such a
120,F1,Microdata,V1384,cc5_4_8,cc5_4_8. Extreme heat/heatwaves:Used own savings from informal groups such as a
120,F1,Microdata,V1385,cc5_4_9,cc5_4_9. Extreme heat/heatwaves:Claimed from an insurance policy
120,F1,Microdata,V1386,cc5_4_10,cc5_4_10. Extreme heat/heatwaves:Cut down on expenses
120,F1,Microdata,V1387,cc5_4_11,cc5_4_11. Extreme heat/heatwaves:Received donations
120,F1,Microdata,V1388,cc5_4_12,cc5_4_12. Extreme heat/heatwaves:Received government assistance
120,F1,Microdata,V1389,cc5_4_13,cc5_4_13. Extreme heat/heatwaves:Worked for additional income
120,F1,Microdata,V1390,cc5_4_14,cc5_4_14. Extreme heat/heatwaves:Other
120,F1,Microdata,V1391,cc5_5,CC5. How did you raise the money to pay for the plans or measures you put in pla
120,F1,Microdata,V1392,cc5_5_1,cc5_5_1. Bush burning/wildfires: Sold assets/something I own to get money
120,F1,Microdata,V1393,cc5_5_2,cc5_5_2. Bush burning/wildfires:Sold livestock to get money
120,F1,Microdata,V1394,cc5_5_3,cc5_5_3. Bush burning/wildfires:Borrowed money from friends or family
120,F1,Microdata,V1395,cc5_5_4,cc5_5_4. Bush burning/wildfires:Borrowed money from employer
120,F1,Microdata,V1396,cc5_5_5,cc5_5_5. Bush burning/wildfires:Borrowed money from bank
120,F1,Microdata,V1397,cc5_5_6,cc5_5_6. Bush burning/wildfires:Borrowed money from other sources
120,F1,Microdata,V1398,cc5_5_7,cc5_5_7. Bush burning/wildfires:Used own savings from formal institutions such a
120,F1,Microdata,V1399,cc5_5_8,cc5_5_8. Bush burning/wildfires:Used own savings from informal groups such as a
120,F1,Microdata,V1400,cc5_5_9,cc5_5_9. Bush burning/wildfires:Claimed from an insurance policy
120,F1,Microdata,V1401,cc5_5_10,cc5_5_10. Bush burning/wildfires:Cut down on expenses
120,F1,Microdata,V1402,cc5_5_11,cc5_5_11. Bush burning/wildfires:Received donations
120,F1,Microdata,V1403,cc5_5_12,cc5_5_12. Bush burning/wildfires:Received government assistance
120,F1,Microdata,V1404,cc5_5_13,cc5_5_13. Bush burning/wildfires:Worked for additional income
120,F1,Microdata,V1405,cc5_5_14,cc5_5_14. Bush burning/wildfires:Other
120,F1,Microdata,V1406,cc5_6,CC5. How did you raise the money to pay for the plans or measures you put in pla
120,F1,Microdata,V1407,cc5_6_1,cc5_6_1. Pest infestation: Sold assets/something I own to get money
120,F1,Microdata,V1408,cc5_6_2,cc5_6_2. Pest infestation:Sold livestock to get money
120,F1,Microdata,V1409,cc5_6_3,cc5_6_3. Pest infestation:Borrowed money from friends or family
120,F1,Microdata,V1410,cc5_6_4,cc5_6_4. Pest infestation:Borrowed money from employer
120,F1,Microdata,V1411,cc5_6_5,cc5_6_5. Pest infestation:Borrowed money from bank
120,F1,Microdata,V1412,cc5_6_6,cc5_6_6. Pest infestation:Borrowed money from other sources
120,F1,Microdata,V1413,cc5_6_7,cc5_6_7. Pest infestation:Used own savings from formal institutions such as a ba
120,F1,Microdata,V1414,cc5_6_8,cc5_6_8. Pest infestation:Used own savings from informal groups such as a saving
120,F1,Microdata,V1415,cc5_6_9,cc5_6_9. Pest infestation:Claimed from an insurance policy
120,F1,Microdata,V1416,cc5_6_10,cc5_6_10. Pest infestation:Cut down on expenses
120,F1,Microdata,V1417,cc5_6_11,cc5_6_11. Pest infestation:Received donations
120,F1,Microdata,V1418,cc5_6_12,cc5_6_12. Pest infestation:Received government assistance
120,F1,Microdata,V1419,cc5_6_13,cc5_6_13. Pest infestation:Worked for additional income
120,F1,Microdata,V1420,cc5_6_14,cc5_6_14. Pest infestation:Other
120,F1,Microdata,V1421,cc5_7,CC5. How did you raise the money to pay for the plans or measures you put in pla
120,F1,Microdata,V1422,cc5_7_1,cc5_7_1. Erosion: Sold assets/something I own to get money
120,F1,Microdata,V1423,cc5_7_2,cc5_7_2. Erosion:Sold livestock to get money
120,F1,Microdata,V1424,cc5_7_3,cc5_7_3. Erosion:Borrowed money from friends or family
120,F1,Microdata,V1425,cc5_7_4,cc5_7_4. Erosion:Borrowed money from employer
120,F1,Microdata,V1426,cc5_7_5,cc5_7_5. Erosion:Borrowed money from bank
120,F1,Microdata,V1427,cc5_7_6,cc5_7_6. Erosion:Borrowed money from other sources
120,F1,Microdata,V1428,cc5_7_7,cc5_7_7. Erosion:Used own savings from formal institutions such as a bank
120,F1,Microdata,V1429,cc5_7_8,cc5_7_8. Erosion:Used own savings from informal groups such as a saving groups/s
120,F1,Microdata,V1430,cc5_7_9,cc5_7_9. Erosion:Claimed from an insurance policy
120,F1,Microdata,V1431,cc5_7_10,cc5_7_10. Erosion:Cut down on expenses
120,F1,Microdata,V1432,cc5_7_11,cc5_7_11. Erosion:Received donations
120,F1,Microdata,V1433,cc5_7_12,cc5_7_12. Erosion:Received government assistance
120,F1,Microdata,V1434,cc5_7_13,cc5_7_13. Erosion:Worked for additional income
120,F1,Microdata,V1435,cc5_7_14,cc5_7_14. Erosion:Other
120,F1,Microdata,V1436,cc5_8,CC5. How did you raise the money to pay for the plans or measures you put in pla
120,F1,Microdata,V1437,cc5_8_1,cc5_8_1. Other: Sold assets/something I own to get money
120,F1,Microdata,V1438,cc5_8_2,cc5_8_2. Other:Sold livestock to get money
120,F1,Microdata,V1439,cc5_8_3,cc5_8_3. Other:Borrowed money from friends or family
120,F1,Microdata,V1440,cc5_8_4,cc5_8_4. Other:Borrowed money from employer
120,F1,Microdata,V1441,cc5_8_5,cc5_8_5. Other:Borrowed money from bank
120,F1,Microdata,V1442,cc5_8_6,cc5_8_6. Other:Borrowed money from other sources
120,F1,Microdata,V1443,cc5_8_7,cc5_8_7. Other:Used own savings from formal institutions such as a bank
120,F1,Microdata,V1444,cc5_8_8,cc5_8_8. Other:Used own savings from informal groups such as a saving groups/sto
120,F1,Microdata,V1445,cc5_8_9,cc5_8_9. Other:Claimed from an insurance policy
120,F1,Microdata,V1446,cc5_8_10,cc5_8_10. Other:Cut down on expenses
120,F1,Microdata,V1447,cc5_8_11,cc5_8_11. Other:Received donations
120,F1,Microdata,V1448,cc5_8_12,cc5_8_12. Other:Received government assistance
120,F1,Microdata,V1449,cc5_8_13,cc5_8_13. Other:Worked for additional income
120,F1,Microdata,V1450,cc5_8_14,cc5_8_14. Other:Other
120,F1,Microdata,V1451,cc6,CC6. How long did it take you or your household to recover?
120,F1,Microdata,V1452,cc7,"CC7. Should you experience any climate change related problem tomorrow, how will"
120,F1,Microdata,V1453,cc7_1,Sell my assets/something I own to get money
120,F1,Microdata,V1454,cc7_2,Sell livestock to get money
120,F1,Microdata,V1455,cc7_3,Borrow money from friends or family
120,F1,Microdata,V1456,cc7_4,Borrow money from employer
120,F1,Microdata,V1457,cc7_5,Borrow money from bank
120,F1,Microdata,V1458,cc7_6,Borrow money from other sources
120,F1,Microdata,V1459,cc7_7,Use own savings from formal institutions such as a bank
120,F1,Microdata,V1460,cc7_8,Use own savings from informal groups
120,F1,Microdata,V1461,cc7_9,Claim from an insurance policy
120,F1,Microdata,V1462,cc7_10,Cut down on expenses
120,F1,Microdata,V1463,cc7_11,Ask for donations
120,F1,Microdata,V1464,cc7_12,Claim from Workman's compensation
120,F1,Microdata,V1465,cc7_13,Seek government assistance
120,F1,Microdata,V1466,cc7_14,Work for additional income
120,F1,Microdata,V1467,cc7_15,I will cross the bridge when it happens
120,F1,Microdata,V1468,cc7_99,Don't Know
120,F1,Microdata,V1469,cc7_98,Other (Specify)
120,F1,Microdata,V1470,j1a,"J1a. In the past 6 months, have you sent money to someone within the country?"
120,F1,Microdata,V1471,j1b,"J1b. In the past 6 months, have you sent money to someone outside the country"
120,F1,Microdata,V1472,j1c,"J1c. Thinking back to the last time you sent money outside Rwanda, which country"
120,F1,Microdata,V1473,j1c_1,j1c_1. Belgium
120,F1,Microdata,V1474,j1c_2,j1c_2. Burundi
120,F1,Microdata,V1475,j1c_3,j1c_3. Canada
120,F1,Microdata,V1476,j1c_4,j1c_4. China
120,F1,Microdata,V1477,j1c_5,j1c_5. DRC
120,F1,Microdata,V1478,j1c_6,j1c_6. France
120,F1,Microdata,V1479,j1c_7,j1c_7. Kenya
120,F1,Microdata,V1480,j1c_8,j1c_8. Nigeria
120,F1,Microdata,V1481,j1c_9,j1c_9. South Africa
120,F1,Microdata,V1482,j1c_10,j1c_10. Tanzania
120,F1,Microdata,V1483,j1c_11,j1c_11. UAE
120,F1,Microdata,V1484,j1c_12,j1c_12. Uganda
120,F1,Microdata,V1485,j1c_13,j1c_13. United Kingdom
120,F1,Microdata,V1486,j1c_14,j1c_14. USA (United States of America)
120,F1,Microdata,V1487,j1c_15,j1c_15. Other specify
120,F1,Microdata,V1488,j2a1,J2a1. Who did you send money to in the past 6 months?
120,F1,Microdata,V1489,j2a1_1,j2a1_1. Spouse
120,F1,Microdata,V1490,j2a1_2,j2a1_2. Child
120,F1,Microdata,V1491,j2a1_3,j2a1_3. Parent
120,F1,Microdata,V1492,j2a1_4,j2a1_4. Other family member
120,F1,Microdata,V1493,j2a1_5,j2a1_5. Friend
120,F1,Microdata,V1494,j2a1_6,j2a1_6. Supplier/Business
120,F1,Microdata,V1495,j2a1_7,j2a1_7. Someone you borrowed from
120,F1,Microdata,V1496,j2a1_8,"j2a1_8. School, college or university"
120,F1,Microdata,V1497,j2a1_9,j2a1_9. Other specify
120,F1,Microdata,V1498,j2a,J2a. Where did you send most of the money to?
120,F1,Microdata,V1499,j2a_1,j2a_1. Rural
120,F1,Microdata,V1500,j2a_2,j2a_2. Urban
120,F1,Microdata,V1501,j2b,J2b. How often do you send money to people who who do not live with you?
120,F1,Microdata,V1502,j2c,J2c. How do you mostly send the money?
120,F1,Microdata,V1503,j2d,J2d. How much did you send the last time you sent?
120,F1,Microdata,V1504,j3a,"J3a. In the past 6 months, have you received money from someone in a different p"
120,F1,Microdata,V1505,j3b,"J3b. In the past 6 months, have you received money from someone outside the coun"
120,F1,Microdata,V1506,j3c,"J3c. Thinking back to the last time you received money, which country did you re"
120,F1,Microdata,V1507,j3c_1,j3c_1. Belgium
120,F1,Microdata,V1508,j3c_2,j3c_2. Burundi
120,F1,Microdata,V1509,j3c_3,j3c_3. Canada
120,F1,Microdata,V1510,j3c_4,j3c_4. China
120,F1,Microdata,V1511,j3c_5,j3c_5. DRC
120,F1,Microdata,V1512,j3c_6,j3c_6. France
120,F1,Microdata,V1513,j3c_7,j3c_7. Kenya
120,F1,Microdata,V1514,j3c_8,j3c_8. Nigeria
120,F1,Microdata,V1515,j3c_9,j3c_9. South Africa
120,F1,Microdata,V1516,j3c_10,j3c_10. Tanzania
120,F1,Microdata,V1517,j3c_11,j3c_11. UAE
120,F1,Microdata,V1518,j3c_12,j3c_12. Other specify
120,F1,Microdata,V1519,j3c_other_specify,"J3c. Other, specify"
120,F1,Microdata,V1520,j4a,J4a. From whom did you receive money in the past 6 months?
120,F1,Microdata,V1521,j4a_1,j4a_1. Spouse
120,F1,Microdata,V1522,j4a_2,j4a_2. Child
120,F1,Microdata,V1523,j4a_3,j4a_3. Parent
120,F1,Microdata,V1524,j4a_4,j4a_4. Other family member
120,F1,Microdata,V1525,j4a_5,j4a_5. Friend
120,F1,Microdata,V1526,j4a_6,j4a_6. Customer
120,F1,Microdata,V1527,j4a_7,j4a_7. Someone you lent money to
120,F1,Microdata,V1528,j4a_8,j4a_8. Other specify
120,F1,Microdata,V1529,j4b,J4b. Where did you receive most of the money from?
120,F1,Microdata,V1530,j4b_1,j4b_1. Rural
120,F1,Microdata,V1531,j4b_2,j4b_2. Urban
120,F1,Microdata,V1532,j4c,J4c. How often do you receive money?
120,F1,Microdata,V1533,j4d,J4d. How do you mostly receive the money?
120,F1,Microdata,V1534,j4e,J4e. What did you use most of the money that was last sent you for?
120,F1,Microdata,V1535,j4e_other_specify,"J4e. Other, specify"
120,F1,Microdata,V1536,k1,K1. you have a bank account in your name?
120,F1,Microdata,V1537,k2,K2. Does anyone in the household have a bank account?
120,F1,Microdata,V1538,k3,K3. Do you use someone else?s bank account
120,F1,Microdata,V1539,k4,K4. At which bank?
120,F1,Microdata,V1540,k4_1,k4_1. Access bank Rwanda
120,F1,Microdata,V1541,k4_2,k4_2. Bank of Kigali
120,F1,Microdata,V1542,k4_3,k4_3. Banque de l?Habitat du Rwanda
120,F1,Microdata,V1543,k4_4,k4_4. BPR Bank Rwanda Plc
120,F1,Microdata,V1544,k4_5,k4_5. Commercial Bank of Rwanda
120,F1,Microdata,V1545,k4_6,k4_6. Compagnie GÃ©nÃ©rale de Banque
120,F1,Microdata,V1546,k4_7,k4_7. Ecobank
120,F1,Microdata,V1547,k4_8,k4_8. Equity Bank
120,F1,Microdata,V1548,k4_9,k4_9. Fina Bank
120,F1,Microdata,V1549,k4_10,k4_10. I&M Bank Rwanda
120,F1,Microdata,V1550,k4_11,k4_11. Kenya Commercial Bank
120,F1,Microdata,V1551,k4_12,k4_12. National Bank of Rwanda
120,F1,Microdata,V1552,k4_13,k4_13. Rwanda Development Bank
120,F1,Microdata,V1553,k4_14,k4_14. Urwego Opportunity Bank (UOB)
120,F1,Microdata,V1554,k4_15,"k4_15. Other, specify"
120,F1,Microdata,V1555,k5,K5. How many bank accounts held with different banks do you have in your own nam
120,F1,Microdata,V1556,k6,K6. How often do you use this account?
120,F1,Microdata,V1557,k7,K7. Do you withdraw all your money as soon it is deposited by someone or your em
120,F1,Microdata,V1558,k8a,"K8a. What are the main reasons why you do not use your transaction account, more"
120,F1,Microdata,V1559,k8a_1,k8a_1. Using my account / card is too expensive
120,F1,Microdata,V1560,k8a_2,k8a_2. Using my account / card is too complicated
120,F1,Microdata,V1561,k8a_3,k8a_3. My account / card doesn?t have the features that I want
120,F1,Microdata,V1562,k8a_4,k8a_4. The places where I typically shop don?t accept card payments
120,F1,Microdata,V1563,k8a_5,k8a_5. I prefer to transact in cash
120,F1,Microdata,V1564,k8a_6,k8a_6. I don?t trust my bank
120,F1,Microdata,V1565,k8a_7,k8a_7. I do not have enough money to use the account frequently
120,F1,Microdata,V1566,k8a_8,k8a_8. To avoid debit/stop orders
120,F1,Microdata,V1567,k8a_9,k8a_9. Avoid illegal debit orders or fraud
120,F1,Microdata,V1568,k8a_10,k8a_10. There are no disability friendly services/channels
120,F1,Microdata,V1569,k8a_11,k8a_11. Do not have skills to use the account
120,F1,Microdata,V1570,k8a_12,k8a_12. Distance from where I stay and the banking facilities
120,F1,Microdata,V1571,k8a_13,k8a_13. Other (specify)
120,F1,Microdata,V1572,k8a_other_specify,"K8a. Other, specify"
120,F1,Microdata,V1573,k8b,K8b. Why do you withdraw all your money as soon as it is deposited into the bank
120,F1,Microdata,V1574,k8b_1,k8b_1. Using my account / card is too expensive
120,F1,Microdata,V1575,k8b_2,k8b_2. Using my account / card is too complicated
120,F1,Microdata,V1576,k8b_3,k8b_3. My account / card doesn?t have the features that I want
120,F1,Microdata,V1577,k8b_4,k8b_4. The places where I typically shop don?t accept card payments
120,F1,Microdata,V1578,k8b_5,k8b_5. I prefer to transact in cash
120,F1,Microdata,V1579,k8b_6,k8b_6. I don?t trust my bank
120,F1,Microdata,V1580,k8b_7,k8b_7. I do not have enough money to use the account frequently
120,F1,Microdata,V1581,k8b_8,k8b_8. To avoid debit/stop orders
120,F1,Microdata,V1582,k8b_9,k8b_9. Avoid illegal debit orders or fraud
120,F1,Microdata,V1583,k8b_10,k8b_10. There are no disability friendly services/channels
120,F1,Microdata,V1584,k8b_11,k8b_11. Do not have skills to use the account
120,F1,Microdata,V1585,k8b_12,k8b_12. Distance from where I stay and the banking facilities
120,F1,Microdata,V1586,k8b_13,k8b_13. Other (specify)
120,F1,Microdata,V1587,k8b_other_specify,"K8b. Other, specify"
120,F1,Microdata,V1588,k9,"K9. Thinking about your satisfaction with your main account, what features matte"
120,F1,Microdata,V1589,k9_1,k9_1. The amount of total monthly fees and charges
120,F1,Microdata,V1590,k9_2,k9_2. Interest rate on savings
120,F1,Microdata,V1591,k9_3,"k9_3. The fees for specific transactions (for example, ATM withdrawals or deposi"
120,F1,Microdata,V1592,k9_4,k9_4. Convenient access to ATMs
120,F1,Microdata,V1593,k9_5,k9_5. Convenient access to bank branches
120,F1,Microdata,V1594,k9_6,k9_6. Convenient access to internet banking
120,F1,Microdata,V1595,k9_7,k9_7. Convenient access to mobile banking
120,F1,Microdata,V1596,k9_8,k9_8. User-friendly mobile apps or internet banking platforms
120,F1,Microdata,V1597,k9_9,k9_9. The quality of customer service in bank branches
120,F1,Microdata,V1598,k9_10,k9_10. Loyalty program
120,F1,Microdata,V1599,k9_11,k9_11. Convenience of having an account at the bank I typically use
120,F1,Microdata,V1600,k9_12,k9_12. Other (specify)
120,F1,Microdata,V1601,k9_other_specify,"K9. Other, specify"
120,F1,Microdata,V1602,k10,K10. Does your bank account help you manage your money better?
120,F1,Microdata,V1603,k11,k11. please indicate to what extent you agree with the following statements?
120,F1,Microdata,V1604,k11_01,"k11_01. When you opened your account, you were given all the key details about t"
120,F1,Microdata,V1605,k11_02,"k11_02. When you opened your account, bank staff showed you different options an"
120,F1,Microdata,V1606,k11_03,"k11_03. When you opened your account, you went to the branch and already knew wh"
120,F1,Microdata,V1607,k11_04,"k11_04. If you had to open another account today, you would choose the same acco"
120,F1,Microdata,V1608,k11_05,k11_05. You would recommend your account to your friends and family
120,F1,Microdata,V1609,k11_06,k11_06. The account you have is good value for money
120,F1,Microdata,V1610,k11_07,"k11_07. The fees and charges in my account are transparent, or at least easy to"
120,F1,Microdata,V1611,k11_08,"k11_08. If you need financial advice, you can count on bank staff to give you ac"
120,F1,Microdata,V1612,k11_09,k11_09. Bank fees or charges are affordable
120,F1,Microdata,V1613,k11_10,k11_10. Too much downtime on the bank platform
120,F1,Microdata,V1614,k11_11,k11_11. You are satisfied with your bank's customer support
120,F1,Microdata,V1615,k11_12,"k11_12.Whenever you visit a bank branch, you are always served on time"
120,F1,Microdata,V1616,k12,K12. Have you seriously considered opening an account with a new bank in the pas
120,F1,Microdata,V1617,k13,K13.Have you opened an account with a new bank in the past year or changed your
120,F1,Microdata,V1618,k14,K14. Why did you open an account with a new bank?
120,F1,Microdata,V1619,k14_1,k14_1. I saw an advertisement for an account that I preferred
120,F1,Microdata,V1620,k14_2,k14_2. Recommendation from friend or family
120,F1,Microdata,V1621,k14_3,k14_3. I was not satisfied with my previous account
120,F1,Microdata,V1622,k14_4,k14_4. The account at the new bank is better for me than my previous account
120,F1,Microdata,V1623,k14_5,k14_5. The fees are lower than at my previous bank
120,F1,Microdata,V1624,k14_6,k14_6. My salary or other payment is deposited using the new bank
120,F1,Microdata,V1625,k14_7,k14_7. Other (specify)
120,F1,Microdata,V1626,k15,"k15.For each product that i read out,please tell me whether you have?"
120,F1,Microdata,V1627,k15_01,k15_01. You have-Bank ATM card/Debit card
120,F1,Microdata,V1628,k15_02,k15_02. You have-Cheque
120,F1,Microdata,V1629,k15_03,k15_03. You have-Credit card
120,F1,Microdata,V1630,k15_04,k15_04. You have-Current account
120,F1,Microdata,V1631,k15_05,k15_05. You have-Fixed deposit account
120,F1,Microdata,V1632,k15_06,k15_06. You have-Savings account
120,F1,Microdata,V1633,k15_07,k15_07. You have-Mortgage
120,F1,Microdata,V1634,k15_08,k15_08. You have-Overdraft
120,F1,Microdata,V1635,k15_09,k15_09. You have-Loans
120,F1,Microdata,V1636,k15_10,k15_10. You have-Mobile money (e-wallet/push and pull)
120,F1,Microdata,V1637,k15_11,"k15_11. You have-Mobile payment (USSD codes, e.g. *182*â€¦)"
120,F1,Microdata,V1638,k15_12,k15_12. You have-Internet banking
120,F1,Microdata,V1639,k15_13,k15_13. You have-Mobile banking
120,F1,Microdata,V1640,k15_14,k15_14. You have-Banking App
120,F1,Microdata,V1641,k16a,k16a.How often do you usually do the following banking activities?
120,F1,Microdata,V1642,k16a_01,k16a_01. Cash a cheque: How often
120,F1,Microdata,V1643,k16a_02,k16a_02. Deposit cash into a bank account: How often
120,F1,Microdata,V1644,k16a_03,k16a_03. Deposit a cheque into a bank account: How often
120,F1,Microdata,V1645,k16a_04,k16a_04. Cash withdrawal from a bank account: How often
120,F1,Microdata,V1646,k16a_05,k16a_05. Pay people/bills using a cheque: How often
120,F1,Microdata,V1647,k16a_06,k16a_06. Money transfers between your own bank accounts: How often
120,F1,Microdata,V1648,k16a_07,k16a_07. Money transfer to another person's bank account: How often
120,F1,Microdata,V1649,k16a_08,k16a_08. Received money from someone into a bank account: How often
120,F1,Microdata,V1650,k16a_09,k16a_09. Get a bank statement: How often
120,F1,Microdata,V1651,k16a_10,k16a_10. Buy airtime: How often
120,F1,Microdata,V1652,k16a_11,k16a_11. Buy groceries using my bank/debit card/POS: How often
120,F1,Microdata,V1653,k16a_12,k16a_12. None: How often
120,F1,Microdata,V1654,k16a_13,k16a_13. Other: How often
120,F1,Microdata,V1655,k16b,Which method do you use to...?
120,F1,Microdata,V1656,k16b_01,k16b_01. Cash a cheque: Method use
120,F1,Microdata,V1657,k16b_02,k16b_02. Deposit cash into a bank account: Method use
120,F1,Microdata,V1658,k16b_03,k16b_03. Deposit a cheque into a bank account: Method use
120,F1,Microdata,V1659,k16b_04,k16b_04. Cash withdrawal from a bank account: Method use
120,F1,Microdata,V1660,k16b_05,k16b_05. Pay people/bills using a cheque: Method use
120,F1,Microdata,V1661,k16b_06,k16b_06. Money transfers between your own bank accounts: Method use
120,F1,Microdata,V1662,k16b_07,k16b_07. Money transfer to another person's bank account: Method use
120,F1,Microdata,V1663,k16b_08,k16b_08. Received money from someone into a bank account: Method use
120,F1,Microdata,V1664,k16b_09,k16b_09. Get a bank statement: Method use
120,F1,Microdata,V1665,k16b_10,k16b_10. Buy airtime: Method use
120,F1,Microdata,V1666,k16b_11,k16b_11. Buy groceries using my bank/debit card/POS: Method use
120,F1,Microdata,V1667,k16b_13,k16b_13. Other: Method use
120,F1,Microdata,V1668,k17,K17. What is the main reason why you do not have a bank account?
120,F1,Microdata,V1669,k2_1,"K2.1 Just to check, do you have an MFI account?"
120,F1,Microdata,V1670,k2_2,K2.2 Have you used your MFI account this year?
120,F1,Microdata,V1671,k2_3,"K2.3 Still thinking of your MFI account, approximately how often do you use this"
120,F1,Microdata,V1672,k2_4_1,k2_4_1. Loans at MFI: please tell me whether you have
120,F1,Microdata,V1673,k2_4_2,k2_4_2. Savings at MFI: please tell me whether you have
120,F1,Microdata,V1674,k2_4_3,k2_4_3. Fund transfere using MFI account: please tell me whether you have
120,F1,Microdata,V1675,k2_4_4,k2_4_4. Insurance at MFI: please tell me whether you have
120,F1,Microdata,V1676,k2_4_5,k2_4_5. Pension at MFI: please tell me whether you have
120,F1,Microdata,V1677,k2_4_6,k2_4_6. Other: please tell me whether you have
120,F1,Microdata,V1678,k2_4_other_specify,"K2.4 Other, specify"
120,F1,Microdata,V1679,k2_5,K2.5 What is the main reason for you not using your MFI account?
120,F1,Microdata,V1680,k2_5_other_specify,"K2.5 Other, specify"
120,F1,Microdata,V1681,k2_6,K2.6 Does your MFI account help you manage your money better?
120,F1,Microdata,V1682,k2_7,K2.7 What is the main reason why do you not have an MFI account?
120,F1,Microdata,V1683,k3_1,K3.1 Are you a member of an Umurenge SACCO/have an Umurenge SACCO account?
120,F1,Microdata,V1684,k3_2,K3.2 Have you used your Umurenge SACCO account this year?
120,F1,Microdata,V1685,k3_3,"K3.3 Still thinking of your Umurenge SACCO account, approximately how often do y"
120,F1,Microdata,V1686,k3_4_1,k3_4_1. Loans through your SACCO account: please tell me whether you have
120,F1,Microdata,V1687,k3_4_2,k3_4_2. Savings through your SACCO account: please tell me whether you have
120,F1,Microdata,V1688,k3_4_3,k3_4_3. Fund transfere using your SACCO account: please tell me whether you have
120,F1,Microdata,V1689,k3_4_4,k3_4_4. Insurance: please tell me whether you have
120,F1,Microdata,V1690,k3_4_5,k3_4_5. Pension: please tell me whether you have
120,F1,Microdata,V1691,k3_4_6,k3_4_6. Other: please tell me whether you have
120,F1,Microdata,V1692,k3_5,K3.5 Does your Umurenge SACCO account help you manage your money better?
120,F1,Microdata,V1693,k3_6,K3.6 What is the main reason for you not using your Umurenge SACCO account?
120,F1,Microdata,V1694,k3_6_other_specify,"K3.6 Other, specify"
120,F1,Microdata,V1695,k3_7,K3.7 Thinking about the time when you first became a member/opened your Umurenge
120,F1,Microdata,V1696,k3_8,K3.8 Did you close any of these when you opened your Umurenge SACCO account/beca
120,F1,Microdata,V1697,k3_9,K3.9 Still thinking about the time when you first became a member/opened your Um
120,F1,Microdata,V1698,k3_10,K3.10 Did you give up your membership with any of these when you became a member
120,F1,Microdata,V1699,k3_11,K3.11 Does your SACCO account help you manage your money better?
120,F1,Microdata,V1700,k3_12,K3.12 What is the main reason why do you not have a bank account?
120,F1,Microdata,V1701,f1,"For each of the following statements,tell me whether itbis true or not?"
120,F1,Microdata,V1702,f1_1,f1_1. You would rather deal with people face to face than with machines such as
120,F1,Microdata,V1703,f1_2,f1_2. You are prepared to learn how to use new technology
120,F1,Microdata,V1704,f1_3,f1_3. You prefer to pay for goods and services in cash rather than using electro
120,F1,Microdata,V1705,f2,F2. How many mobile phones does this household own?
120,F1,Microdata,V1706,f3,F3. Do you own a mobile phone?
120,F1,Microdata,V1707,f4a,F4a. Do you have a SIM card registered in your name?
120,F1,Microdata,V1708,f4b,F4b. Do you use a mobile phone that belongs to someone else or is shared?
120,F1,Microdata,V1709,f4c,"F4c. Where you stay, do you normally have a reliable phone GSM network?"
120,F1,Microdata,V1710,f4d,F4d. What type of mobile phone/s do you use?
120,F1,Microdata,V1711,f4d_1,"f4d_1. A smartphone that can access the internet, send and receive emails and is"
120,F1,Microdata,V1712,f4d_2,"f4d_2. A feature phone that can access the internet, send and receive emails, st"
120,F1,Microdata,V1713,f4d_3,f4d_3. A basic phone which is only capable of voice calling and SMS
120,F1,Microdata,V1714,f4e,F4e. How many smartphones you have?
120,F1,Microdata,V1715,f5,F5. Which of the following statements best describes your experience with mobile
120,F1,Microdata,V1716,f6,F6. How many mobile money accounts do you currently have?
120,F1,Microdata,V1717,f7,F7. Why do you use mobile money services compared to other digital financial ser
120,F1,Microdata,V1718,f7_1,f7_1. This is the only accessible one in my community (Agent nearby)
120,F1,Microdata,V1719,f7_2,f7_2. It is easy to register (less requirements)
120,F1,Microdata,V1720,f7_3,f7_3. It is cheap or most affordable
120,F1,Microdata,V1721,f7_4,f7_4. This is the most convenient (takes less time)
120,F1,Microdata,V1722,f7_5,f7_5. Practical to pay bills
120,F1,Microdata,V1723,f7_6,f7_6. I trust it
120,F1,Microdata,V1724,f7_7,f7_7. It helps me to keep money safe or to save
120,F1,Microdata,V1725,f7_8,f7_8. Do not know (Do not read out)
120,F1,Microdata,V1726,f7_9,f7_9. Other (specify)
120,F1,Microdata,V1727,f8,F8. What problems or challenges have you faced when using mobile money (MTN and
120,F1,Microdata,V1728,f8_1,f8_1. Service / Agent network was down
120,F1,Microdata,V1729,f8_2,f8_2. Inconsistent availability of agent
120,F1,Microdata,V1730,f8_3,f8_3. Difficulty operating the phone/using menu
120,F1,Microdata,V1731,f8_4,f8_4. Unclear transaction charges/fees
120,F1,Microdata,V1732,f8_5,f8_5. Agent float/cash availability
120,F1,Microdata,V1733,f8_6,f8_6. Contacting customer care
120,F1,Microdata,V1734,f8_7,f8_7. Sending to a wrong number
120,F1,Microdata,V1735,f8_8,f8_8. Family/friends stealing money
120,F1,Microdata,V1736,f8_9,f8_9. Fraud
120,F1,Microdata,V1737,f8_10,f8_10. Money laundering
120,F1,Microdata,V1738,f8_11,f8_11. Other (SPECIFY)
120,F1,Microdata,V1739,f8_other_specify,"F8. Other, specify"
120,F1,Microdata,V1740,f9,F9. Are you a mobile money agent?
120,F1,Microdata,V1741,f10a,F10a. Now can you please tell me your mobile money service provider?
120,F1,Microdata,V1742,f10a_1,f10a_1. Airtel
120,F1,Microdata,V1743,f10a_2,f10a_2. MTN
120,F1,Microdata,V1744,f10a_3,f10a_3. Other
120,F1,Microdata,V1745,f10a_other_specify,"F10a. Other, specify"
120,F1,Microdata,V1746,f10b,f10b. can you tell me how important this mobile account assist you to manage you
120,F1,Microdata,V1747,f11,F11. How often do you use mobile money?
120,F1,Microdata,V1748,f12,F12. Does your Mobile Money account help you manage your money better?
120,F1,Microdata,V1749,f13,F13. Do you feel that Mobile Money fees and charges are affordable
120,F1,Microdata,V1750,f14,F14. What is the main reason why do you not use mobile money?
120,F1,Microdata,V1751,l1,L1. Do you belong to any informal financial groups?
120,F1,Microdata,V1752,l2,L2. Does it offer financial services?
120,F1,Microdata,V1753,l3,L3. How often do you contribute money to your group?
120,F1,Microdata,V1754,l4,L4. How do you mainly repay or make contributions towards your group?
120,F1,Microdata,V1755,l5,l5. what is the main reason why you belong to such a group/club?
120,F1,Microdata,V1756,l5_01,l5_01. Provide: Lend money out to members when they need the money
120,F1,Microdata,V1757,l5_02,l5_02. Provide: Lend out money to non-members when they want to borrow
120,F1,Microdata,V1758,l5_03,l5_03. Provide: Give collected money to one member every month
120,F1,Microdata,V1759,l5_04,l5_04. Provide: Keep the collected money for members and members can withdraw th
120,F1,Microdata,V1760,l5_05,l5_05. Provide: Keep the collected money for members and give to members after a
120,F1,Microdata,V1761,l5_06,l5_06. Provide: Buy assets as a group
120,F1,Microdata,V1762,l5_07,l5_07. Provide: Buy assets for individual members
120,F1,Microdata,V1763,l5_08,"l5_08. Provide: Raise or save money for social events (weddings, leisure,)"
120,F1,Microdata,V1764,l5_09,l5_09. Provide: Raise or save money for other emergencies for group members
120,F1,Microdata,V1765,l5_10,l5_10. Provide: Act as guarantor when members want to borrow money somewhere els
120,F1,Microdata,V1766,l5_11,l5_11. Provide: Assist with funeral cost
120,F1,Microdata,V1767,l5_12,l5_12. Provide: Put the collected funds into a financial institution such as a b
120,F1,Microdata,V1768,l5_13,l5_13. Provide: Put the collected funds into a financial institution such as a b
120,F1,Microdata,V1769,l6,I6. Do you agree\disagree with the following statements?
120,F1,Microdata,V1770,l6_1,l7_1. In a group they have more discipline in saving with a group than any other
120,F1,Microdata,V1771,l6_2,l7_2. I have more discipline in saving with a group than any other way because I
120,F1,Microdata,V1772,l6_3,l7_3. In a group they have more discipline paying back money borrowed from a gro
120,F1,Microdata,V1773,l7,"L8. Does the group you belong to, help you manage your money better?"
120,F1,Microdata,V1774,l8,L9. Why do you not belong to savings groups?
120,F1,Microdata,V1775,l8_1,l9_1. Do not trust them
120,F1,Microdata,V1776,l8_2,l9_2. They are too expensive
120,F1,Microdata,V1777,l8_3,l9_3. Do not get regular income
120,F1,Microdata,V1778,l8_4,l9_4. Dont have money to save
120,F1,Microdata,V1779,l8_5,l9_5. Dont want to borrow
120,F1,Microdata,V1780,l9_6,l9_6. Have lose money with them before
120,F1,Microdata,V1781,l8_7,l9_7. Do not have joing fee
120,F1,Microdata,V1782,l8_8,l9_8. Other (SPECIFY)
120,F1,Microdata,V1783,m1,M1. Please tell me which of the following statements best describes your househo
120,F1,Microdata,V1784,m2,M2. Please tell me which of the following farming your household is involved in?
120,F1,Microdata,V1785,m2_1,m2_1. Cattle
120,F1,Microdata,V1786,m2_2,"m2_2. Goats, sheep, pigs"
120,F1,Microdata,V1787,m2_3,"m2_3. Other livestock such as chickens, rabbits"
120,F1,Microdata,V1788,m2_4,"m2_4. Cash crops tea, coffee, pyrethrum"
120,F1,Microdata,V1789,m2_5,"m2_5. Fruit such as bananas, pineapple, avocado, pepper, papaya, passion fruit"
120,F1,Microdata,V1790,m2_6,"m2_6. Vegetables tomatoes, carrots, onions, cabbages"
120,F1,Microdata,V1791,m2_7,m2_7 Staples such as grains
120,F1,Microdata,V1792,m2_8,"m2_8. Roots such as sweet potatoes, cassava, Irish potatoes"
120,F1,Microdata,V1793,m2_9,"m2_9. Beans, peas, ground nuts"
120,F1,Microdata,V1794,m2_10,m2_10. Banana
120,F1,Microdata,V1795,m2_11,"m2_11. Macademia, Fresh beans"
120,F1,Microdata,V1796,m2_12,m2_12. Other (Specify)
120,F1,Microdata,V1797,m5a,"M5a. For your farming activities, you need things like farming equipment, seed o"
120,F1,Microdata,V1798,m5a_1,m5a_1. Don't have to buy because I manage with what I have already (keeping seed
120,F1,Microdata,V1799,m5a_2,m5a_2. Use money from other sources of income
120,F1,Microdata,V1800,m5a_3,"m5a_3. Use savings from formal institutions (bank, SACCO, MFI)"
120,F1,Microdata,V1801,m5a_4,m5a_4. VASLAs
120,F1,Microdata,V1802,m5a_5,m5a_5. Government Subsidy Scheme
120,F1,Microdata,V1803,m5a_6,"m5a_6. Digital loans (from digital platforms/fintechs, Mobile network Operators)"
120,F1,Microdata,V1804,m5a_7,m5a_7. Sell crops/livestock/other produce to get money
120,F1,Microdata,V1805,m5a_8,m5a_8. Get money in advance from buyer to whom we sell crop/livestock
120,F1,Microdata,V1806,m5a_9,m5a_9. Get from a supplier or distributor and pay later
120,F1,Microdata,V1807,m5a_10,"m5a_10. Loan from formal lending institutions (bank, SACCO, MFI, NTDFS)"
120,F1,Microdata,V1808,m5a_11,m5a_11. Loan/credits from buyer of your harvest/supplier of agricultural inputs
120,F1,Microdata,V1809,m5a_12,m5a_12. Loan from a farmers? association
120,F1,Microdata,V1810,m5a_13,m5a_13. Borrow from a community/savings group where we save and lend to each oth
120,F1,Microdata,V1811,m5a_14,m5a_14. Borrow from a money lender in the community
120,F1,Microdata,V1812,m5a_15,m5a_15. Borrow from friends and/or family
120,F1,Microdata,V1813,m5a_16,m5a_16. Don't buy inputs - get inputs in exchange for goods or labour
120,F1,Microdata,V1814,m5a_17,m5a_17. Don't know
120,F1,Microdata,V1815,m5a_18,"m5a_18, Other (Specify)"
120,F1,Microdata,V1816,m5b,M5b. Where do you mainly get the money for farming activities?
120,F1,Microdata,V1817,m6,M6. Have you used any of your assets or land to secure a loan for yourself or fo
120,F1,Microdata,V1818,m7,M7. Do you/your household farm mostly for consumption or selling?
120,F1,Microdata,V1819,m8,M8. Have you or your household ever considered turning your farming activities i
120,F1,Microdata,V1820,m9,M9. If you have considered turning your farming activities into a small business
120,F1,Microdata,V1821,m9_1,m9_1. Do not have means/money/Don't have enough water
120,F1,Microdata,V1822,m9_2,"m9_2. Land issues (quality, size)"
120,F1,Microdata,V1823,m9_3,m9_3. Do not have collateral to acquire inputs
120,F1,Microdata,V1824,m9_4,m9_4. The market is too far away
120,F1,Microdata,V1825,m9_5,"m9_5. Transport issues (cost, reliability.)"
120,F1,Microdata,V1826,m9_6,m9_6. There is no surplus to sell / low yields
120,F1,Microdata,V1827,m9_7,m9_7. Market price is too low
120,F1,Microdata,V1828,m9_8,m9_8. Other (Specify)
120,F1,Microdata,V1829,m10,M10. What are the main challenges you face when selling your produce?
120,F1,Microdata,V1830,m10_1,m10_1. Distance to the market
120,F1,Microdata,V1831,m10_2,"m10_2. Transportation (access, cost, reliability, damaging goods)"
120,F1,Microdata,V1832,m10_3,m10_3. Lack of storage
120,F1,Microdata,V1833,m10_4,"m10_4. Problems with buyers of products (price, payment)"
120,F1,Microdata,V1834,m10_5,m10_5. Goods/products get damaged in transit
120,F1,Microdata,V1835,m10_6,m10_6. Low/fluctuating market prices
120,F1,Microdata,V1836,m10_7,m10_7. Lack of refrigeration facilities
120,F1,Microdata,V1837,m10_8,m10_8. No loan facilities nearby
120,F1,Microdata,V1838,m10_9,m10_9. Process of getting the loan is long
120,F1,Microdata,V1839,m10_10,m10_10. The timing of when the money is paid does not suit me
120,F1,Microdata,V1840,m10_11,m10_11. Do not know/no answer
120,F1,Microdata,V1841,m10_12,m10_12. Other (Specify)
120,F1,Microdata,V1842,n1a,N1a. Please tell me about all the different ways you get/make money to pay for y
120,F1,Microdata,V1843,n1a_1,n1a_1. Salary/wages from Government institution
120,F1,Microdata,V1844,n1a_2,n1a_2. Salary/wages from a private business/company
120,F1,Microdata,V1845,n1a_3,n1a_3. Salary/wages from a farmer
120,F1,Microdata,V1846,n1a_4,n1a_4. Salary/wages from an individual
120,F1,Microdata,V1847,n1a_5,n1a_5. Self-employed (have own registered/licensed business)
120,F1,Microdata,V1848,n1a_6,n1a_6. Money from farming (crops and/or livestock; by-products from livestock)
120,F1,Microdata,V1849,n1a_7,n1a_7. Money from fishing
120,F1,Microdata,V1850,n1a_8,n1a_8. Rental income
120,F1,Microdata,V1851,n1a_9,n1a_9. Private pension
120,F1,Microdata,V1852,n1a_10,n1a_10. Government pension
120,F1,Microdata,V1853,n1a_11,n1a_11. Government/state grant/VUP grant/ VUP cash transfer
120,F1,Microdata,V1854,n1a_12,n1a_12. Social protection
120,F1,Microdata,V1855,n1a_13,n1a_13. Gift
120,F1,Microdata,V1856,n1a_14,n1a_14. Remittances (money from friends/family)
120,F1,Microdata,V1857,n1a_15,n1a_15. Get money from household member
120,F1,Microdata,V1858,n1a_16,n1a_16. Household member pays my expenses
120,F1,Microdata,V1859,n1a_17,n1a_17. Piece work
120,F1,Microdata,V1860,n1a_18,n1a_18. VUP public works
120,F1,Microdata,V1861,n1a_19,n1a_19. Make goods to sell
120,F1,Microdata,V1862,n1a_20,n1a_20. Sell something I grow
120,F1,Microdata,V1863,n1a_21,n1a_21. Sell something I collect from nature (thatch/wood/charcoal)
120,F1,Microdata,V1864,n1a_22,n1a_22. Self-employed (have own business -not registered/licensed)
120,F1,Microdata,V1865,n1a_23,n1a_23. Humaniterian
120,F1,Microdata,V1866,n1b,N1b. On which of these do you rely most to make a living?
120,F1,Microdata,V1867,n2,N2. How do you MOSTLY receive the money you get from ?...?
120,F1,Microdata,V1868,n3,N3. How do you receive the money you get from ?...?
120,F1,Microdata,V1869,n4,"N4. Which of these, if any, best describes your personal working status?"
120,F1,Microdata,V1870,n5,N5. How long you have been unemployed?
120,F1,Microdata,V1871,n6,n6. Which of the following statements are true to you?
120,F1,Microdata,V1872,n6_1,n6_1. You participate in community projects
120,F1,Microdata,V1873,n6_2,n6_2. You had an internship or had a volunteered job in the past 12 months
120,F1,Microdata,V1874,n6_3,n6_3. You tried to start your own business
120,F1,Microdata,V1875,n6_4,n6_4. You currently doing any course/training to improve job prospects
120,F1,Microdata,V1876,n6_5,n6_5. You have the skills necessary to find a job
120,F1,Microdata,V1877,n7a,"N7a. How many hours a day do you spend on unpaid work? When I say unpaid work, I"
120,F1,Microdata,V1878,n7b,"N7b. How many hours a day do you spend taking care of family members (children,"
120,F1,Microdata,V1879,n9,"N9. In total, how many people, if any, do you employ in your business?"
120,F1,Microdata,V1880,n10,N10. Would it be easier for you to give me an estimate of this for a month or fo
120,F1,Microdata,V1881,n11,N11. What is your monthly personal total income?
120,F1,Microdata,V1882,n12,N12. What is your Annual total income?
120,F1,Microdata,V1883,n13,"N13. What impact has COVID19 had on your livelihoods/income since March, 2020, t"
120,F1,Microdata,V1884,n13_1,n13_1. I got retrenched
120,F1,Microdata,V1885,n13_2,n13_2. Stopped working for some time
120,F1,Microdata,V1886,n13_3,n13_3. Income/revenue reduced
120,F1,Microdata,V1887,n13_4,n13_4. Same as before/nothing changed
120,F1,Microdata,V1888,n13_5,"n13_5. Same as before, but expect the worse in future"
120,F1,Microdata,V1889,n13_6,"n13_6. Company?s benefits such as pension fund, medical aid, etc. were reduced o"
120,F1,Microdata,V1890,n13_7,n13_7. Income/revenue increased
120,F1,Microdata,V1891,n13_8,n13_8. Could not operate due to restrictions
120,F1,Microdata,V1892,n13_9,n13_9. Do not know
120,F1,Microdata,V1893,n13_10,n13_10. Other
120,F1,Microdata,V1894,n14,"N14. Since March 1st, 2020, have you or anyone in your household (including for"
120,F1,Microdata,V1895,n14_1,n14_1. Government of Rwanda
120,F1,Microdata,V1896,n14_2,n14_2. Banking institution
120,F1,Microdata,V1897,n14_3,n14_3. Church/Mosque
120,F1,Microdata,V1898,n14_4,n14_4. Savings groups
120,F1,Microdata,V1899,n14_5,n14_5. Bank or mobile money agent
120,F1,Microdata,V1900,n14_6,n14_6. Cooperative
120,F1,Microdata,V1901,n14_7,n14_7. Friends/family/community
120,F1,Microdata,V1902,n14_8,n14_8. Employer
120,F1,Microdata,V1903,n14_9,n14_9. Microfinance
120,F1,Microdata,V1904,n14_10,n14_10. Moneylender
120,F1,Microdata,V1905,n14_11,n14_11. Did not receive any support
120,F1,Microdata,V1906,n15,n15.which of the following financial activities have you started using since COV
120,F1,Microdata,V1907,n15_01,n15_01. Have you started use-Mobile money
120,F1,Microdata,V1908,n15_02,n15_02. Have you started use-Bank transfer/Mobile banking
120,F1,Microdata,V1909,n15_03,n15_03. Have you started use-Card swiping
120,F1,Microdata,V1910,n15_04,n15_04. Have you started use-Card tapping
120,F1,Microdata,V1911,n15_05,n15_05. Have you started use-Borrowed money
120,F1,Microdata,V1912,n15_06,n15_06. Have you started use-Saved money
120,F1,Microdata,V1913,n15_07,n15_07. Have you started use-Took new insurance product
120,F1,Microdata,V1914,n15_08,n15_08. Have you started use-Sending money to someone not living with you
120,F1,Microdata,V1915,n15_09,n15_09. Have you started use-Online shopping
120,F1,Microdata,V1916,n15_10,n15_10. Have you started use-Food delivery service/ grocery store delivery
120,F1,Microdata,V1917,n15_11,n15_11. Have you started use-Savings groups
120,F1,Microdata,V1918,n15_12,n15_12. Have you started use-Invested money using mobile/online platforms
120,F1,Microdata,V1919,n15_13,n15_13. Have you started use-Bought shares online
120,F1,Microdata,V1920,n15_14,n15_14. Have you started use-Sold shares online
120,F1,Microdata,V1921,p1,p1. place your match sticks according to how you spend your money in the past m
120,F1,Microdata,V1922,p1_01,p1_01. Number/Food and drink and other groceries
120,F1,Microdata,V1923,p1_02,"p1_02. Number/Water Electricity, paraffin, gas and other fuel"
120,F1,Microdata,V1924,p1_03,p1_03. Number/Education
120,F1,Microdata,V1925,p1_04,p1_04. Number/Transport expenses
120,F1,Microdata,V1926,p1_05,"p1_05. Number/Bond or home loan, credit card, car financing"
120,F1,Microdata,V1927,p1_06,p1_06. Number/Communication
120,F1,Microdata,V1928,p1_07,"p1_07. Number/Medical, health expenses, doctors' fees, pharmacy/chemist medicine"
120,F1,Microdata,V1929,p1_08,"p1_08. Number/Rental payments and rates, levies"
120,F1,Microdata,V1930,p1_09,p1_09. Number/Other debt repayments
120,F1,Microdata,V1931,p1_10,"p1_10. Number/Savings, investments and retirement"
120,F1,Microdata,V1932,p1_11,p1_11. Number/Insurance premium payments
120,F1,Microdata,V1933,p1_12,"p1_12. Number/Household furnishings, equipment and routine household maintenance"
120,F1,Microdata,V1934,p1_13,p1_13. Number/Personal spending
120,F1,Microdata,V1935,p1_14,"p1_14. Number/Leisure, entertainment and miscellaneous goods and services"
120,F1,Microdata,V1936,p1_15,p1_15. Number/Farming inputs
120,F1,Microdata,V1937,p1_16,p1_16. Number/Business inputs
120,F1,Microdata,V1938,total_p,P. Total number
120,F1,Microdata,V1939,p2_01_01,p2. How do you normally pay: Food/drink - Cash
120,F1,Microdata,V1940,p2_02_01,"p2. How do you normally pay: Water, Electricity, gas, fuel- Cash"
120,F1,Microdata,V1941,p2_03_01,"p2. How do you normally pay: Education (fees, uniform, transport, stationery) -"
120,F1,Microdata,V1942,p2_04_01,p2. How do you normally pay: Transport expenses- Cash
120,F1,Microdata,V1943,p2_05_01,p2. How do you normally pay: Food/drink - Cash
120,F1,Microdata,V1944,p2_06_01,p2. How do you normally pay: Communication - Cash
120,F1,Microdata,V1945,p2_07_01,"p2. How do you normally pay: Medical, health expenses,pharmacy - Cash"
120,F1,Microdata,V1946,p2_08_01,"p2. How do you normally pay: Rental payments and rates, levies - Cash"
120,F1,Microdata,V1947,p2_09_01,p2. How do you normally pay: Other debt repayments - Cash
120,F1,Microdata,V1948,p2_10_01,"p2. How do you normally pay: Savings, investments and retirement - Cash"
120,F1,Microdata,V1949,p2_11_01,p2. How do you normally pay: Insurance premium payments-Cash
120,F1,Microdata,V1950,p2_12_01,"p2. How do you normally pay: Household furnishings,equipment,maintenance - Cash"
120,F1,Microdata,V1951,p2_13_01,p2. How do you normally: Personal spending - Cash
120,F1,Microdata,V1952,p2_14_01,"p2. How do you normally pay: Leisure, entertainment and miscellaneous goods and"
120,F1,Microdata,V1953,p2_15_01,p2. How do you normally: Farming inputs- Cash
120,F1,Microdata,V1954,p2_16_01,p2. How do you normally: Business inputs- Cash
120,F1,Microdata,V1955,p2_01_02,p2. How do you normally: Food/drink - Cheque
120,F1,Microdata,V1956,p2_02_02,"p2. How do you normally pay: Water, Electricity, gas, fuel - Cheque"
120,F1,Microdata,V1957,p2_03_02,"p2. How do you normally pay: Education (fees, uiform, transport, stationery)- Ch"
120,F1,Microdata,V1958,p2_04_02,p2. How do you normally pay: Transport expense - Cheque
120,F1,Microdata,V1959,p2_05_02,p2. How do you normally pay: Food/drink - Cheque
120,F1,Microdata,V1960,p2_06_02,p2. How do you normally pay: Communication - Cheque
120,F1,Microdata,V1961,p2_07_02,"p2. How do you normally pay: Medical, health expenses,pharmacy - Cheque"
120,F1,Microdata,V1962,p2_08_02,"p2. How do you normally pay: Rental payments and rates, levies - Cheque"
120,F1,Microdata,V1963,p2_09_02,p2. How do you normally pay: Other debt repayments - Cheque
120,F1,Microdata,V1964,p2_10_02,"p2. How do you normally pay: Savings, investments and retirement - Cheque"
120,F1,Microdata,V1965,p2_11_02,p2. How do you normally pay: Insurance premium payments- Cheque
120,F1,Microdata,V1966,p2_12_02,"p2. How do you normally pay: Household furnishings,equipment,maintenance - Chequ"
120,F1,Microdata,V1967,p2_13_02,p2. How do you normally pay: Personal spending - Cheque
120,F1,Microdata,V1968,p2_14_02,"p2. How do you normally pay: Leisure, entertainment and miscellaneous goods and"
120,F1,Microdata,V1969,p2_15_02,p2. How do you normally pay: Farming inputs- Cheque
120,F1,Microdata,V1970,p2_16_02,p2. How do you normally pay: Business inputs- Cheque
120,F1,Microdata,V1971,p2_01_03,p2. How do you normally pay: Food/drink - Cash card payments
120,F1,Microdata,V1972,p2_02_03,"p2. How do you normally pay: Water, Electricity, gas, fuel- Cash card payments"
120,F1,Microdata,V1973,p2_03_03,"p2. How do you normally pay: Education (fees, uniform, transport, stationery) -"
120,F1,Microdata,V1974,p2_04_03,p2. How do you normally pay: Transport expense - Cash card payments
120,F1,Microdata,V1975,p2_05_03,p2. How do you normally pay: Food/drink - Cash card payments
120,F1,Microdata,V1976,p2_06_03,p2. How do you normally pay: Communication - Cash card payments
120,F1,Microdata,V1977,p2_07_03,"p2. How do you normally pay: Medical, health expenses,pharmacy - Cash card payme"
120,F1,Microdata,V1978,p2_08_03,"p2. How do you normally pay: Rental payments and rates, levies - Cash card paym"
120,F1,Microdata,V1979,p2_09_03,p2. How do you normally pay: Other debt repayments - Cash card payments
120,F1,Microdata,V1980,p2_10_03,"p2. How do you normally pay: Savings, investments and retirement - Cash card pa"
120,F1,Microdata,V1981,p2_11_03,p2. How do you normally pay: Insurance premium payments- Cash card payments
120,F1,Microdata,V1982,p2_12_03,"p2. How do you normally pay: Household furnishings,equipment,maintenance - Cash"
120,F1,Microdata,V1983,p2_13_03,p2. How do you normally pay: Personal spending - Cash card payments
120,F1,Microdata,V1984,p2_14_03,"p2. How do you normally pay: Leisure, entertainment and miscellaneous goods and"
120,F1,Microdata,V1985,p2_15_03,p2. How do you normally pay: Farming inputs- Cash card payments
120,F1,Microdata,V1986,p2_16_03,p2. How do you normally pay: Business inputs- Cash card payments
120,F1,Microdata,V1987,p2_01_04,p2. How do you normally pay: Food/drink - Internet banking to make an EFT
120,F1,Microdata,V1988,p2_02_04,"p2. How do you normally pay: Water, Electricity, gas, fuel- Internet banking to"
120,F1,Microdata,V1989,p2_03_04,"p2. How do you normally pay: Education (fees, uniform, transport, stationery) -"
120,F1,Microdata,V1990,p2_04_04,p2. How do you normally pay: Transport expense - Internet banking to make an EFT
120,F1,Microdata,V1991,p2_05_04,p2. How do you normally pay: Food/drink - Internet banking to make an EFT
120,F1,Microdata,V1992,p2_06_04,p2. How do you normally pay: Communication - Internet banking to make an EFT
120,F1,Microdata,V1993,p2_07_04,"p2. How do you normally pay: Medical, health expenses,pharmacy - Internet bankin"
120,F1,Microdata,V1994,p2_08_04,"p2. How do you normally pay: Rental payments and rates, levies - Internet banki"
120,F1,Microdata,V1995,p2_09_04,p2. How do you normally pay: Other debt repayments - Internet banking to make an
120,F1,Microdata,V1996,p2_10_04,"p2. How do you normally pay: Savings, investments and retirement - Internet ban"
120,F1,Microdata,V1997,p2_11_04,p2. How do you normally pay: Insurance premium payments - Internet banking to ma
120,F1,Microdata,V1998,p2_12_04,"p2. How do you normally pay: Household furnishings,equipment,maintenance - Inter"
120,F1,Microdata,V1999,p2_13_04,p2. How do you normally pay: Personal spending- Internet banking to make an EFT
120,F1,Microdata,V2000,p2_14_04,"p2. How do you normally pay: Leisure, entertainment and miscellaneous goods and"
120,F1,Microdata,V2001,p2_15_04,p2. How do you normally pay: Farming inputs- Internet banking to make an EFT
120,F1,Microdata,V2002,p2_16_04,p2. How do you normally pay: Business inputs- Internet banking to make an EFT
120,F1,Microdata,V2003,p2_01_05,p2. How do you normally pay: Food/drink - Banking app to make EFT
120,F1,Microdata,V2004,p2_02_05,"p2. How do you normally pay: Water, Electricity, gas, fuel - Banking app to mak"
120,F1,Microdata,V2005,p2_03_05,"p2. How do you normally pay: Education (fees, uniform, transport, stationery) -"
120,F1,Microdata,V2006,p2_04_05,p2. How do you normally pay: Transport expense - Banking app to make EFT
120,F1,Microdata,V2007,p2_05_05,p2. How do you normally pay: Food/drink - Banking app to make EFT
120,F1,Microdata,V2008,p2_06_05,p2. How do you normally pay: Communicationk - Banking app to make EFT
120,F1,Microdata,V2009,p2_07_05,"p2. How do you normally pay: Medical, health expenses,pharmacy - Banking app to"
120,F1,Microdata,V2010,p2_08_05,"p2. How do you normally pay: Rental payments and rates, levies - Banking app to"
120,F1,Microdata,V2011,p2_09_05,p2. How do you normally pay: Other debt repayments - Banking app to make EFT
120,F1,Microdata,V2012,p2_10_05,"p2. How do you normally pay: Savings, investments and retirement - Banking app"
120,F1,Microdata,V2013,p2_11_05,p2. How do you normally pay: Insurance premium payments - Banking app to make EF
120,F1,Microdata,V2014,p2_12_05,"p2. How do you normally pay: Household furnishings,equipment,maintenance - Banki"
120,F1,Microdata,V2015,p2_13_05,p2. How do you normally pay: Personal spending - Banking app to make EFT
120,F1,Microdata,V2016,p2_14_05,"p2. How do you normally pay: Leisure, entertainment and miscellaneous goods and"
120,F1,Microdata,V2017,p2_15_05,p2. How do you normally pay: Farming inputs- Banking app to make EFT
120,F1,Microdata,V2018,p2_16_05,p2. How do you normally pay: Business inputs- Banking app to make EFT
120,F1,Microdata,V2019,p2_01_06,p2. How do you normally pay: Food/drink - Online payments
120,F1,Microdata,V2020,p2_02_06,"p2. How do you normally pay: Water, Electricity, gas, fuel - Online payments"
120,F1,Microdata,V2021,p2_03_06,"p2. How do you normally pay: Education (fees, uniform, transport, stationery) -"
120,F1,Microdata,V2022,p2_04_06,p2. How do you normally pay: Transport expense - Online payments
120,F1,Microdata,V2023,p2_05_06,p2. How do you normally pay: Food/drink - Online payments
120,F1,Microdata,V2024,p2_06_06,p2. How do you normally pay: Communication - Online payments
120,F1,Microdata,V2025,p2_07_06,"p2. How do you normally pay: Medical, health expenses,pharmacy - Online payments"
120,F1,Microdata,V2026,p2_08_06,"p2. How do you normally pay: Rental payments and rates, levies - Online payment"
120,F1,Microdata,V2027,p2_09_06,p2. How do you normally pay: Other debt repayments - Online payments
120,F1,Microdata,V2028,p2_10_06,"p2. How do you normally pay: Savings, investments and retirement - Online payme"
120,F1,Microdata,V2029,p2_11_06,p2. How do you normally pay: Insurance premium payments - Online payments
120,F1,Microdata,V2030,p2_12_06,"p2. How do you normally pay: Household furnishings,equipment, maintenance - Onli"
120,F1,Microdata,V2031,p2_13_06,p2. How do you normally pay: Personal spending - Online payments
120,F1,Microdata,V2032,p2_14_06,"p2. How do you normally pay: Leisure, entertainment & miscellaneous goods and se"
120,F1,Microdata,V2033,p2_15_06,p2. How do you normally pay: Farming inputs- Online payments
120,F1,Microdata,V2034,p2_16_06,p2. How do you normally pay: Business inputs- Online payments
120,F1,Microdata,V2035,p2_01_07,p2. How do you normally pay: Food/drink - Bank card swipe
120,F1,Microdata,V2036,p2_02_07,"p2. How do you normally pay:: Water, Electricity, gas, fuel- Bank card swipe"
120,F1,Microdata,V2037,p2_03_07,"p2. How do you normally pay: Education (fees, uniform, transport, stationery) -"
120,F1,Microdata,V2038,p2_04_07,p2. How do you normally pay: Transport expense Food/drink - Bank card swipe
120,F1,Microdata,V2039,p2_05_07,p2. How do you normally pay: Food/drink - Bank card swipe
120,F1,Microdata,V2040,p2_06_07,p2. How do you normally pay: Communication - Bank card swipe
120,F1,Microdata,V2041,p2_07_07,"p2. How do you normally pay: Medical, health expenses,pharmacy - Bank card swipe"
120,F1,Microdata,V2042,p2_08_07,"p2. How do you normally pay: Rental payments and rates, levies - Bank card swip"
120,F1,Microdata,V2043,p2_09_07,p2. How do you normally pay: Other debt repayments - Bank card swipe
120,F1,Microdata,V2044,p2_10_07,"p2. How do you normally pay: Savings, investments and retirement - Bank card sw"
120,F1,Microdata,V2045,p2_11_07,p2. How do you normally pay: Insurance premium payments - Bank card swipe
120,F1,Microdata,V2046,p2_12_07,"p2. How do you normally pay: Household furnishings,equipment,maintenance - Bank"
120,F1,Microdata,V2047,p2_13_07,p2. How do you normally pay: Personal spending - Bank card swipe
120,F1,Microdata,V2048,p2_14_07,"p2. How do you normally pay: Leisure, entertainment and miscellaneous goods and"
120,F1,Microdata,V2049,p2_15_07,p2. How do you normally pay: Farming inputs- Bank card swipe
120,F1,Microdata,V2050,p2_16_07,p2. How do you normally pay: Business inputs- Bank card swipe
120,F1,Microdata,V2051,p2_01_08,p2. How do you normally pay: Food/drink - Bank card tap
120,F1,Microdata,V2052,p2_02_08,"p2. How do you normally pay: Water, Electricity, gas, fuel- Bank card tap"
120,F1,Microdata,V2053,p2_03_08,"p2. How do you normally pay: Education (fees, uniform, transport, stationery) -"
120,F1,Microdata,V2054,p2_04_08,p2. How do you normally pay: Transport expensek - Bank card tap
120,F1,Microdata,V2055,p2_05_08,p2. How do you normally pay: Food/drink - Bank card tap
120,F1,Microdata,V2056,p2_06_08,p2. How do you normally pay: Communication - Bank card tap
120,F1,Microdata,V2057,p2_07_08,"p2. How do you normally pay: Medical, health expenses,pharmacy - Bank card tap"
120,F1,Microdata,V2058,p2_08_08,"p2. How do you normally pay: Rental payments and rates, levies - Bank card tap"
120,F1,Microdata,V2059,p2_09_08,p2. How do you normally pay: Other debt repayments - Bank card tap
120,F1,Microdata,V2060,p2_10_08,"p2. How do you normally pay: Savings, investments and retirement - Bank card ta"
120,F1,Microdata,V2061,p2_11_08,p2. How do you normally pay: Insurance premium payments - Bank card tap
120,F1,Microdata,V2062,p2_12_08,"p2. How do you normally pay: Household furnishings,equipment,maintenance - Bank"
120,F1,Microdata,V2063,p2_13_08,p2. How do you normally pay: Personal spending - Bank card tap
120,F1,Microdata,V2064,p2_14_08,"p2. How do you normally pay: Leisure, entertainment and miscellaneous goods and"
120,F1,Microdata,V2065,p2_15_08,p2. How do you normally pay: Farming inputs- Bank card tap
120,F1,Microdata,V2066,p2_16_08,p2. How do you normally pay: Business inputs- Bank card tap
120,F1,Microdata,V2067,p2_01_09,p2. How do you normally pay: Food/drink - Bank card for online purchase
120,F1,Microdata,V2068,p2_02_09,"p2. How do you normally pay: Water, Electricity, gas, fuel - Bank card for onlin"
120,F1,Microdata,V2069,p2_03_09,"p2. How do you normally pay: Education (fees, uniform, transport, stationery) -"
120,F1,Microdata,V2070,p2_04_09,p2. How do you normally pay: Transport expense - Bank card for online purchase
120,F1,Microdata,V2071,p2_05_09,p2. How do you normally pay: Food/drink - Bank card for online purchase
120,F1,Microdata,V2072,p2_06_09,p2. How do you normally pay: Communication - Bank card for online purchase
120,F1,Microdata,V2073,p2_07_09,"p2. How do you normally pay: Medical, health expenses,pharmacy - Bank card for o"
120,F1,Microdata,V2074,p2_08_09,"p2. How do you normally pay: Rental payments and rates, levies - Bank card for"
120,F1,Microdata,V2075,p2_09_09,p2. How do you normally pay: Other debt repayments - Bank card for online purcha
120,F1,Microdata,V2076,p2_10_09,"p2. How do you normally pay: Savings, investments and retirement - Bank card fo"
120,F1,Microdata,V2077,p2_11_09,p2. How do you normally pay: Insurance premium payments - Bank card for online p
120,F1,Microdata,V2078,p2_12_09,"p2. How do you normally pay: Household furnishings,equipment,maintenance- Bank c"
120,F1,Microdata,V2079,p2_13_09,p2. How do you normally pay: Personal spending - Bank card for online purchase
120,F1,Microdata,V2080,p2_14_09,"p2. How do you normally pay: Leisure, entertainment and miscellaneous goods and"
120,F1,Microdata,V2081,p2_15_09,p2. How do you normally pay: Farming inputs- Bank card for online purchase
120,F1,Microdata,V2082,p2_16_09,p2. How do you normally pay: Business inputs- Bank card for online purchase
120,F1,Microdata,V2083,p2_01_10,p2. How do you normally pay: Food/drink - Mobile money
120,F1,Microdata,V2084,p2_02_10,"p2. How do you normally pay: Water, Electricity, gas, fuel- Mobile money"
120,F1,Microdata,V2085,p2_03_10,"p2. How do you normally pay: Education (fees, uniform, transport, stationery)-"
120,F1,Microdata,V2086,p2_04_10,p2. How do you normally pay: Transport expense - Mobile money
120,F1,Microdata,V2087,p2_05_10,p2. How do you normally pay: Food/drink - Mobile money
120,F1,Microdata,V2088,p2_06_10,p2. How do you normally pay: Communication - Mobile money
120,F1,Microdata,V2089,p2_07_10,"p2. How do you normally pay: Medical, health expenses,pharmacy - Mobile money"
120,F1,Microdata,V2090,p2_08_10,"p2. How do you normally pay: Rental payments and rates, levies - Mobile money"
120,F1,Microdata,V2091,p2_09_10,p2. How do you normally pay: Other debt repayments - Mobile money
120,F1,Microdata,V2092,p2_10_10,"p2. How do you normally pay: Savings, investments and retirement - Mobile money"
120,F1,Microdata,V2093,p2_11_10,p2. How do you normally pay: Insurance premium payments - Mobile money
120,F1,Microdata,V2094,p2_12_10,"p2. How do you normally pay: Household furnishings,equipment,maintenance - Mobi"
120,F1,Microdata,V2095,p2_13_10,p2. How do you normally pay: Personal spending - Mobile money
120,F1,Microdata,V2096,p2_14_10,p2. How do you normally pay: Leisure & entertainment- Mobile mone
120,F1,Microdata,V2097,p2_15_10,p2. How do you normally pay: Farming inputs- Mobile money
120,F1,Microdata,V2098,p2_16_10,p2. How do you normally pay: Business inputs- Mobile money
120,F1,Microdata,V2099,p2_01_11,p2. How do you normally pay: Food/drink - Mobilepayments (USSD)
120,F1,Microdata,V2100,p2_02_11,"p2. How do you normally pay: Water, Electricity, gas, fuel- Mobilepayments (USSD"
120,F1,Microdata,V2101,p2_03_11,"p2. How do you normally pay: Education (fees, uniform, transport, stationery)- M"
120,F1,Microdata,V2102,p2_04_11,p2. How do you normally pay: Transport expense - Mobilepayments (USSD)
120,F1,Microdata,V2103,p2_05_11,p2. How do you normally pay: Food/drink - Mobilepayments (USSD)
120,F1,Microdata,V2104,p2_06_11,p2. How do you normally pay: Communication - Mobilepayments (USSD)
120,F1,Microdata,V2105,p2_07_11,"p2. How do you normally pay: Medical, health expenses,pharmacy - Mobilepayments"
120,F1,Microdata,V2106,p2_08_11,"p2. How do you normally pay: Rental payments and rates, levies - Mobilepayments"
120,F1,Microdata,V2107,p2_09_11,p2. How do you normally pay: Other debt repayments - Mobilepayments (USSD)
120,F1,Microdata,V2108,p2_10_11,"p2. How do you normally pay: Savings, investments and retirement - Mobilepaymen"
120,F1,Microdata,V2109,p2_11_11,p2. How do you normally pay: Insurance premium payments - Mobilepayments (USSD)
120,F1,Microdata,V2110,p2_12_11,"p2. How do you normally pay: Household furnishings,equipment,maintenance - Mobi"
120,F1,Microdata,V2111,p2_13_11,p2. How do you normally pay: Personal spending - Mobilepayments (USSD)
120,F1,Microdata,V2112,p2_14_11,"p2. How do you normally pay: Leisure, entertainment and miscellaneous goods and"
120,F1,Microdata,V2113,p2_15_11,p2. How do you normally pay: Farming inputs- Mobilepayments (USSD)
120,F1,Microdata,V2114,p2_16_11,p2. How do you normally pay: Business inputs- Mobilepayments (USSD)
120,F1,Microdata,V2115,p2_01_12,p2. How do you normally pay: Food/drink - Tap and How do you normally pay: card
120,F1,Microdata,V2116,p2_02_12,"p2. How do you normally pay:: Water, Electricity, gas, fuel - Tap and How do yo"
120,F1,Microdata,V2117,p2_03_12,"p2. How do you normally pay: Education (fees, uniform, transport, stationery)-"
120,F1,Microdata,V2118,p2_04_12,p2. How do you normally pay: Transport expense - Tap and How do you normally pay
120,F1,Microdata,V2119,p2_05_12,p2. How do you normally pay: Food/drink - Tap and How do you normally pay: card
120,F1,Microdata,V2120,p2_06_12,p2. How do you normally pay: Communication - Tap and How do you normally pay: ca
120,F1,Microdata,V2121,p2_07_12,"p2. How do you normally pay: Medical, health expenses,pharmacy - Tap and How do"
120,F1,Microdata,V2122,p2_08_12,"p2. How do you normally pay: Rental payments and rates, levies - Tap and How do"
120,F1,Microdata,V2123,p2_09_12,p2. How do you normally pay: Other debt repayments - Tap and How do you normally
120,F1,Microdata,V2124,p2_10_12,"p2. How do you normally pay: Savings, investments and retirement - Tap and How"
120,F1,Microdata,V2125,p2_11_12,p2. How do you normally pay: Insurance premium payments - Tap and How do you nor
120,F1,Microdata,V2126,p2_12_12,"p2. How do you normally pay: Household furnishings,equipment,maintenance - Tap a"
120,F1,Microdata,V2127,p2_13_12,p2. How do you normally pay: Personal spending - Tap and How do you normally pay
120,F1,Microdata,V2128,p2_14_12,"p2. How do you normally pay: Leisure, entertainment and miscellaneous goods and"
120,F1,Microdata,V2129,p2_15_12,p2. How do you normally pay: Farming inputs- Tap and How do you normally pay: ca
120,F1,Microdata,V2130,p2_16_12,p2. How do you normally pay: Business inputs- Tap and How do you normally pay: c
120,F1,Microdata,V2131,p2_01_13,p2. How do you normally pay: Food/drink - On credit / on tab /on book
120,F1,Microdata,V2132,p2_02_13,"p2. How do you normally pay: Water, Electricity, gas, fuel- On credit / on tab /"
120,F1,Microdata,V2133,p2_03_13,"p2. How do you normally pay: Education (fees, uniform, transport, stationery)-"
120,F1,Microdata,V2134,p2_04_13,p2. How do you normally pay: Transport expense- On credit / on tab /on book
120,F1,Microdata,V2135,p2_05_13,p2. How do you normally pay: Food/drink - On credit / on tab /on book
120,F1,Microdata,V2136,p2_06_13,p2. How do you normally pay: Communication - On credit / on tab /on book
120,F1,Microdata,V2137,p2_07_13,"p2. How do you normally pay: Medical, health expenses,pharmacy - On credit / on"
120,F1,Microdata,V2138,p2_08_13,"p2. How do you normally pay: Rental payments and rates, levies - On credit / on"
120,F1,Microdata,V2139,p2_09_13,p2. How do you normally pay: Other debt repayments - On credit / on tab /on book
120,F1,Microdata,V2140,p2_10_13,"p2. How do you normally pay: Savings, investments and retirement - On credit /"
120,F1,Microdata,V2141,p2_11_13,p2. How do you normally pay: Insurance premium payments - On credit / on tab /on
120,F1,Microdata,V2142,p2_12_13,"p2. How do you normally pay: Household furnishings,equipment,maintenance - On c"
120,F1,Microdata,V2143,p2_13_13,p2. How do you normally pay: Personal spending - On credit / on tab /on book
120,F1,Microdata,V2144,p2_14_13,"p2. How do you normally pay: Leisure, entertainment and miscellaneous goods and"
120,F1,Microdata,V2145,p2_15_13,p2. How do you normally pay: Farming inputs- On credit / on tab /on book
120,F1,Microdata,V2146,p2_16_13,p2. How do you normally pay: Business inputs- On credit / on tab /on book
120,F1,Microdata,V2147,p2_01_14,p2. How do you normally pay: Food/drink - Other
120,F1,Microdata,V2148,p2_02_14,"p2. How do you normally pay: Water, Electricity, gas, fuel - Other"
120,F1,Microdata,V2149,p2_03_14,"p2. How do you normally pay: Education (fees, uniform, transport, stationery) -"
120,F1,Microdata,V2150,p2_04_14,p2. How do you normally pay: Transport expense - Other
120,F1,Microdata,V2151,p2_05_14,p2. How do you normally pay: Food/drink - Other
120,F1,Microdata,V2152,p2_06_14,p2. How do you normally pay: Communicationk - Other
120,F1,Microdata,V2153,p2_07_14,"p2. How do you normally pay: Medical, health expenses,pharmacy - Other"
120,F1,Microdata,V2154,p2_08_14,"p2. How do you normally pay: Rental payments and rates, levies - Other"
120,F1,Microdata,V2155,p2_09_14,p2. How do you normally pay: Other debt repayments - Other
120,F1,Microdata,V2156,p2_10_14,"p2. How do you normally pay: Savings, investments and retirement - Other"
120,F1,Microdata,V2157,p2_11_14,p2. How do you normally pay: Insurance premium payments - Other
120,F1,Microdata,V2158,p2_12_14,"p2. How do you normally pay: Household furnishings,equipment,maintenance - Othe"
120,F1,Microdata,V2159,p2_13_14,p2. How do you normally pay: Personal spending - Other
120,F1,Microdata,V2160,p2_14_14,"p2. How do you normally pay: Leisure, entertainment and miscellaneous goods and"
120,F1,Microdata,V2161,p2_15_14,p2. How do you normally pay: Farming inputs- Other
120,F1,Microdata,V2162,p2_16_14,p2. How do you normally pay: Business inputs- Other
120,F1,Microdata,V2163,p2_01_15,p2. How do you normally pay: Food/drink - Don't know
120,F1,Microdata,V2164,p2_02_15,"p2. How do you normally pay: Water, Electricity, gas, fuel- Don't know"
120,F1,Microdata,V2165,p2_03_15,"p2. How do you normally pay: Education (fees, uniform, transport, stationery) -"
120,F1,Microdata,V2166,p2_04_15,p2. How do you normally pay: Transport expense - Don't know
120,F1,Microdata,V2167,p2_05_15,p2. How do you normally pay: Food/drink - Don't know
120,F1,Microdata,V2168,p2_06_15,p2. How do you normally pay: Communication - Don't know
120,F1,Microdata,V2169,p2_07_15,"p2. How do you normally pay: Medical, health expenses,pharmacy - Don't know"
120,F1,Microdata,V2170,p2_08_15,"p2. How do you normally pay: Rental payments and rates, levies - Don't know"
120,F1,Microdata,V2171,p2_09_15,p2. HHow do you normally pay: Other debt repayments - Don't know
120,F1,Microdata,V2172,p2_10_15,"p2. How do you normally pay: Savings, investments and retirement - Don't know"
120,F1,Microdata,V2173,p2_11_15,p2. How do you normally pay: Insurance premium payments - Don't know
120,F1,Microdata,V2174,p2_12_15,"p2. How do you normally pay: Household furnishings,equipment,maintenance - Don'"
120,F1,Microdata,V2175,p2_13_15,p2. How do you normally pay: Personal spending - Don't know
120,F1,Microdata,V2176,p2_14_15,"p2. How do you normally pay: Leisure, entertainment and miscellaneous goods and"
120,F1,Microdata,V2177,p2_15_15,p2. How do you normally pay: Farming inputs- Don't know
120,F1,Microdata,V2178,p2_16_15,p2. How do you normally pay: Business inputs- Don't know
120,F1,Microdata,V2179,p3,p3. which payment methods do you most prefer to use when making payments?
120,F1,Microdata,V2180,p3_01,p3_01. MOST PREFER/Food and drink and other groceries
120,F1,Microdata,V2181,p3_02,"p3_02. MOST PREFER/Water Electricity, paraffin, gas and other fuel"
120,F1,Microdata,V2182,p3_03,p3_03. MOST PREFER/Education
120,F1,Microdata,V2183,p3_04,p3_04. MOST PREFER/Transport expenses
120,F1,Microdata,V2184,p3_05,"p3_05. MOST PREFER/Bond or home loan, credit card, car financing"
120,F1,Microdata,V2185,p3_06,p3_06. MOST PREFER/Communication
120,F1,Microdata,V2186,p3_07,"p3_07. MOST PREFER/Medical, health expenses, doctors' fees, pharmacy/chemist med"
120,F1,Microdata,V2187,p3_08,"p3_08. MOST PREFER/Rental payments and rates, levies"
120,F1,Microdata,V2188,p3_09,p3_09. MOST PREFER/Other debt repayments
120,F1,Microdata,V2189,p3_10,"p3_10. MOST PREFER/Savings, investments and retirement"
120,F1,Microdata,V2190,p3_11,p3_11. MOST PREFER/Insurance premium payments
120,F1,Microdata,V2191,p3_12,"p3_12. MOST PREFER/Household furnishings, equipment and routine household mainte"
120,F1,Microdata,V2192,p3_13,p3_13. MOST PREFER/Personal spending
120,F1,Microdata,V2193,p3_14,"p3_14. MOST PREFER/Leisure, entertainment and miscellaneous goods and services"
120,F1,Microdata,V2194,p3_15,p3_15. MOST PREFER/Farming inputs
120,F1,Microdata,V2195,p3_16,p3_16. MOST PREFER/Business inputs
120,F1,Microdata,V2196,p4_01,P4. Why do you prefer using [Pipe in from P3] when making payments?
120,F1,Microdata,V2197,p4_01_1,p4_01_1: Food and drink: Convenience
120,F1,Microdata,V2198,p4_01_2,p4_01_1: Food and drink: Cost effective to use
120,F1,Microdata,V2199,p4_01_3,p4_01_1: Food and drink: Most merchants accept it
120,F1,Microdata,V2200,p4_01_4,p4_01_1: Food and drink: Easy to use
120,F1,Microdata,V2201,p4_01_5,p4_01_1: Food and drink: Safe and secure method of payment
120,F1,Microdata,V2202,p4_01_6,p4_01_1: Food and drink: Availability
120,F1,Microdata,V2203,p4_01_7,p4_01_1: Food and drink: Get Rewards/incentives/loyalty points
120,F1,Microdata,V2204,p4_01_8,p4_01_1: Food and drink: Other
120,F1,Microdata,V2205,p4_02,P4. Why do you prefer using [Pipe in from P3] when making payments?
120,F1,Microdata,V2206,p4_02_1,"p4_02_1: Water/Electricity, paraffin, gas and other fuel: Convenience"
120,F1,Microdata,V2207,p4_02_2,"p4_02_2: Water/Electricity, paraffin, gas and other fuel: Cost effective to use"
120,F1,Microdata,V2208,p4_02_3,"p4_02_3: Water/Electricity, paraffin, gas and other fuel: Most merchants accept"
120,F1,Microdata,V2209,p4_02_4,"p4_02_4: Water/Electricity, paraffin, gas and other fuel: Easy to use"
120,F1,Microdata,V2210,p4_02_5,"p4_02_5: Water/Electricity, paraffin, gas and other fuel: Safe and secure method"
120,F1,Microdata,V2211,p4_02_6,"p4_02_6: Water/Electricity, paraffin, gas and other fuel: Availability"
120,F1,Microdata,V2212,p4_02_7,"p4_02_7: Water/Electricity, paraffin, gas and other fuel: Get Rewards/incentives"
120,F1,Microdata,V2213,p4_02_8,"p4_02_8: Water/Electricity, paraffin, gas and other fuel: Other"
120,F1,Microdata,V2214,p4_03,P4. Why do you prefer using [Pipe in from P3] when making payments?
120,F1,Microdata,V2215,p4_03_1,p4_03_1: Education: Convenience
120,F1,Microdata,V2216,p4_03_2,p4_03_2: Education: Cost effective to use
120,F1,Microdata,V2217,p4_03_3,p4_03_3: Education: Most merchants accept it
120,F1,Microdata,V2218,p4_03_4,p4_03_4: Education: Easy to use
120,F1,Microdata,V2219,p4_03_5,p4_03_5: Education: Safe and secure method of payment
120,F1,Microdata,V2220,p4_03_6,p4_03_6: Education: Availability
120,F1,Microdata,V2221,p4_03_7,p4_03_7: Education: Get Rewards/incentives/loyalty points
120,F1,Microdata,V2222,p4_03_8,p4_03_8: Education: Other
120,F1,Microdata,V2223,p4_04,P4. Why do you prefer using [Pipe in from P3] when making payments?
120,F1,Microdata,V2224,p4_04_1,p4_04_1: Transport expenses: Convenience
120,F1,Microdata,V2225,p4_04_2,p4_04_2: Transport expenses: Cost effective to use
120,F1,Microdata,V2226,p4_04_3,p4_04_3: Transport expenses: Most merchants accept it
120,F1,Microdata,V2227,p4_04_4,p4_04_4: Transport expenses: Easy to use
120,F1,Microdata,V2228,p4_04_5,p4_04_5: Transport expenses: Safe and secure method of payment
120,F1,Microdata,V2229,p4_04_6,p4_04_6: Transport expenses: Availability
120,F1,Microdata,V2230,p4_04_7,p4_04_7: Transport expenses: Get Rewards/incentives/loyalty points
120,F1,Microdata,V2231,p4_04_8,p4_04_8: Transport expenses: Other
120,F1,Microdata,V2232,p4_05,P4. Why do you prefer using [Pipe in from P3] when making payments?
120,F1,Microdata,V2233,p4_05_1,"p4_05_1: Bond or home loan, credit card, car financing: Convenience"
120,F1,Microdata,V2234,p4_05_2,"p4_05_2: Bond or home loan, credit card, car financing: Cost effective to use"
120,F1,Microdata,V2235,p4_05_3,"p4_05_3: Bond or home loan, credit card, car financing: Most merchants accept it"
120,F1,Microdata,V2236,p4_05_4,"p4_05_4: Bond or home loan, credit card, car financing: Easy to use"
120,F1,Microdata,V2237,p4_05_5,"p4_05_5: Bond or home loan, credit card, car financing: Safe and secure method o"
120,F1,Microdata,V2238,p4_05_6,"p4_05_6: Bond or home loan, credit card, car financing: Availability"
120,F1,Microdata,V2239,p4_05_7,"p4_05_7: Bond or home loan, credit card, car financing: Get Rewards/incentives/l"
120,F1,Microdata,V2240,p4_05_8,"p4_05_8: Bond or home loan, credit card, car financing: Other"
120,F1,Microdata,V2241,p4_06,P4. Why do you prefer using [Pipe in from P3] when making payments?
120,F1,Microdata,V2242,p4_06_1,p4_06_1: Communication: Convenience
120,F1,Microdata,V2243,p4_06_2,p4_06_2: Communication: Cost effective to use
120,F1,Microdata,V2244,p4_06_3,p4_06_3: Communication: Most merchants accept it
120,F1,Microdata,V2245,p4_06_4,p4_06_4: Communication: Easy to use
120,F1,Microdata,V2246,p4_06_5,p4_06_5: Communication: Safe and secure method of payment
120,F1,Microdata,V2247,p4_06_6,p4_06_6: Communication: Availability
120,F1,Microdata,V2248,p4_06_7,p4_06_7: Communication: Get Rewards/incentives/loyalty points
120,F1,Microdata,V2249,p4_06_8,p4_06_8: Communication: Other
120,F1,Microdata,V2250,p4_07,P4. Why do you prefer using [Pipe in from P3] when making payments?
120,F1,Microdata,V2251,p4_07_1,p4_07_1: Medical: Convenience
120,F1,Microdata,V2252,p4_07_2,p4_07_2: Medical: Cost effective to use
120,F1,Microdata,V2253,p4_07_3,p4_07_3: Medical: Most merchants accept it
120,F1,Microdata,V2254,p4_07_4,p4_07_4: Medical: Easy to use
120,F1,Microdata,V2255,p4_07_5,p4_07_5: Medical: Safe and secure method of payment
120,F1,Microdata,V2256,p4_07_6,p4_07_6: Medical: Availability
120,F1,Microdata,V2257,p4_07_7,p4_07_7: Medical: Get Rewards/incentives/loyalty points
120,F1,Microdata,V2258,p4_07_8,p4_07_8: Medical: Other
120,F1,Microdata,V2259,p4_08,P4. Why do you prefer using [Pipe in from P3] when making payments?
120,F1,Microdata,V2260,p4_08_1,"p4_08_1: Rental payments and rates, levies: Convenience"
120,F1,Microdata,V2261,p4_08_2,"p4_08_2: Rental payments and rates, levies: Cost effective to use"
120,F1,Microdata,V2262,p4_08_3,"p4_08_3: Rental payments and rates, levies: Most merchants accept it"
120,F1,Microdata,V2263,p4_08_4,"p4_08_4: Rental payments and rates, levies: Easy to use"
120,F1,Microdata,V2264,p4_08_5,"p4_08_5: Rental payments and rates, levies: Safe and secure method of payment"
120,F1,Microdata,V2265,p4_08_6,"p4_08_6: Rental payments and rates, levies: Availability"
120,F1,Microdata,V2266,p4_08_7,"p4_08_7: Rental payments and rates, levies: Get Rewards/incentives/loyalty point"
120,F1,Microdata,V2267,p4_08_8,"p4_08_8: Rental payments and rates, levies: Other"
120,F1,Microdata,V2268,p4_09,P4. Why do you prefer using [Pipe in from P3] when making payments?
120,F1,Microdata,V2269,p4_09_1,p4_09_1: Other debt repayments: Convenience
120,F1,Microdata,V2270,p4_09_2,p4_09_2: Other debt repayments: Cost effective to use
120,F1,Microdata,V2271,p4_09_3,p4_09_3: Other debt repayments: Most merchants accept it
120,F1,Microdata,V2272,p4_09_4,p4_09_4: Other debt repayments: Easy to use
120,F1,Microdata,V2273,p4_09_5,p4_09_5: Other debt repayments: Safe and secure method of payment
120,F1,Microdata,V2274,p4_09_6,p4_09_6: Other debt repayments: Availability
120,F1,Microdata,V2275,p4_09_7,p4_09_7: Other debt repayments: Get Rewards/incentives/loyalty points
120,F1,Microdata,V2276,p4_09_8,p4_09_8: Other debt repayments: Other
120,F1,Microdata,V2277,p4_10,P4. Why do you prefer using [Pipe in from P3] when making payments?
120,F1,Microdata,V2278,p4_10_1,"p4_10_1: Savings, investments and retirement: Convenience"
120,F1,Microdata,V2279,p4_10_2,"p4_10_2: Savings, investments and retirement: Cost effective to use"
120,F1,Microdata,V2280,p4_10_3,"p4_10_3: Savings, investments and retirement: Most merchants accept it"
120,F1,Microdata,V2281,p4_10_4,"p4_10_4: Savings, investments and retirement: Easy to use"
120,F1,Microdata,V2282,p4_10_5,"p4_10_5: Savings, investments and retirement: Safe and secure method of payment"
120,F1,Microdata,V2283,p4_10_6,"p4_10_6: Savings, investments and retirement: Availability"
120,F1,Microdata,V2284,p4_10_7,"p4_10_7: Savings, investments and retirement: Get Rewards/incentives/loyalty poi"
120,F1,Microdata,V2285,p4_10_8,"p4_10_8: Savings, investments and retirement: Other"
120,F1,Microdata,V2286,p4_11,P4. Why do you prefer using [Pipe in from P3] when making payments?
120,F1,Microdata,V2287,p4_11_1,p4_11_1: Insurance premium payments: Convenience
120,F1,Microdata,V2288,p4_11_2,p4_11_2: Insurance premium payments: Cost effective to use
120,F1,Microdata,V2289,p4_11_3,p4_11_3: Insurance premium payments: Most merchants accept it
120,F1,Microdata,V2290,p4_11_4,p4_11_4: Insurance premium payments: Easy to use
120,F1,Microdata,V2291,p4_11_5,p4_11_5: Insurance premium payments: Safe and secure method of payment
120,F1,Microdata,V2292,p4_11_6,p4_11_6: Insurance premium payments: Availability
120,F1,Microdata,V2293,p4_11_7,p4_11_7: Insurance premium payments: Get Rewards/incentives/loyalty points
120,F1,Microdata,V2294,p4_11_8,p4_11_8: Insurance premium payments: Other
120,F1,Microdata,V2295,p4_12,P4. Why do you prefer using [Pipe in from P3] when making payments?
120,F1,Microdata,V2296,p4_12_1,p4_12_1: Household furnishings: Convenience
120,F1,Microdata,V2297,p4_12_2,p4_12_2: Household furnishings: Cost effective to use
120,F1,Microdata,V2298,p4_12_3,p4_12_3: Household furnishings: Most merchants accept it
120,F1,Microdata,V2299,p4_12_4,p4_12_4: Household furnishings: Easy to use
120,F1,Microdata,V2300,p4_12_5,p4_12_5: Household furnishings: Safe and secure method of payment
120,F1,Microdata,V2301,p4_12_6,p4_12_6: Household furnishings: Availability
120,F1,Microdata,V2302,p4_12_7,p4_12_7: Household furnishings: Get Rewards/incentives/loyalty points
120,F1,Microdata,V2303,p4_12_8,p4_12_8: Household furnishings: Other
120,F1,Microdata,V2304,p4_13,P4. Why do you prefer using [Pipe in from P3] when making payments?
120,F1,Microdata,V2305,p4_13_1,p4_13_1: Personal spending: Convenience
120,F1,Microdata,V2306,p4_13_2,p4_13_2: Personal spending: Cost effective to use
120,F1,Microdata,V2307,p4_13_3,p4_13_3: Personal spending: Most merchants accept it
120,F1,Microdata,V2308,p4_13_4,p4_13_4: Personal spending: Easy to use
120,F1,Microdata,V2309,p4_13_5,p4_13_5: Personal spending: Safe and secure method of payment
120,F1,Microdata,V2310,p4_13_6,p4_13_6: Personal spending: Availability
120,F1,Microdata,V2311,p4_13_7,p4_13_7: Personal spending: Get Rewards/incentives/loyalty points
120,F1,Microdata,V2312,p4_13_8,p4_13_8: Personal spending: Other
120,F1,Microdata,V2313,p4_14,P4. Why do you prefer using [Pipe in from P3] when making payments?
120,F1,Microdata,V2314,p4_14_1,"p4_14_1: Leisure, entertainment and miscellaneous goods and services: Convenienc"
120,F1,Microdata,V2315,p4_14_2,"p4_14_2: Leisure, entertainment and miscellaneous goods and services: Cost effec"
120,F1,Microdata,V2316,p4_14_3,"p4_14_3: Leisure, entertainment and miscellaneous goods and services: Most merch"
120,F1,Microdata,V2317,p4_14_4,"p4_14_4: Leisure, entertainment and miscellaneous goods and services: Easy to us"
120,F1,Microdata,V2318,p4_14_5,"p4_14_5: Leisure, entertainment and miscellaneous goods and services: Safe and s"
120,F1,Microdata,V2319,p4_14_6,"p4_14_6: Leisure, entertainment and miscellaneous goods and services: Availabili"
120,F1,Microdata,V2320,p4_14_7,"p4_14_7: Leisure, entertainment and miscellaneous goods and services: Get Reward"
120,F1,Microdata,V2321,p4_14_8,"p4_14_8: Leisure, entertainment and miscellaneous goods and services: Other"
120,F1,Microdata,V2322,p4_15,P4. Why do you prefer using [Pipe in from P3] when making payments?
120,F1,Microdata,V2323,p4_15_1,p4_15_1: Farming inputs: Convenience
120,F1,Microdata,V2324,p4_15_2,p4_15_2: Farming inputs: Cost effective to use
120,F1,Microdata,V2325,p4_15_3,p4_15_3: Farming inputs: Most merchants accept it
120,F1,Microdata,V2326,p4_15_4,p4_15_4: Farming inputs: Easy to use
120,F1,Microdata,V2327,p4_15_5,p4_15_5: Farming inputs: Safe and secure method of payment
120,F1,Microdata,V2328,p4_15_6,p4_15_6: Farming inputs: Availability
120,F1,Microdata,V2329,p4_15_7,p4_15_7: Farming inputs: Get Rewards/incentives/loyalty points
120,F1,Microdata,V2330,p4_15_8,p4_15_8: Farming inputs: Other
120,F1,Microdata,V2331,p4_16,P4. Why do you prefer using [Pipe in from P3] when making payments?
120,F1,Microdata,V2332,p4_16_1,p4_16_1: Business inputs: Convenience
120,F1,Microdata,V2333,p4_16_2,p4_16_2: Business inputs: Cost effective to use
120,F1,Microdata,V2334,p4_16_3,p4_16_3: Business inputs: Most merchants accept it
120,F1,Microdata,V2335,p4_16_4,p4_16_4: Business inputs: Easy to use
120,F1,Microdata,V2336,p4_16_5,p4_16_5: Business inputs: Safe and secure method of payment
120,F1,Microdata,V2337,p4_16_6,p4_16_6: Business inputs: Availability
120,F1,Microdata,V2338,p4_16_7,p4_16_7: Business inputs: Get Rewards/incentives/loyalty points
120,F1,Microdata,V2339,p4_16_8,p4_16_8: Business inputs: Other
120,F1,Microdata,V2340,p5,P5. What are your primary concerns when using digital payment methods?
120,F1,Microdata,V2341,p5_1,p5_1. Security
120,F1,Microdata,V2342,p5_2,p5_2. Privacy
120,F1,Microdata,V2343,p5_3,p5_3. Transaction Fees
120,F1,Microdata,V2344,p5_4,p5_4. Accessibilit
120,F1,Microdata,V2345,p5_5,p5_5. Ease of use and convenience
120,F1,Microdata,V2346,p5_6,p5_6. Availability
120,F1,Microdata,V2347,p5_7,p5_7. Get Rewards/incentives/loyalty points
120,F1,Microdata,V2348,p5_8,p5_8. No concerns
120,F1,Microdata,V2349,p5_9,"p5_9. Other, specify"
120,F1,Microdata,V2350,c1,C1. Who is the head of this household?
120,F1,Microdata,V2351,c1a,C1a. How old is the head of the household?
120,F1,Microdata,V2352,c1b,C1b. Is the head of the household male/female?
120,F1,Microdata,V2353,c1c,C1c. Highest level of education completed by the head of the household?
120,F1,Microdata,V2354,c1d,C1d. Does the head of the household bring money into the household?
120,F1,Microdata,V2355,c1e,C1e. How many people depend on the household income? (Please include individuals
120,F1,Microdata,V2356,c1f,C1f. What is your relationship to the head of the household?
120,F1,Microdata,V2357,c2,C2. How old are you?
120,F1,Microdata,V2358,c4a,C4a. What is the highest level of education you have completed?
120,F1,Microdata,V2359,c4b,C4b. Which of the following applies to you?
120,F1,Microdata,V2360,c4c,C4c. Is there anyone in this household with any disability and/or impairment?
120,F1,Microdata,V2361,c4d,C4d. Do you have any disability and/or impairment?
120,F1,Microdata,V2362,c4e,C4e. Which of the following areas do they or you have difficulties in?
120,F1,Microdata,V2363,c4e_1,c4e_1. Visual Impairment /Seeing
120,F1,Microdata,V2364,c4e_2,c4e_2. Physical impairment
120,F1,Microdata,V2365,c4e_3,c4e_3. Intellectual and psychosocial disability
120,F1,Microdata,V2366,c4e_4,c4e_4. Hearing Impairment
120,F1,Microdata,V2367,c4e_5,c4e_5. Albinism
120,F1,Microdata,V2368,c4e_6,c4e_6. Little people
120,F1,Microdata,V2369,c4e_7,c4e_7. Deaf/blind
120,F1,Microdata,V2370,c4e_8,"c4e_8. Communication - speaking, being understood or holding a conversation"
120,F1,Microdata,V2371,c4e_9,"c4e_9. Movement activity - moving from lying to sit to stand, moving arms / legs"
120,F1,Microdata,V2372,c4e_10,"c4e_10. Intellectual disability / developmental delay - thinking problems, slow"
120,F1,Microdata,V2373,c4e_11,c4e_11. Learning difficulties or cognitive abilities
120,F1,Microdata,V2374,c4e_12,c4e_12. Multi disability
120,F1,Microdata,V2375,c4e_13,c4e_13. Other (Specify)
120,F1,Microdata,V2376,c4e_other_specify,"C4e. Other, specify"
120,F1,Microdata,V2377,c5_1,C5_1. How often have you or your household had to skip a meal because you didn?t
120,F1,Microdata,V2378,c5_2,C5_2. How often have you or your household had to go without medical treatment/m
120,F1,Microdata,V2379,c5_3,C5_3. How often have you or your household not been able to send children to sch
120,F1,Microdata,V2380,c5_4,C5_4. How often have you or your household had to go without cash income and had
120,F1,Microdata,V2381,c6_1,"C6_1. How many rooms does the dwelling have (excluding kitchen, bathroom, toilet"
120,F1,Microdata,V2382,c6_2,C6_2. How many rooms in this dwelling are used for sleeping purposes?
120,F1,Microdata,V2383,c6_3,C6_3. How many people usually sleep in this dwelling 5 nights a week?
120,F1,Microdata,V2384,c7a,C7a. Please tell me which of the following describes your situation best?
120,F1,Microdata,V2385,c7b,C7b. How did you get the dwelling?
120,F1,Microdata,V2386,c7c,C7c. Where did you get financing or how do you plan to finance these improvement
120,F1,Microdata,V2387,c7c_1,c7c_1. Loan from a financial institution
120,F1,Microdata,V2388,c7c_2,c7c_2. Borrow from money lender
120,F1,Microdata,V2389,c7c_3,"c7c_3. Borrow from savings group, tontine"
120,F1,Microdata,V2390,c7c_4,c7c_4. Borrowed from employer
120,F1,Microdata,V2391,c7c_5,c7c_5. Borrow from family or friends
120,F1,Microdata,V2392,c7c_6,c7c_6. Pension pay-out
120,F1,Microdata,V2393,c7c_7,c7c_7. Use my or our savings
120,F1,Microdata,V2394,c7c_8,c7c_8. Other specify
120,F1,Microdata,V2395,c7d,C7d. What are the two major sources where you got most of the money from to buy
120,F1,Microdata,V2396,c7e,C7e. What challenges have you encountered when trying to access finance for buyi
120,F1,Microdata,V2397,c7e_1,c7e_1. Insufficient income to qualify for a mortgage or loan
120,F1,Microdata,V2398,c7e_2,c7e_2. Poor credit history or low credit score
120,F1,Microdata,V2399,c7e_3,c7e_3. High interest rates on housing loans
120,F1,Microdata,V2400,c7e_4,c7e_4. Lack of collateral or assets to secure a loan
120,F1,Microdata,V2401,c7e_5,c7e_5. Lengthy and complex loan application processes
120,F1,Microdata,V2402,c7e_6,c7e_6. Limited availability of affordable housing loans
120,F1,Microdata,V2403,c7e_7,c7e_7. Difficulty in meeting down payment requirements
120,F1,Microdata,V2404,c7e_8,c7e_8. Uncertainty about eligibility for government housing assistance programs
120,F1,Microdata,V2405,c7e_9,c7e_9. Limited access to information about available housing finance options
120,F1,Microdata,V2406,c7e_10,c7e_10. Inadequate savings for renovation or down payment
120,F1,Microdata,V2407,c7e_11,c7e_11. Legal and regulatory barriers related to property ownership and financin
120,F1,Microdata,V2408,c7e_12,c7e_12. Limited availability of affordable housing in desired locations
120,F1,Microdata,V2409,c7e_13,c7e_13. Concerns about potential hidden costs associated with home ownership
120,F1,Microdata,V2410,c7e_14,c7e_14. Fear of housing market fluctuations affecting loan repayment
120,F1,Microdata,V2411,c7e_15,c7e_15. Difficulty in finding reputable lenders or financial institutions
120,F1,Microdata,V2412,c7e_16,c7e_16. Poor credit history or low credit score
120,F1,Microdata,V2413,c7e_17,c7e_17. None
120,F1,Microdata,V2414,c7e_18,c7e_18. Other (Specify)
120,F1,Microdata,V2415,c8a,C8a. Do you owe money on the dwelling?
120,F1,Microdata,V2416,c8b,C8b. Do you have a title deed for the land/plot where your dwelling is?
120,F1,Microdata,V2417,c8c,C8c. Do you own other dwellings?
120,F1,Microdata,V2418,c8d_1,c8d_1. You will never move and will probably spend your whole life in this dwell
120,F1,Microdata,V2419,c8d_2,c8d_2. Your dwelling is something to keep and never sell.
120,F1,Microdata,V2420,c8d_3,c8d_3. You plan to sell this dwelling and buy a different one
120,F1,Microdata,V2421,c8d_4,c8d_4. You plan to move out of this dwelling and move to another one
120,F1,Microdata,V2422,c8d_5,"c8d_5. If you needed a large sum of money, you would sell your dwelling."
120,F1,Microdata,V2423,c8d_6,c8d_6. You would use your dwelling as security when borrowingmoney.
120,F1,Microdata,V2424,c8d_7,c8d_7. You think of your dwelling as an investment that will increase in value o
120,F1,Microdata,V2425,c8d_8,c8d_8. Your dwelling is an asset you can use to earn money
120,F1,Microdata,V2426,c8d_9,c8d_9. You have enlarged or plan to enlarge your dwelling.
120,F1,Microdata,V2427,c8e,C8e. Where did you get financing or how do you plan to finance these improvement
120,F1,Microdata,V2428,c8e_1,c8e_1. Loan from a financial institution
120,F1,Microdata,V2429,c8e_2,c8e_2. Borrow from money lender
120,F1,Microdata,V2430,c8e_3,"c8e_3. Borrow from savings group, tontine"
120,F1,Microdata,V2431,c8e_4,c8e_4. Borrowed from employer
120,F1,Microdata,V2432,c8e_5,c8e_5. Borrow from family or friends
120,F1,Microdata,V2433,c8e_6,c8e_6. Pension pay-out
120,F1,Microdata,V2434,c8e_7,c8e_7. Use my or our savings
120,F1,Microdata,V2435,c8e_8,c8e_8. Do not know
120,F1,Microdata,V2436,c8e_9,c8e_9. Other (Specify)
120,F1,Microdata,V2437,c9,C9. What is the main source of drinking water for household members?
120,F1,Microdata,V2438,c10a,C10a. Does your house have a toilet that is used by people who live in the house
120,F1,Microdata,V2439,c10b,C10b. What type of toilet facility is mostly used by the members of your househo
120,F1,Microdata,V2440,c11a,C11a. What is the main source of energy that your household uses for cooking?
120,F1,Microdata,V2441,c11b,C11b. What is the main source of lighting in your home?
120,F1,Microdata,V2442,c11b_other_specify,"C11b. Other, specify"
120,F1,Microdata,V2443,c12_01,"c12_01. Does you or your household own-Hoe, Axe, Sickle/Machete"
120,F1,Microdata,V2444,c12_02,c12_01. Does you or your household own-Wheelbarrow
120,F1,Microdata,V2445,c12_03,c12_01. Does you or your household own-Plough/Ox Plough
120,F1,Microdata,V2446,c12_04,c12_01. Does you or your household own-Ox/donkey cart
120,F1,Microdata,V2447,c12_05,c12_01. Does you or your household own-Processing equipment (grinding mill/ oil
120,F1,Microdata,V2448,c12_06,c12_01. Does you or your household own-Radio
120,F1,Microdata,V2449,c12_07,c12_01. Does you or your household own-Tape/CD player
120,F1,Microdata,V2450,c12_08,c12_01. Does you or your household own-Television
120,F1,Microdata,V2451,c12_09,c12_01. Does you or your household own-Bicycle
120,F1,Microdata,V2452,c12_10,c12_01. Does you or your household own-Fishing boat/canoe
120,F1,Microdata,V2453,c12_11,c12_01. Does you or your household own-Fishing net
120,F1,Microdata,V2454,c12_12,c12_01. Does you or your household own-Lounge suit/Sofa
120,F1,Microdata,V2455,c12_13,c12_01. Does you or your household own-Bed(s)
120,F1,Microdata,V2456,c12_14,c12_01. Does you or your household own-Sewing machine
120,F1,Microdata,V2457,c12_15,c12_01. Does you or your household own-Wardrobe
120,F1,Microdata,V2458,c12_16,c12_01. Does you or your household own-Motorized Vehicle of any kind
120,F1,Microdata,V2459,c13a,C13a. Can you please tell me in which Ubudehe category your household falls?
120,F1,Microdata,V2460,c13b,C13b. Has the category your household is in changed in the past 2 years?
120,F1,Microdata,V2461,c13c,C13c. In what category did your household fall before it changed?
120,F1,Microdata,V2462,c13d,C13d. Has your household received a direct cash transfer from VUP in the past 12
120,F1,Microdata,V2463,c14_1,C14.1 Do you have access to a Cell phone
120,F1,Microdata,V2464,c14_2,C14.2 Do you/does your household own cell phone?
120,F1,Microdata,V2465,c14_3,C14.3 Do you have access to the Computer?
120,F1,Microdata,V2466,c14_4,C14.4 Do you/does your household own?
120,F1,Microdata,V2467,c14_5,C14.5 Do you have access to internet?
120,F1,Microdata,V2468,c14_6,C14.6 Do you/does your household own?
120,F1,Microdata,V2469,d1b1,D1b1. How long would it take you to get to your nearest Market?
120,F1,Microdata,V2470,d1c1,D1c1. What is the main mode of transport do you use to get to your nearest Marke
120,F1,Microdata,V2471,d1b2,D1b2. How long would it take you to get to your nearest Cell office?
120,F1,Microdata,V2472,d1c2,D1c2. What is the main mode of transport do you use to get to your nearest Cell
120,F1,Microdata,V2473,d1a3,D1a3. What is the distance from here to the nearest Sector office?
120,F1,Microdata,V2474,d1b3,D1b3. How long would it take you to get to your nearest Sector office?
120,F1,Microdata,V2475,d1c3,D1c3. What is the main mode of transport do you use to get to your nearest Secto
120,F1,Microdata,V2476,d1b4,D1b4. How long would it take you to get to your nearest Primary/Secondary school
120,F1,Microdata,V2477,d1c4,D1c4. What is the main mode of transport do you use to get to your nearest Prima
120,F1,Microdata,V2478,d1b5,D1b5. How long would it take you to get to your nearest Health care facility?
120,F1,Microdata,V2479,d1c5,D1c5. What is the main mode of transport do you use to get to your nearest Healt
120,F1,Microdata,V2480,d1a7,D1a7. What is the distance from here to the nearest Umurenge SACCO?
120,F1,Microdata,V2481,d1b7,D1b7. How long would it take you to get to your nearest Umurenge SACCO?
120,F1,Microdata,V2482,d1c7,D1c7. What is the main mode of transport do you use to get to your nearest Umure
120,F1,Microdata,V2483,d1a8,D1a8. What is the distance from here to the nearest Non-Umurenge SACCO/MFI?
120,F1,Microdata,V2484,d1b8,D1b8. How long would it take you to get to your nearest Non-Umurenge SACCO/MFI?
120,F1,Microdata,V2485,d1c8,D1c8. What is the main mode of transport do you use to get to your nearest Non-U
120,F1,Microdata,V2486,d1a10,D1a10. What is the distance from here to the nearest Bank branch?
120,F1,Microdata,V2487,d1b10,D1b10. How long would it take you to get to your nearest I Bank branch?
120,F1,Microdata,V2488,d1c10,D1c10. What is the main mode of transport do you use to get to your nearest Bank
120,F1,Microdata,V2489,d1a11,D1a11. What is the distance from here to the nearest ATM?
120,F1,Microdata,V2490,d1b11,D1b11. How long would it take you to get to your nearest ATM?
120,F1,Microdata,V2491,d1c11,D1c11. What is the main mode of transport do you use to get to your nearest ATM?
120,F1,Microdata,V2492,d1a13,D1a13. What is the distance from here to the nearest Bank agent?
120,F1,Microdata,V2493,d1b13,D1b13. How long would it take you to get to your nearest Mobile van?
120,F1,Microdata,V2494,d1c13,D1c13. What is the main mode of transport do you use to get to your nearest Bank
120,F1,Microdata,V2495,d1a14,D1a14. What is the distance from here to the nearest Mobile money agent?
120,F1,Microdata,V2496,d1b14,D1b14. How long would it take you to get to your nearest Mobile money agent?
120,F1,Microdata,V2497,d1c14,D1c14. What is the main mode of transport do you use to get to your nearest Mobi
120,F1,Microdata,V2498,d1a15,D1a15. How long would it take you to get to your nearest Insurance branch?
120,F1,Microdata,V2499,d1b15,D1b15. What is the distance from here to the nearest Insurance branch?
120,F1,Microdata,V2500,d1c15,D1c15. What is the main mode of transport do you use to get to your nearest Insu
